isin,name,macro,sector,industry,basic_industry,pe,source,updated
INE454F01010,,Consumer Discretionary,"Media, Entertainment & Publication",Entertainment,Digital Entertainment,,bse,2026-10-02T02:14:51
INE911Z01025,,Commodities,Chemicals,Chemicals & Petrochemicals,Trading - Chemicals,25.96,bse,2026-10-02T02:14:51
INE777X01017,,Consumer Discretionary,Textiles,Textiles & Apparels,Other Textile Products,,bse,2026-10-02T02:14:51
INE132201018,,Industrials,Capital Goods,Electrical Equipment,Heavy Electrical Equipment,,bse,2026-10-02T02:14:51
INE023R01018,,Consumer Discretionary,Consumer Services,Retailing,Distributors,367.26,bse,2026-10-02T02:14:51
INE849B01010,,Information Technology,Information Technology,IT - Software,Software Products,47.5,bse,2026-10-02T02:14:51
INE0T3401029,,Fast Moving Consumer Goods,Fast Moving Consumer Goods,Agricultural Food & other Products,Other Agricultural Products,,bse,2026-10-02T02:14:51
INE0XLO01010,,Industrials,Capital Goods,Industrial Manufacturing,Industrial Products,,bse,2026-10-02T02:14:51
INE1SME01017,,Fast Moving Consumer Goods,Fast Moving Consumer Goods,Food Products,Other Food Products,,bse,2026-10-02T02:14:51
INE0WR901013,,Services,Services,Commercial Services & Supplies,Diversified Commercial Services,,bse,2026-10-02T02:14:51
INE072B01027,,Industrials,Capital Goods,Electrical Equipment,Other Electrical Equipment,2.5,bse,2026-10-02T02:14:51
INE175N01023,,Industrials,Capital Goods,Industrial Products,Iron & Steel Products,-25.7,bse,2026-10-02T02:14:51
INE0OXY01013,,Services,Services,Transport Services,Logistics Solution Provider,,bse,2026-10-02T02:14:51
INE05FR01029,,Consumer Discretionary,Consumer Durables,Consumer Durables,"Gems, Jewellery And Watches",,bse,2026-10-02T02:14:51
INE679E01015,,Fast Moving Consumer Goods,Fast Moving Consumer Goods,Beverages,Breweries & Distilleries,53.02,bse,2026-10-02T02:14:51
INE0XBS01012,,Industrials,Capital Goods,Industrial Manufacturing,Industrial Products,,bse,2026-10-02T02:14:51
INE0P9J01013,,Industrials,Capital Goods,Industrial Products,Castings & Forgings,,bse,2026-10-02T02:14:51
INE0RMA01019,,Commodities,Chemicals,Chemicals & Petrochemicals,Petrochemicals,,bse,2026-10-02T02:14:51
INE0XDX01018,,Industrials,Capital Goods,Industrial Products,Iron & Steel Products,,bse,2026-10-02T02:14:51
INE714B01016,,Commodities,Chemicals,Chemicals & Petrochemicals,Commodity Chemicals,,bse,2026-10-02T02:14:51
INE15XJ01010,,Healthcare,Healthcare,Pharmaceuticals & Biotechnology,Pharmaceuticals,,bse,2026-10-02T02:14:51
INE0DN001027,,Healthcare,Healthcare,Healthcare Services,Hospital,,bse,2026-10-02T02:14:51
INE867C01010,,Information Technology,Information Technology,IT - Software,Computers - Software & Consulting,83.89,bse,2026-10-02T02:14:51
INE226801012,,Consumer Discretionary,Consumer Durables,Consumer Durables,Plastic Products - Consumer,,bse,2026-10-02T02:14:51
INE1IJQ01026,,Consumer Discretionary,Consumer Durables,Consumer Durables,Plastic Products - Consumer,,bse,2026-10-02T02:14:51
INE788D01016,,Information Technology,Information Technology,IT - Hardware,Computers Hardware & Equipments,116.07,bse,2026-10-02T02:14:51
INE13VU01016,,Commodities,Chemicals,Chemicals & Petrochemicals,Explosives,,bse,2026-10-02T02:14:51
INE363L01045,,Industrials,Capital Goods,Industrial Products,"Aluminium, Copper & Zinc Products",-17.57,bse,2026-10-02T02:14:51
INE893C01032,,Information Technology,Information Technology,IT - Hardware,Computers Hardware & Equipments,,bse,2026-10-02T02:14:51
INE341Z01025,,Consumer Discretionary,Consumer Services,Retailing,Speciality Retail,,bse,2026-10-02T02:14:51
INE0OJ401014,,Consumer Discretionary,Textiles,Textiles & Apparels,Garments & Apparels,,bse,2026-10-02T02:14:51
INE374E01021,,Industrials,Capital Goods,Industrial Products,Iron & Steel Products,6.54,bse,2026-10-02T02:14:51
INE0Q8P01029,,Telecommunication,Telecommunication,Telecom - Services,Telecom - Infrastructure,9.42,bse,2026-10-02T02:14:51
INE00ST01011,,Industrials,Construction,Construction,Civil Construction,,bse,2026-10-02T02:14:51
INE968E01012,,Services,Services,Commercial Services & Supplies,Diversified Commercial Services,,bse,2026-10-02T02:14:51
INE0NJ001013,,Industrials,Capital Goods,Aerospace & Defense,Aerospace & Defense,,bse,2026-10-02T02:14:51
INE0VWL01017,,Fast Moving Consumer Goods,Fast Moving Consumer Goods,Food Products,Other Food Products,,bse,2026-10-02T02:14:51
INE052V01019,,Fast Moving Consumer Goods,Fast Moving Consumer Goods,Agricultural Food & other Products,Edible Oil,6.15,bse,2026-10-02T02:14:51
INE0N0J01014,,Industrials,Capital Goods,Industrial Manufacturing,Industrial Products,,bse,2026-10-02T02:14:51
INE105D01013,,Commodities,Chemicals,Chemicals & Petrochemicals,Specialty Chemicals,,bse,2026-10-02T02:14:51
INE0ORA01015,,Industrials,Capital Goods,Industrial Products,Iron & Steel Products,,bse,2026-10-02T02:14:51
INE0CQB01010,,Industrials,Capital Goods,Industrial Manufacturing,Industrial Products,,bse,2026-10-02T02:14:51
INE293E01031,,Industrials,Capital Goods,Industrial Products,Packaging,,bse,2026-10-02T02:14:51
INE0TL001013,,Industrials,Capital Goods,Industrial Manufacturing,Industrial Products,,bse,2026-10-02T02:14:51
INE183Q01020,,Financial Services,Financial Services,Finance,Non Banking Financial Company (NBFC),,bse,2026-10-02T02:14:51
INE2K6801014,,Consumer Discretionary,Consumer Services,Leisure Services,Amusement Parks/ Other Recreation,,bse,2026-10-02T02:14:51
INE0H8H01019,,Consumer Discretionary,Consumer Durables,Consumer Durables,Consumer Electronics,,bse,2026-10-02T02:14:51
INE310B01013,,Industrials,Capital Goods,Industrial Manufacturing,Industrial Products,,bse,2026-10-02T02:14:51
INE0TGG01014,,Industrials,Construction,Construction,Civil Construction,,bse,2026-10-02T02:14:51
INE2KRP01017,,Commodities,Chemicals,Chemicals & Petrochemicals,Specialty Chemicals,,bse,2026-10-02T02:14:51
INE1HX301016,,Industrials,Capital Goods,Industrial Products,Packaging,,bse,2026-10-02T02:14:51
INE1OOT01028,,Industrials,Capital Goods,Aerospace & Defense,Aerospace & Defense,,bse,2026-10-02T02:14:51
INE872E01016,,Industrials,Capital Goods,Electrical Equipment,Other Electrical Equipment,,bse,2026-10-02T02:14:51
INE030Q01015,,Financial Services,Financial Services,Finance,Non Banking Financial Company (NBFC),17.01,bse,2026-10-02T02:14:51
INE0SDC01012,,Consumer Discretionary,Automobile and Auto Components,Auto Components,Auto Components & Equipments,,bse,2026-10-02T02:14:51
INE23ER01017,,Information Technology,Information Technology,IT - Software,Computers - Software & Consulting,,bse,2026-10-02T02:14:51
INE404L01039,,Services,Services,Commercial Services & Supplies,Diversified Commercial Services,,bse,2026-10-02T02:14:51
INE313M01030,,Commodities,Chemicals,Chemicals & Petrochemicals,Trading - Chemicals,135.06,bse,2026-10-02T02:14:51
INE1E4401010,,Information Technology,Information Technology,IT - Services,IT Enabled Services,23.92,bse,2026-10-02T02:14:51
INE0O8901016,,Consumer Discretionary,Consumer Services,Other Consumer Services,Other Consumer Services,,bse,2026-10-02T02:14:51
INE0HSD01011,,Industrials,Capital Goods,Industrial Manufacturing,Industrial Products,,bse,2026-10-02T02:14:51
INE518A01013,,Consumer Discretionary,Consumer Durables,Consumer Durables,Household Appliances,17.6,bse,2026-10-02T02:14:51
INE599F01020,,Industrials,Capital Goods,Industrial Products,Electrodes & Refractories,,bse,2026-10-02T02:14:51
INE1D0M01019,,Industrials,Capital Goods,Industrial Manufacturing,Industrial Products,,bse,2026-10-02T02:14:51
INE194E01015,,Industrials,Capital Goods,Industrial Products,Iron & Steel Products,9.66,bse,2026-10-02T02:14:51
INE0NT601018,,Consumer Discretionary,Consumer Durables,Consumer Durables,"Gems, Jewellery And Watches",,bse,2026-10-02T02:14:51
INE064H01021,,Industrials,Capital Goods,Electrical Equipment,Other Electrical Equipment,,bse,2026-10-02T02:14:51
INE509C01026,,Healthcare,Healthcare,Pharmaceuticals & Biotechnology,Pharmaceuticals,7.53,bse,2026-10-02T02:14:51
INE0UMC01019,,Industrials,Capital Goods,Industrial Products,Packaging,,bse,2026-10-02T02:14:51
INE0ZOM01013,,Industrials,Construction,Construction,Civil Construction,,bse,2026-10-02T02:14:51
INE0U8P01015,,Industrials,Construction,Construction,Civil Construction,,bse,2026-10-02T02:14:51
INE451S01027,,Services,Services,Commercial Services & Supplies,Trading & Distributors,6.72,bse,2026-10-02T02:14:51
INE1H1501013,,Industrials,Capital Goods,Industrial Manufacturing,Industrial Products,,bse,2026-10-02T02:14:51
INE910R01024,,Industrials,Capital Goods,Industrial Manufacturing,Industrial Products,,bse,2026-10-02T02:14:51
INE659F01022,,Healthcare,Healthcare,Pharmaceuticals & Biotechnology,Pharmaceuticals,,bse,2026-10-02T02:14:51
INE877E01015,,Industrials,Capital Goods,Industrial Products,Castings & Forgings,,bse,2026-10-02T02:14:51
INE1ZGR01024,,Industrials,Capital Goods,Electrical Equipment,Other Electrical Equipment,,bse,2026-10-02T02:14:51
INE783E01023,,Fast Moving Consumer Goods,Fast Moving Consumer Goods,Household Products,Household Products,,bse,2026-10-02T02:14:51
INE705G01021,,Consumer Discretionary,Automobile and Auto Components,Auto Components,Auto Components & Equipments,,bse,2026-10-02T02:14:51
INE1OTR01013,,Healthcare,Healthcare,Pharmaceuticals & Biotechnology,Pharmaceuticals,,bse,2026-10-02T02:14:51
INE048A01011,,Commodities,Chemicals,Chemicals & Petrochemicals,Commodity Chemicals,-28.12,bse,2026-10-02T02:14:51
INE1SEO01013,,Industrials,Capital Goods,Industrial Products,Rubber,,bse,2026-10-02T02:14:51
INE136C01044,,Industrials,Capital Goods,Industrial Products,Packaging,5.74,bse,2026-10-02T02:14:51
INE0GYI01028,,Healthcare,Healthcare,Healthcare Equipment & Supplies,Medical Equipment & Supplies,,bse,2026-10-02T02:14:51
INE164D01010,,Industrials,Capital Goods,Industrial Manufacturing,Industrial Products,,bse,2026-10-02T02:14:51
INE072A01029,,Consumer Discretionary,Realty,Realty,"Residential, Commercial Projects",,bse,2026-10-02T02:14:51
INE0WKY01013,,Industrials,Capital Goods,Electrical Equipment,Other Electrical Equipment,,bse,2026-10-02T02:14:51
INE1YC401018,,Industrials,Construction,Construction,Civil Construction,,bse,2026-10-02T02:14:51
INE1JJF01019,,Industrials,Capital Goods,Industrial Products,Packaging,,bse,2026-10-02T02:14:51
INE870Z01015,,Industrials,Capital Goods,Industrial Manufacturing,Industrial Products,,bse,2026-10-02T02:14:51
INE690J01011,,Commodities,Chemicals,Chemicals & Petrochemicals,Commodity Chemicals,,bse,2026-10-02T02:14:51
INE0O6A01019,,Services,Services,Commercial Services & Supplies,Diversified Commercial Services,,bse,2026-10-02T02:14:51
INE0MSS01019,,Fast Moving Consumer Goods,Fast Moving Consumer Goods,Food Products,Packaged Foods,,bse,2026-10-02T02:14:51
INE14VP01014,,Industrials,Capital Goods,Industrial Products,Cables - Electricals,,bse,2026-10-02T02:14:51
INE312M01024,,Consumer Discretionary,"Media, Entertainment & Publication",Entertainment,"Film Production, Distribution & Exhibition",44.71,bse,2026-10-02T02:14:51
INE377D01026,,Services,Services,Commercial Services & Supplies,Diversified Commercial Services,0.29,bse,2026-10-02T02:14:51
INE0N6U01018,,Industrials,Capital Goods,Industrial Manufacturing,Industrial Products,,bse,2026-10-02T02:14:51
INE881E01017,,Commodities,Chemicals,Chemicals & Petrochemicals,Explosives,,bse,2026-10-02T02:14:51
INE0L1C01019,,Consumer Discretionary,Realty,Realty,"Residential, Commercial Projects",45.09,bse,2026-10-02T02:14:51
INE0OWC01011,,Consumer Discretionary,Consumer Durables,Consumer Durables,"Gems, Jewellery And Watches",,bse,2026-10-02T02:14:51
INE266B01017,,Consumer Discretionary,Automobile and Auto Components,Auto Components,Auto Components & Equipments,-55.04,bse,2026-10-02T02:14:51
INE0QVH01025,,Industrials,Capital Goods,Electrical Equipment,Heavy Electrical Equipment,,bse,2026-10-02T02:14:51
INE163701019,,Industrials,Capital Goods,Industrial Products,Castings & Forgings,,bse,2026-10-02T02:14:51
INE1SFA01019,,Industrials,Capital Goods,Industrial Manufacturing,Industrial Products,,bse,2026-10-02T02:14:51
INE0X9I01023,,Consumer Discretionary,Automobile and Auto Components,Auto Components,Auto Components & Equipments,,bse,2026-10-02T02:14:51
INE0CJT01025,,Consumer Discretionary,"Media, Entertainment & Publication",Media,Advertising & Media Agencies,,bse,2026-10-02T02:14:51
INE0BSU01018,,Consumer Discretionary,Consumer Services,Retailing,Speciality Retail,,bse,2026-10-02T02:14:51
INE567L01025,,Diversified,Diversified,Diversified,Diversified,0.07,bse,2026-10-02T02:14:51
INE0TJ801010,,Industrials,Capital Goods,Industrial Manufacturing,Industrial Products,,bse,2026-10-02T02:14:51
INE0U9D01019,,Commodities,Chemicals,Fertilizers & Agrochemicals,Pesticides & Agrochemicals,,bse,2026-10-02T02:14:51
INE807H01023,,Commodities,Construction Materials,Other Construction Materials,Other Construction Materials,29.89,bse,2026-10-02T02:14:51
INE958L01034,,Information Technology,Information Technology,IT - Services,IT Enabled Services,0.51,bse,2026-10-02T02:14:51
INE1SRC01010,,Industrials,Capital Goods,Aerospace & Defense,Aerospace & Defense,,bse,2026-10-02T02:14:51
INE094S01041,,Fast Moving Consumer Goods,Fast Moving Consumer Goods,Food Products,Packaged Foods,0.48,bse,2026-10-02T02:14:51
INE317V01016,,Industrials,Capital Goods,Industrial Products,Packaging,,bse,2026-10-02T02:14:51
INE622Q01027,,Information Technology,Information Technology,IT - Software,Software Products,8.93,bse,2026-10-02T02:14:51
INE219W01012,,Industrials,Capital Goods,Electrical Equipment,Other Electrical Equipment,14.95,bse,2026-10-02T02:14:51
INE333Y01017,,Services,Services,Commercial Services & Supplies,Trading & Distributors,26.7,bse,2026-10-02T02:14:51
INE1RQS01010,,Industrials,Capital Goods,Industrial Manufacturing,Industrial Products,,bse,2026-10-02T02:14:51
INE2B5L01011,,Commodities,Metals & Mining,Non - Ferrous Metals,Aluminium,,bse,2026-10-02T02:14:51
INE0V0L01028,,Services,Services,Commercial Services & Supplies,Consulting Services,,bse,2026-10-02T02:14:51
INE1K0V01011,,Consumer Discretionary,Consumer Services,Retailing,Speciality Retail,,bse,2026-10-02T02:14:51
INE0YJA01011,,Consumer Discretionary,Consumer Durables,Consumer Durables,Consumer Electronics,,bse,2026-10-02T02:14:51
INE223R01022,,Fast Moving Consumer Goods,Fast Moving Consumer Goods,Agricultural Food & other Products,Other Agricultural Products,,bse,2026-10-02T02:14:51
INE643C01015,,Industrials,Capital Goods,Industrial Products,Iron & Steel Products,,bse,2026-10-02T02:14:51
INE0UZO01024,,Industrials,Capital Goods,Industrial Products,Castings & Forgings,,bse,2026-10-02T02:14:51
INE141C01036,,Fast Moving Consumer Goods,Fast Moving Consumer Goods,Food Products,Other Food Products,5.26,bse,2026-10-02T02:14:51
INE0DQN01013,,Financial Services,Financial Services,Finance,Holding Company,3.56,bse,2026-10-02T02:14:51
INE1TFS01019,,Consumer Discretionary,"Media, Entertainment & Publication",Media,Web based media and service,,bse,2026-10-02T02:14:51
INE301O01023,,Financial Services,Financial Services,Capital Markets,"Depositories, Clearing Houses and Other Intermediaries",22.87,bse,2026-10-02T02:14:51
INE721I01024,,Financial Services,Financial Services,Capital Markets,Exchange and Data Platform,,bse,2026-10-02T02:14:51
INE882B01037,,Fast Moving Consumer Goods,Fast Moving Consumer Goods,Food Products,Packaged Foods,3.61,bse,2026-10-02T02:14:51
INE113B01037,,Information Technology,Information Technology,IT - Software,Software Products,,bse,2026-10-02T02:14:51
INE2D0Q01027,,Commodities,Construction Materials,Other Construction Materials,Other Construction Materials,,bse,2026-10-02T02:14:51
INE0MIO01019,,Utilities,Utilities,Other Utilities,Waste Management,,bse,2026-10-02T02:14:51
INE0LHB01010,,Industrials,Construction,Construction,Civil Construction,,bse,2026-10-02T02:14:51
INE0QQJ01021,,Industrials,Capital Goods,Industrial Products,"Aluminium, Copper & Zinc Products",,bse,2026-10-02T02:14:51
INE161701011,,Commodities,Chemicals,Chemicals & Petrochemicals,Specialty Chemicals,,bse,2026-10-02T02:14:51
INE082C01024,,Industrials,Capital Goods,Industrial Manufacturing,Industrial Products,,bse,2026-10-02T02:14:51
INE510U01018,,Financial Services,Financial Services,Capital Markets,Stockbroking & Allied,,bse,2026-10-02T02:14:51
INE0SR101016,,Fast Moving Consumer Goods,Fast Moving Consumer Goods,Food Products,Other Food Products,,bse,2026-10-02T02:14:51
INE160F01013,,Financial Services,Financial Services,Finance,Investment Company,,bse,2026-10-02T02:14:51
INE0SMW01011,,Services,Services,Transport Services,Logistics Solution Provider,,bse,2026-10-02T02:14:51
INE288301026,,Consumer Discretionary,Automobile and Auto Components,Auto Components,Auto Components & Equipments,,bse,2026-10-02T02:14:51
INE0TI501017,,Information Technology,Information Technology,IT - Services,IT Enabled Services,,bse,2026-10-02T02:14:51
INE0GAO01018,,Healthcare,Healthcare,Healthcare Equipment & Supplies,Medical Equipment & Supplies,15.38,bse,2026-10-02T02:14:51
INE428B01021,,Industrials,Construction,Construction,Civil Construction,3.81,bse,2026-10-02T02:14:51
INE0OAB01019,,Consumer Discretionary,Consumer Services,Leisure Services,Wellness,,bse,2026-10-02T02:14:51
INE0Q1R01012,,Services,Services,Commercial Services & Supplies,Consulting Services,,bse,2026-10-02T02:14:51
INE0OYE01013,,Industrials,Capital Goods,Industrial Products,Other Industrial Products,,bse,2026-10-02T02:14:51
INE0VN801010,,Utilities,Utilities,Other Utilities,Multi Utilities,,bse,2026-10-02T02:14:51
INE1S7M01017,,Industrials,Capital Goods,Electrical Equipment,Heavy Electrical Equipment,,bse,2026-10-02T02:14:51
INE350D01015,,Industrials,Capital Goods,Industrial Manufacturing,Industrial Products,,bse,2026-10-02T02:14:51
INE2B6701015,,Fast Moving Consumer Goods,Fast Moving Consumer Goods,Personal Products,Personal Care,,bse,2026-10-02T02:14:51
INE964R01013,,Financial Services,Financial Services,Finance,Other Financial Services,42.12,bse,2026-10-02T02:14:51
INE519N01022,,Commodities,Construction Materials,Other Construction Materials,Other Construction Materials,-16.54,bse,2026-10-02T02:14:51
INE486D01017,,Commodities,Chemicals,Chemicals & Petrochemicals,Specialty Chemicals,,bse,2026-10-02T02:14:51
INE335Q01026,,Information Technology,Information Technology,IT - Software,Computers - Software & Consulting,,bse,2026-10-02T02:14:51
INE1W8R01018,,Consumer Discretionary,Consumer Services,Other Consumer Services,E-Learning,,bse,2026-10-02T02:14:51
INE0OLH01013,,Consumer Discretionary,Consumer Services,Retailing,E-Retail/ E-Commerce,170.07,bse,2026-10-02T02:14:51
INE2BTZ01011,,Industrials,Capital Goods,Industrial Manufacturing,Industrial Products,,bse,2026-10-02T02:14:51
INF200K01VT2,,,,,-,,bse,2026-10-02T02:14:51
INE155D01018,,Industrials,Capital Goods,Electrical Equipment,Other Electrical Equipment,,bse,2026-10-02T02:14:51
INF204KA1UN7,,,,,-,,bse,2026-10-02T02:14:51
INE017I01027,,Financial Services,Financial Services,Finance,Non Banking Financial Company (NBFC),3.11,bse,2026-10-02T02:14:51
INE05UY01016,,Industrials,Capital Goods,Industrial Products,Packaging,,bse,2026-10-02T02:14:51
INE794C01016,,Consumer Discretionary,"Media, Entertainment & Publication",Printing & Publication,Printing & Publication,,bse,2026-10-02T02:14:51
INE065E01017,,Commodities,Chemicals,Chemicals & Petrochemicals,Commodity Chemicals,18.1,bse,2026-10-02T02:14:51
INE145Y01023,,Industrials,Capital Goods,Industrial Products,Plastic Products - Industrial,69.84,bse,2026-10-02T02:14:51
INE0FMZ01045,,Industrials,Capital Goods,Aerospace & Defense,Aerospace & Defense,,bse,2026-10-02T02:14:51
INE0D8001018,,Industrials,Capital Goods,Industrial Manufacturing,Industrial Products,,bse,2026-10-02T02:14:51
INE147701010,,Services,Services,Transport Services,Logistics Solution Provider,,bse,2026-10-02T02:14:51
INE657D01021,,Consumer Discretionary,Automobile and Auto Components,Auto Components,Auto Components & Equipments,11.32,bse,2026-10-02T02:14:51
INE658D01029,,Industrials,Capital Goods,Industrial Products,Other Industrial Products,,bse,2026-10-02T02:14:51
INE13YH01017,,Commodities,Chemicals,Chemicals & Petrochemicals,Specialty Chemicals,,bse,2026-10-02T02:14:51
INE2MKZ01017,,Consumer Discretionary,"Media, Entertainment & Publication",Printing & Publication,Printing & Publication,,bse,2026-10-02T02:14:51
INE12Z301012,,Information Technology,Information Technology,IT - Software,Software Products,,bse,2026-10-02T02:14:51
INE0SVD01012,,Consumer Discretionary,Consumer Durables,Consumer Durables,Houseware,,bse,2026-10-02T02:14:51
INE285B01017,,Services,Services,Transport Services,Airline,-0.5,bse,2026-10-02T02:14:51
INE631E01024,,Consumer Discretionary,Consumer Services,Leisure Services,Restaurants,80.46,bse,2026-10-02T02:14:51
INE1EJ401023,,Consumer Discretionary,Consumer Services,Leisure Services,Amusement Parks/ Other Recreation,,bse,2026-10-02T02:14:51
INE307D01015,,Commodities,Chemicals,Chemicals & Petrochemicals,Commodity Chemicals,,bse,2026-10-02T02:14:51
INE00TV01023,,Commodities,Chemicals,Chemicals & Petrochemicals,Specialty Chemicals,28.06,bse,2026-10-02T02:14:51
INE0XX801016,,Industrials,Capital Goods,Electrical Equipment,Other Electrical Equipment,17.57,bse,2026-10-02T02:14:51
INE0Q1S01010,,Industrials,Capital Goods,Industrial Manufacturing,Industrial Products,,bse,2026-10-02T02:14:51
INE2L0V01019,,Industrials,Capital Goods,Industrial Products,Cables - Electricals,,bse,2026-10-02T02:14:51
INE0HLJ01013,,Fast Moving Consumer Goods,Fast Moving Consumer Goods,Agricultural Food & other Products,Edible Oil,,bse,2026-10-02T02:14:51
INE1KLZ01011,,Industrials,Capital Goods,Industrial Products,Cables - Electricals,,bse,2026-10-02T02:14:51
INE639B01023,,Commodities,Chemicals,Chemicals & Petrochemicals,Commodity Chemicals,,bse,2026-10-02T02:14:51
INE19QK01022,,Industrials,Capital Goods,Industrial Products,Other Industrial Products,,bse,2026-10-02T02:14:51
INE0SRP01014,,Industrials,Construction,Construction,Civil Construction,30.62,bse,2026-10-02T02:14:51
INE1U6D01014,,Industrials,Capital Goods,Industrial Manufacturing,Industrial Products,,bse,2026-10-02T02:14:51
INE150C01029,,Commodities,Chemicals,Chemicals & Petrochemicals,Specialty Chemicals,6.57,bse,2026-10-02T02:14:51
INE807M01031,,Information Technology,Information Technology,IT - Services,IT Enabled Services,,bse,2026-10-02T02:14:51
INE0MKA01014,,Healthcare,Healthcare,Pharmaceuticals & Biotechnology,Pharmaceuticals,18.0,bse,2026-10-02T02:14:51
INE0TT901016,,Industrials,Capital Goods,Industrial Manufacturing,Industrial Products,,bse,2026-10-02T02:14:51
INE238C01022,,Services,Services,Commercial Services & Supplies,Diversified Commercial Services,30.03,bse,2026-10-02T02:14:51
INE1LDV01015,,Industrials,Capital Goods,Industrial Manufacturing,Industrial Products,,bse,2026-10-02T02:14:51
INE560D01027,,Consumer Discretionary,Textiles,Textiles & Apparels,Other Textile Products,,bse,2026-10-02T02:14:51
INE010R01023,,Industrials,Capital Goods,Industrial Products,Cables - Electricals,,bse,2026-10-02T02:14:51
INE117A01022,,Industrials,Capital Goods,Electrical Equipment,Heavy Electrical Equipment,38.08,bse,2026-10-02T04:02:27
INE208C01025,,Energy,"Oil, Gas & Consumable Fuels",Gas,Trading - Gas,17.76,bse,2026-10-02T04:02:27
INE885A01032,,Consumer Discretionary,Automobile and Auto Components,Auto Components,Auto Components & Equipments,11.15,bse,2026-10-02T04:02:27
INE032A01023,,Consumer Discretionary,Textiles,Textiles & Apparels,Other Textile Products,87.79,bse,2026-10-02T04:02:27
INE363A01022,,Consumer Discretionary,Consumer Services,Leisure Services,Hotels & Resorts,-35.7,bse,2026-10-02T04:02:27
INE100A01010,,Commodities,Chemicals,Chemicals & Petrochemicals,Specialty Chemicals,15.58,bse,2026-10-02T04:02:27
INE193E01025,,Consumer Discretionary,Consumer Durables,Consumer Durables,Household Appliances,-45.22,bse,2026-10-02T04:02:27
INE306A01021,,Fast Moving Consumer Goods,Fast Moving Consumer Goods,Agricultural Food & other Products,Sugar,7.08,bse,2026-10-02T04:02:27
INE451A01017,,Consumer Discretionary,Automobile and Auto Components,Automobiles,Passenger Cars & Utility Vehicles,12.07,bse,2026-10-02T04:02:27
INE296A01032,,Financial Services,Financial Services,Finance,Non Banking Financial Company (NBFC),31.82,bse,2026-10-02T04:02:27
INE119A01028,,Fast Moving Consumer Goods,Fast Moving Consumer Goods,Agricultural Food & other Products,Sugar,24.44,bse,2026-10-02T04:02:27
INE213C01025,,Consumer Discretionary,Automobile and Auto Components,Auto Components,Auto Components & Equipments,12.21,bse,2026-10-02T04:02:27
INE055A01016,,Consumer Discretionary,Realty,Realty,"Residential, Commercial Projects",-36.14,bse,2026-10-02T04:02:27
INE459A01010,,Fast Moving Consumer Goods,Fast Moving Consumer Goods,Agricultural Food & other Products,Sugar,,bse,2026-10-02T04:02:27
INE373A01013,,Commodities,Chemicals,Chemicals & Petrochemicals,Specialty Chemicals,16.65,bse,2026-10-02T04:02:27
INE176A01028,,Consumer Discretionary,Consumer Durables,Consumer Durables,Footwear,29.8,bse,2026-10-02T04:02:27
INE258A01024,,Industrials,Capital Goods,"Agricultural, Commercial & Construction Vehicles",Construction Vehicles,60.09,bse,2026-10-02T04:02:27
INE263A01024,,Industrials,Capital Goods,Aerospace & Defense,Aerospace & Defense,32.23,bse,2026-10-02T04:02:27
INE922A01025,,Commodities,Chemicals,Chemicals & Petrochemicals,Petrochemicals,10.7,bse,2026-10-02T04:02:27
INE800A01015,,Telecommunication,Telecommunication,Telecom -  Equipment & Accessories,Telecom -  Equipment & Accessories,22.31,bse,2026-10-02T04:02:27
INE472A01039,,Consumer Discretionary,Consumer Durables,Consumer Durables,Household Appliances,42.69,bse,2026-10-02T04:02:27
INE959C01023,,Commodities,Chemicals,Chemicals & Petrochemicals,Specialty Chemicals,461.77,bse,2026-10-02T04:02:27
INE281A01026,,Industrials,Capital Goods,Industrial Products,"Aluminium, Copper & Zinc Products",,bse,2026-10-02T04:02:27
INE486A01021,,Utilities,Power,Power,Integrated Power Utilities,7.45,bse,2026-10-02T04:02:27
INE085A01013,,Commodities,Chemicals,Fertilizers & Agrochemicals,Fertilizers,5.22,bse,2026-10-02T04:02:27
INE302A01020,,Consumer Discretionary,Automobile and Auto Components,Auto Components,Auto Components & Equipments,15.5,bse,2026-10-02T04:02:27
INE059A01026,,Healthcare,Healthcare,Pharmaceuticals & Biotechnology,Pharmaceuticals,20.45,bse,2026-10-02T04:02:27
INE303A01010,,Commodities,Chemicals,Chemicals & Petrochemicals,Printing Inks,,bse,2026-10-02T04:02:27
INE007A01025,,Financial Services,Financial Services,Finance,Other Financial Services,26.63,bse,2026-10-02T04:02:27
INE067A01029,,Industrials,Capital Goods,Electrical Equipment,Heavy Electrical Equipment,64.1,bse,2026-10-02T04:02:27
INE016A01026,,Fast Moving Consumer Goods,Fast Moving Consumer Goods,Personal Products,Personal Care,22.23,bse,2026-10-02T04:02:27
INE495A01022,,Fast Moving Consumer Goods,Fast Moving Consumer Goods,Agricultural Food & other Products,Sugar,10.29,bse,2026-10-02T04:02:27
INE034A01011,,Consumer Discretionary,Textiles,Textiles & Apparels,Garments & Apparels,23.93,bse,2026-10-02T04:02:27
INE257A01026,,Industrials,Capital Goods,Electrical Equipment,Heavy Electrical Equipment,62.07,bse,2026-10-02T04:02:27
INE094A01015,,Energy,"Oil, Gas & Consumable Fuels",Petroleum Products,Refineries & Marketing,7.52,bse,2026-10-02T04:02:27
INE039A01010,,Financial Services,Financial Services,Finance,Financial Institution,34.04,bse,2026-10-02T04:02:27
INE153A01019,,Telecommunication,Telecommunication,Telecom - Services,Telecom - Cellular & Fixed line services,-0.32,bse,2026-10-02T04:02:27
INE103A01014,,Energy,"Oil, Gas & Consumable Fuels",Petroleum Products,Refineries & Marketing,6.68,bse,2026-10-02T04:02:27
INE178A01016,,Energy,"Oil, Gas & Consumable Fuels",Petroleum Products,Refineries & Marketing,3.9,bse,2026-10-02T04:02:27
INE062A01020,,Financial Services,Financial Services,Banks,Public Sector Bank,6.69,bse,2026-10-02T04:02:27
INE114A01011,,Commodities,Metals & Mining,Ferrous Metals,Iron & Steel,9.84,bse,2026-10-02T04:02:27
INE280A01028,,Consumer Discretionary,Consumer Durables,Consumer Durables,"Gems, Jewellery And Watches",47.17,bse,2026-10-02T04:02:27
INE008A01015,,Financial Services,Financial Services,Banks,Private Sector Bank,7.01,bse,2026-10-02T04:02:27
INE500A01029,,Commodities,Chemicals,Chemicals & Petrochemicals,Petrochemicals,,bse,2026-10-02T04:02:27
INE041A01016,,Fast Moving Consumer Goods,Fast Moving Consumer Goods,Agricultural Food & other Products,Sugar,11.22,bse,2026-10-02T04:02:27
INE280B01018,,Commodities,Chemicals,Chemicals & Petrochemicals,Specialty Chemicals,,bse,2026-10-02T04:02:27
INE089A01031,,Healthcare,Healthcare,Pharmaceuticals & Biotechnology,Pharmaceuticals,17.32,bse,2026-10-02T04:02:27
INE126A01031,,Fast Moving Consumer Goods,Fast Moving Consumer Goods,Food Products,Other Food Products,5.64,bse,2026-10-02T04:02:27
INE199A01012,,Healthcare,Healthcare,Pharmaceuticals & Biotechnology,Pharmaceuticals,,bse,2026-10-02T04:02:27
INE086A01029,,Industrials,Capital Goods,Industrial Products,Iron & Steel Products,24.52,bse,2026-10-02T04:02:27
INE284A01012,,Industrials,Capital Goods,Industrial Products,Other Industrial Products,,bse,2026-10-02T04:02:27
INE255A01020,,Industrials,Capital Goods,Industrial Products,Packaging,12.9,bse,2026-10-02T04:02:27
INE778B01029,,Industrials,Capital Goods,Industrial Products,Packaging,-46.86,bse,2026-10-02T04:02:27
INE235A01022,,Industrials,Capital Goods,Industrial Products,Cables - Electricals,14.14,bse,2026-10-02T04:02:27
INE515A01019,,Industrials,Capital Goods,Industrial Manufacturing,Industrial Products,-164.05,bse,2026-10-02T04:02:27
INE516A01017,,Industrials,Capital Goods,Industrial Products,Packaging,6.04,bse,2026-10-02T04:02:27
INE519A01011,,Commodities,Chemicals,Chemicals & Petrochemicals,Specialty Chemicals,56.61,bse,2026-10-02T04:02:27
INE388A01029,,Energy,"Oil, Gas & Consumable Fuels",Oil,Oil Storage & Transportation,8.32,bse,2026-10-02T04:02:27
INE260B01028,,Fast Moving Consumer Goods,Fast Moving Consumer Goods,Cigarettes & Tobacco Products,Cigarettes & Tobacco Products,13.99,bse,2026-10-02T04:02:27
INE233A01035,,Diversified,Diversified,Diversified,Diversified,10.46,bse,2026-10-02T04:02:27
INE531A01024,,Consumer Discretionary,Consumer Durables,Consumer Durables,Paints,15.39,bse,2026-10-02T04:02:27
INE533A01012,,Consumer Discretionary,Automobile and Auto Components,Auto Components,Tyres & Rubber Products,,bse,2026-10-02T04:02:27
INE539A01019,,Commodities,Chemicals,Chemicals & Petrochemicals,Commodity Chemicals,5.41,bse,2026-10-02T04:02:27
INE538A01037,,Financial Services,Financial Services,Finance,Holding Company,9.21,bse,2026-10-02T04:02:27
INE236A01020,,Information Technology,Information Technology,IT - Hardware,Computers Hardware & Equipments,-5.59,bse,2026-10-02T04:02:27
INE040A01034,,Financial Services,Financial Services,Banks,Private Sector Bank,9.27,bse,2026-10-02T04:02:27
INE158A01026,,Consumer Discretionary,Automobile and Auto Components,Automobiles,2/3 Wheelers,12.22,bse,2026-10-02T04:02:27
INE548A01028,,Telecommunication,Telecommunication,Telecom - Services,Telecom - Infrastructure,50.67,bse,2026-10-02T04:02:27
INE019C01026,,Commodities,Chemicals,Chemicals & Petrochemicals,Carbon Black,28.58,bse,2026-10-02T04:02:27
INE549A01026,,Industrials,Construction,Construction,Civil Construction,16.39,bse,2026-10-02T04:02:27
INE345A01011,,Energy,"Oil, Gas & Consumable Fuels",Oil,Oil Exploration & Production,28.64,bse,2026-10-02T04:02:27
INE415A01038,,Industrials,Capital Goods,Industrial Products,Packaging,6.16,bse,2026-10-02T04:02:27
INE267A01025,,Commodities,Metals & Mining,Non - Ferrous Metals,Zinc,10.13,bse,2026-10-02T04:02:27
INE204A01010,,Commodities,Chemicals,Chemicals & Petrochemicals,Commodity Chemicals,30.32,bse,2026-10-02T04:02:27
INE560A01023,,Fast Moving Consumer Goods,Fast Moving Consumer Goods,Beverages,Breweries & Distilleries,4.38,bse,2026-10-02T04:02:27
INE156A01020,,Consumer Discretionary,Textiles,Textiles & Apparels,Other Textile Products,8.72,bse,2026-10-02T04:02:27
INE009A01021,,Information Technology,Information Technology,IT - Software,Computers - Software & Consulting,9.56,bse,2026-10-02T04:02:27
INE177A01018,,Industrials,Capital Goods,Industrial Products,"Compressors, Pumps & Diesel Engines",,bse,2026-10-02T04:02:27
INE570A01022,,Utilities,Utilities,Other Utilities,Water Supply & Management,35.74,bse,2026-10-02T04:02:27
INE209A01019,,Fast Moving Consumer Goods,Fast Moving Consumer Goods,Food Products,Packaged Foods,71.04,bse,2026-10-02T04:02:27
INE175A01038,,Industrials,Capital Goods,Industrial Products,Plastic Products - Industrial,-18.55,bse,2026-10-02T04:02:27
INE197D01010,,Industrials,Capital Goods,Industrial Products,Packaging,-2.72,bse,2026-10-02T04:02:27
INE019A01038,,Commodities,Metals & Mining,Ferrous Metals,Iron & Steel,9.22,bse,2026-10-02T04:02:27
INE217B01036,,Consumer Discretionary,Consumer Durables,Consumer Durables,Ceramics,26.23,bse,2026-10-02T04:02:27
INE907A01026,,Industrials,Capital Goods,Industrial Products,Iron & Steel Products,8.72,bse,2026-10-02T04:02:27
INE716A01013,,Consumer Discretionary,Consumer Durables,Consumer Durables,Household Appliances,25.73,bse,2026-10-02T04:02:27
INE732A01036,,Industrials,Capital Goods,Industrial Products,"Compressors, Pumps & Diesel Engines",24.61,bse,2026-10-02T04:02:27
INE250A01039,,Industrials,Capital Goods,Industrial Products,Iron & Steel Products,10.53,bse,2026-10-02T04:02:27
INE884B01025,,Commodities,Metals & Mining,Ferrous Metals,Pig Iron,12.41,bse,2026-10-02T04:02:27
INE237A01036,,Financial Services,Financial Services,Banks,Private Sector Bank,2.82,bse,2026-10-02T04:02:27
INE999A01023,,Industrials,Capital Goods,Industrial Products,"Compressors, Pumps & Diesel Engines",38.2,bse,2026-10-02T04:02:27
INE337A01034,,Consumer Discretionary,Automobile and Auto Components,Auto Components,Auto Components & Equipments,11.49,bse,2026-10-02T04:02:27
INE849A01020,,Consumer Discretionary,Consumer Services,Retailing,Speciality Retail,33.58,bse,2026-10-02T04:02:27
INE269B01029,,Industrials,Capital Goods,Industrial Manufacturing,Industrial Products,88.11,bse,2026-10-02T04:02:27
INE115A01026,,Financial Services,Financial Services,Finance,Housing Finance Company,3.3,bse,2026-10-02T04:02:27
INE326A01037,,Healthcare,Healthcare,Pharmaceuticals & Biotechnology,Pharmaceuticals,11.65,bse,2026-10-02T04:02:27
INE331A01037,,Commodities,Construction Materials,Cement & Cement Products,Cement & Cement Products,17.58,bse,2026-10-02T04:02:27
INE270B01035,,Consumer Discretionary,Textiles,Textiles & Apparels,Other Textile Products,7.64,bse,2026-10-02T04:02:27
INE271B01025,,Industrials,Capital Goods,Industrial Products,Iron & Steel Products,7.73,bse,2026-10-02T04:02:27
INE288A01013,,Financial Services,Financial Services,Finance,Investment Company,,bse,2026-10-02T04:02:27
INE201A01024,,Commodities,Chemicals,Chemicals & Petrochemicals,Petrochemicals,5.11,bse,2026-10-02T04:02:27
INE180A01020,,Financial Services,Financial Services,Insurance,Life Insurance,238.74,bse,2026-10-02T04:02:27
INE831A01028,,Consumer Discretionary,Consumer Durables,Consumer Durables,Consumer Electronics,,bse,2026-10-02T04:02:27
INE485A01015,,Consumer Discretionary,Textiles,Textiles & Apparels,Other Textile Products,6.29,bse,2026-10-02T04:02:27
INE083A01026,,Healthcare,Healthcare,Pharmaceuticals & Biotechnology,Pharmaceuticals,40.98,bse,2026-10-02T04:02:27
INE883A01011,,Consumer Discretionary,Automobile and Auto Components,Auto Components,Tyres & Rubber Products,14.47,bse,2026-10-02T04:02:27
INE578A01017,,Commodities,Construction Materials,Cement & Cement Products,Cement & Cement Products,,bse,2026-10-02T04:02:27
INE868B01028,,Industrials,Construction,Construction,Civil Construction,5.37,bse,2026-10-02T04:02:27
INE205A01025,,Commodities,Metals & Mining,Diversified Metals,Diversified Metals,2.41,bse,2026-10-02T04:02:27
INE290A01027,,Consumer Discretionary,Textiles,Textiles & Apparels,Other Textile Products,,bse,2026-10-02T04:02:27
INE047A01021,,Commodities,Construction Materials,Cement & Cement Products,Cement & Cement Products,12.35,bse,2026-10-02T04:02:27
INE161A01038,,Consumer Discretionary,Consumer Services,Other Consumer Services,Education,64.55,bse,2026-10-02T04:02:27
INE903A01025,,Industrials,Capital Goods,Aerospace & Defense,Aerospace & Defense,11.58,bse,2026-10-02T04:02:27
INE910A01012,,Services,Services,Commercial Services & Supplies,Diversified Commercial Services,,bse,2026-10-02T04:02:27
INE213A01029,,Energy,"Oil, Gas & Consumable Fuels",Oil,Oil Exploration & Production,4.1,bse,2026-10-02T04:02:27
INE591A01010,,Energy,"Oil, Gas & Consumable Fuels",Oil,Oil Equipment & Services,,bse,2026-10-02T04:02:27
INE750A01020,,Consumer Discretionary,Consumer Services,Leisure Services,Hotels & Resorts,26.57,bse,2026-10-02T04:02:27
INE002A01018,,Energy,"Oil, Gas & Consumable Fuels",Petroleum Products,Refineries & Marketing,11.17,bse,2026-10-02T04:02:27
INE301A01014,,Industrials,Capital Goods,Industrial Manufacturing,Industrial Products,1.47,bse,2026-10-02T04:02:27
INE318A01026,,Commodities,Chemicals,Chemicals & Petrochemicals,Specialty Chemicals,37.61,bse,2026-10-02T04:02:27
INE751B01018,,Industrials,Capital Goods,Industrial Products,Rubber,12.6,bse,2026-10-02T04:02:27
INE340A01012,,Commodities,Construction Materials,Cement & Cement Products,Cement & Cement Products,8.81,bse,2026-10-02T04:02:27
INE335A01020,,Industrials,Capital Goods,Industrial Products,Iron & Steel Products,11.31,bse,2026-10-02T04:02:27
INE032B01021,,Financial Services,Financial Services,Finance,Other Financial Services,58.89,bse,2026-10-02T04:02:27
INE010A01011,,Commodities,Construction Materials,Cement & Cement Products,Cement & Cement Products,27.08,bse,2026-10-02T04:02:27
INE855B01025,,Commodities,Chemicals,Chemicals & Petrochemicals,Petrochemicals,11.05,bse,2026-10-02T04:02:27
INE611A01016,,Consumer Discretionary,Textiles,Textiles & Apparels,Other Textile Products,12.91,bse,2026-10-02T04:02:27
INE613A01020,,Commodities,Chemicals,Fertilizers & Agrochemicals,Pesticides & Agrochemicals,,bse,2026-10-02T04:02:27
INE731F01037,,Industrials,Capital Goods,Industrial Products,Iron & Steel Products,,bse,2026-10-02T04:02:27
INE642C01025,,Industrials,Capital Goods,Industrial Products,Rubber,9.17,bse,2026-10-02T04:02:27
INE619A01035,,Fast Moving Consumer Goods,Fast Moving Consumer Goods,Agricultural Food & other Products,Edible Oil,14.12,bse,2026-10-02T04:02:27
INE324A01032,,Industrials,Capital Goods,Industrial Products,Iron & Steel Products,13.68,bse,2026-10-02T04:02:27
INE786A01032,,Commodities,Construction Materials,Cement & Cement Products,Cement & Cement Products,10.25,bse,2026-10-02T04:02:27
INE070A01015,,Commodities,Construction Materials,Cement & Cement Products,Cement & Cement Products,30.98,bse,2026-10-02T04:02:27
INE036A01016,,Utilities,Power,Power,Integrated Power Utilities,0.32,bse,2026-10-02T04:02:27
INE245A01021,,Utilities,Power,Power,Integrated Power Utilities,14.5,bse,2026-10-02T04:02:27
INE937A01023,,Industrials,Construction,Construction,Civil Construction,10.21,bse,2026-10-02T04:02:27
INE387A01021,,Consumer Discretionary,Automobile and Auto Components,Auto Components,Auto Components & Equipments,26.43,bse,2026-10-02T04:02:27
INE947A01014,,Industrials,Capital Goods,Industrial Products,Iron & Steel Products,23.73,bse,2026-10-02T04:02:27
INE663A01033,,Commodities,Chemicals,Chemicals & Petrochemicals,Petrochemicals,24.6,bse,2026-10-02T04:02:27
INE277A01016,,Industrials,Capital Goods,Industrial Products,"Compressors, Pumps & Diesel Engines",,bse,2026-10-02T04:02:27
INE670A01012,,Information Technology,Information Technology,IT - Software,Computers - Software & Consulting,,bse,2026-10-02T04:02:27
INE012A01025,,Commodities,Construction Materials,Cement & Cement Products,Cement & Cement Products,8.26,bse,2026-10-02T04:02:27
INE152A01029,,Industrials,Capital Goods,Electrical Equipment,Heavy Electrical Equipment,42.33,bse,2026-10-02T04:02:27
INE338A01024,,Commodities,Chemicals,Chemicals & Petrochemicals,Commodity Chemicals,-6.74,bse,2026-10-02T04:02:27
INE332A01027,,Consumer Discretionary,Consumer Services,Leisure Services,"Tour, Travel Related Services",14.37,bse,2026-10-02T04:02:27
INE064A01026,,Consumer Discretionary,Consumer Durables,Consumer Durables,"Gems, Jewellery And Watches",,bse,2026-10-02T04:02:27
INE685A01028,,Healthcare,Healthcare,Pharmaceuticals & Biotechnology,Pharmaceuticals,48.27,bse,2026-10-02T04:02:27
INE079A01024,,Commodities,Construction Materials,Cement & Cement Products,Cement & Cement Products,13.66,bse,2026-10-02T04:02:27
INE038A01020,,Commodities,Metals & Mining,Non - Ferrous Metals,Aluminium,9.45,bse,2026-10-02T04:02:27
INE976A01021,,Commodities,Forest Materials,"Paper, Forest & Jute Products",Paper & Paper Products,14.71,bse,2026-10-02T04:02:27
INE818B01023,,Commodities,Chemicals,Chemicals & Petrochemicals,Petrochemicals,,bse,2026-10-02T04:02:27
INE179A01014,,Fast Moving Consumer Goods,Fast Moving Consumer Goods,Personal Products,Personal Care,,bse,2026-10-02T04:02:27
INE304A01026,,Industrials,Capital Goods,Industrial Products,Iron & Steel Products,3.72,bse,2026-10-02T04:02:27
INE676A01027,,Information Technology,Information Technology,IT - Services,IT Enabled Services,43.79,bse,2026-10-02T04:02:27
INE171A01029,,Financial Services,Financial Services,Banks,Private Sector Bank,9.41,bse,2026-10-02T04:02:27
INE081A01020,,Commodities,Metals & Mining,Ferrous Metals,Iron & Steel,13.97,bse,2026-10-02T04:02:27
INE640A01023,,Consumer Discretionary,Automobile and Auto Components,Auto Components,Auto Components & Equipments,18.4,bse,2026-10-02T04:02:27
INE208A01029,,Industrials,Capital Goods,"Agricultural, Commercial & Construction Vehicles",Commercial Vehicles,16.88,bse,2026-10-02T04:02:27
INE298A01020,,Industrials,Capital Goods,Industrial Products,"Compressors, Pumps & Diesel Engines",38.97,bse,2026-10-02T04:02:27
INE151A01013,,Telecommunication,Telecommunication,Telecom - Services,Telecom - Cellular & Fixed line services,32.22,bse,2026-10-02T04:02:27
INE358A01014,,Healthcare,Healthcare,Pharmaceuticals & Biotechnology,Pharmaceuticals,,bse,2026-10-02T04:02:27
INE118A01012,,Financial Services,Financial Services,Finance,Holding Company,13.49,bse,2026-10-02T04:02:27
INE465A01025,,Consumer Discretionary,Automobile and Auto Components,Auto Components,Auto Components & Equipments,70.12,bse,2026-10-02T04:02:27
INE042A01014,,Industrials,Capital Goods,"Agricultural, Commercial & Construction Vehicles",Tractors,9.5,bse,2026-10-02T04:02:27
INE018A01030,,Industrials,Construction,Construction,Civil Construction,18.26,bse,2026-10-02T04:02:27
INE101A01026,,Consumer Discretionary,Automobile and Auto Components,Automobiles,Passenger Cars & Utility Vehicles,11.96,bse,2026-10-02T04:02:27
INE323A01026,,Consumer Discretionary,Automobile and Auto Components,Auto Components,Auto Components & Equipments,33.53,bse,2026-10-02T04:02:27
INE029A01011,,Energy,"Oil, Gas & Consumable Fuels",Petroleum Products,Refineries & Marketing,4.19,bse,2026-10-02T04:02:27
INE003A01024,,Industrials,Capital Goods,Electrical Equipment,Heavy Electrical Equipment,19.27,bse,2026-10-02T04:02:27
INE155A01022,,Consumer Discretionary,Automobile and Auto Components,Automobiles,Passenger Cars & Utility Vehicles,1.29,bse,2026-10-02T04:02:27
INE226A01021,,Consumer Discretionary,Consumer Durables,Consumer Durables,Household Appliances,52.27,bse,2026-10-02T04:02:27
INE017A01032,,Services,Services,Transport Services,Shipping,4.31,bse,2026-10-02T04:02:27
INE501A01019,,Commodities,Chemicals,Chemicals & Petrochemicals,Commodity Chemicals,11.99,bse,2026-10-02T04:02:27
INE369A01029,,Commodities,Chemicals,Chemicals & Petrochemicals,Specialty Chemicals,9.21,bse,2026-10-02T04:02:27
INE291A01017,,Industrials,Capital Goods,Industrial Products,Plastic Products - Industrial,30.53,bse,2026-10-02T04:02:27
INE159A01016,,Healthcare,Healthcare,Pharmaceuticals & Biotechnology,Pharmaceuticals,29.96,bse,2026-10-02T04:02:27
INE113A01013,,Commodities,Chemicals,Chemicals & Petrochemicals,Commodity Chemicals,6.82,bse,2026-10-02T04:02:27
INE234A01025,,Healthcare,Healthcare,Pharmaceuticals & Biotechnology,Pharmaceuticals,,bse,2026-10-02T04:02:27
INE058A01010,,Healthcare,Healthcare,Pharmaceuticals & Biotechnology,Pharmaceuticals,,bse,2026-10-02T04:02:27
INE182A01018,,Healthcare,Healthcare,Pharmaceuticals & Biotechnology,Pharmaceuticals,,bse,2026-10-02T04:02:27
INE026A01025,,Commodities,Chemicals,Fertilizers & Agrochemicals,Fertilizers,5.92,bse,2026-10-02T04:02:27
INE030A01027,,Fast Moving Consumer Goods,Fast Moving Consumer Goods,Diversified FMCG,Diversified FMCG,17.77,bse,2026-10-02T04:02:27
INE133A01011,,Consumer Discretionary,Consumer Durables,Consumer Durables,Paints,6.46,bse,2026-10-02T04:02:27
INE163A01018,,Commodities,Chemicals,Chemicals & Petrochemicals,Specialty Chemicals,30.41,bse,2026-10-02T04:02:27
INE092A01019,,Commodities,Chemicals,Chemicals & Petrochemicals,Commodity Chemicals,-8.98,bse,2026-10-02T04:02:27
INE148A01019,,Commodities,Chemicals,Chemicals & Petrochemicals,Petrochemicals,5.61,bse,2026-10-02T04:02:27
INE217A01012,,Fast Moving Consumer Goods,Fast Moving Consumer Goods,Agricultural Food & other Products,Sugar,10.58,bse,2026-10-02T04:02:27
INE239A01024,,Fast Moving Consumer Goods,Fast Moving Consumer Goods,Food Products,Packaged Foods,46.08,bse,2026-10-02T04:02:27
INE192A01025,,Fast Moving Consumer Goods,Fast Moving Consumer Goods,Agricultural Food & other Products,Tea & Coffee,39.82,bse,2026-10-02T04:02:27
INE021A01026,,Consumer Discretionary,Consumer Durables,Consumer Durables,Paints,28.1,bse,2026-10-02T04:02:27
INE216A01030,,Fast Moving Consumer Goods,Fast Moving Consumer Goods,Food Products,Packaged Foods,30.29,bse,2026-10-02T04:02:27
INE259A01022,,Fast Moving Consumer Goods,Fast Moving Consumer Goods,Personal Products,Personal Care,,bse,2026-10-02T04:02:27
INE230A01023,,Consumer Discretionary,Consumer Services,Leisure Services,Hotels & Resorts,18.05,bse,2026-10-02T04:02:27
INE053A01029,,Consumer Discretionary,Consumer Services,Leisure Services,Hotels & Resorts,28.38,bse,2026-10-02T04:02:27
INE172A01027,,Energy,"Oil, Gas & Consumable Fuels",Petroleum Products,Lubricants,,bse,2026-10-02T04:02:27
INE154A01025,,Fast Moving Consumer Goods,Fast Moving Consumer Goods,Diversified FMCG,Diversified FMCG,10.54,bse,2026-10-02T04:02:27
INE438A01022,,Consumer Discretionary,Automobile and Auto Components,Auto Components,Tyres & Rubber Products,11.75,bse,2026-10-02T04:02:27
INE482A01020,,Consumer Discretionary,Automobile and Auto Components,Auto Components,Tyres & Rubber Products,15.52,bse,2026-10-02T04:02:27
INE183A01024,,Industrials,Capital Goods,Industrial Products,Plastic Products - Industrial,11.26,bse,2026-10-02T04:02:27
INE660C01027,,Financial Services,Financial Services,Finance,Other Financial Services,-5.4,bse,2026-10-02T04:02:27
INE886A01014,,Financial Services,Financial Services,Finance,Investment Company,-64.4,bse,2026-10-02T04:02:27
INE672A01026,,Financial Services,Financial Services,Finance,Investment Company,47.7,bse,2026-10-02T04:02:27
INE151G01028,,Consumer Discretionary,Consumer Durables,Consumer Durables,Plastic Products - Consumer,54.2,bse,2026-10-02T04:02:27
INE050A01025,,Fast Moving Consumer Goods,Fast Moving Consumer Goods,Food Products,Packaged Foods,2.49,bse,2026-10-02T04:02:27
INE224A01026,,Industrials,Capital Goods,Industrial Products,"Compressors, Pumps & Diesel Engines",111.19,bse,2026-10-02T04:02:27
INE377E01024,,Fast Moving Consumer Goods,Fast Moving Consumer Goods,Food Products,Seafood,2.66,bse,2026-10-02T04:02:27
INE229C01021,,Commodities,Construction Materials,Cement & Cement Products,Cement & Cement Products,-21.15,bse,2026-10-02T04:02:27
INE583C01021,,Commodities,Construction Materials,Cement & Cement Products,Cement & Cement Products,30.33,bse,2026-10-02T04:02:27
INE347A01017,,Commodities,Construction Materials,Cement & Cement Products,Cement & Cement Products,,bse,2026-10-02T04:02:27
INE732C01016,,Commodities,Construction Materials,Cement & Cement Products,Cement & Cement Products,6.13,bse,2026-10-02T04:02:27
INE626A01014,,Commodities,Construction Materials,Cement & Cement Products,Cement & Cement Products,44.73,bse,2026-10-02T04:02:27
INE232A01011,,Commodities,Construction Materials,Cement & Cement Products,Cement & Cement Products,30.12,bse,2026-10-02T04:02:27
INE666D01022,,Industrials,Capital Goods,Industrial Products,Glass - Industrial,21.09,bse,2026-10-02T04:02:27
INE435A01051,,Commodities,Forest Materials,"Paper, Forest & Jute Products",Paper & Paper Products,,bse,2026-10-02T04:02:27
INE787D01026,,Consumer Discretionary,Automobile and Auto Components,Auto Components,Tyres & Rubber Products,11.83,bse,2026-10-02T04:02:27
INE592A01026,,Commodities,Forest Materials,"Paper, Forest & Jute Products",Paper & Paper Products,,bse,2026-10-02T04:02:27
INE927A01040,,Industrials,Capital Goods,Industrial Products,Packaging,3.58,bse,2026-10-02T04:02:27
INE630A01024,,Commodities,Forest Materials,"Paper, Forest & Jute Products",Paper & Paper Products,11.35,bse,2026-10-02T04:02:27
INE087A01019,,Consumer Discretionary,Textiles,Textiles & Apparels,Other Textile Products,-4.62,bse,2026-10-02T04:02:27
INE825A01020,,Consumer Discretionary,Textiles,Textiles & Apparels,Other Textile Products,12.4,bse,2026-10-02T04:02:27
INE211B01039,,Consumer Discretionary,Realty,Realty,"Residential, Commercial Projects",29.76,bse,2026-10-02T04:02:27
INE182D01020,,Consumer Discretionary,Realty,Realty,"Residential, Commercial Projects",9.0,bse,2026-10-02T04:02:27
INE301D01026,,Consumer Discretionary,Textiles,Textiles & Apparels,Other Textile Products,72.88,bse,2026-10-02T04:02:27
INE665A01038,,Commodities,Chemicals,Chemicals & Petrochemicals,Petrochemicals,36.48,bse,2026-10-02T04:02:27
INE629D01020,,Consumer Discretionary,Textiles,Textiles & Apparels,Other Textile Products,7.3,bse,2026-10-02T04:02:27
INE647A01010,,Commodities,Chemicals,Chemicals & Petrochemicals,Commodity Chemicals,24.39,bse,2026-10-02T04:02:27
INE076B01028,,Consumer Discretionary,Textiles,Textiles & Apparels,Other Textile Products,8.47,bse,2026-10-02T04:02:27
INE464A01036,,Industrials,Capital Goods,Electrical Equipment,Heavy Electrical Equipment,,bse,2026-10-02T04:02:27
INE835D01023,,Industrials,Capital Goods,Industrial Manufacturing,Industrial Products,69.3,bse,2026-10-02T04:02:27
INE520A01027,,Information Technology,Information Technology,IT - Software,Computers - Software & Consulting,8.51,bse,2026-10-02T04:02:27
INE045B01015,,Information Technology,Information Technology,IT - Hardware,Computers Hardware & Equipments,453.82,bse,2026-10-02T04:02:27
INE418E01018,,Industrials,Capital Goods,Electrical Equipment,Other Electrical Equipment,35.37,bse,2026-10-02T04:02:27
INE279A01012,,Industrials,Capital Goods,Industrial Products,Cables - Electricals,19.34,bse,2026-10-02T04:02:27
INE206N01018,,Industrials,Capital Goods,Electrical Equipment,Other Electrical Equipment,24.22,bse,2026-10-02T04:02:27
INE507F01023,,Information Technology,Information Technology,IT - Software,Computers - Software & Consulting,8.71,bse,2026-10-02T04:02:27
INE361D01012,,Industrials,Capital Goods,Industrial Products,Iron & Steel Products,,bse,2026-10-02T04:02:27
INE385C01021,,Commodities,Metals & Mining,Ferrous Metals,Iron & Steel,9.81,bse,2026-10-02T04:02:27
INE566M01017,,Industrials,Capital Goods,Industrial Products,Iron & Steel Products,123.15,bse,2026-10-02T04:02:27
INE323C01030,,Industrials,Construction,Construction,Civil Construction,,bse,2026-10-02T04:02:27
INE155E01016,,Industrials,Capital Goods,Industrial Products,Castings & Forgings,81.59,bse,2026-10-02T04:02:27
INE569C01020,,Industrials,Capital Goods,Industrial Products,Electrodes & Refractories,15.2,bse,2026-10-02T04:02:27
INE149K01016,,Commodities,Metals & Mining,Ferrous Metals,Iron & Steel,8.63,bse,2026-10-02T04:02:27
INE149A01033,,Financial Services,Financial Services,Finance,Investment Company,2.97,bse,2026-10-02T04:02:27
INE449A01011,,Consumer Discretionary,Automobile and Auto Components,Auto Components,Auto Components & Equipments,,bse,2026-10-02T04:02:27
INE187D01029,,Consumer Discretionary,Automobile and Auto Components,Auto Components,Auto Components & Equipments,16.02,bse,2026-10-02T04:02:27
INE116C01012,,Consumer Discretionary,Automobile and Auto Components,Auto Components,Auto Components & Equipments,20.81,bse,2026-10-02T04:02:27
INE294B01019,,Industrials,Capital Goods,"Agricultural, Commercial & Construction Vehicles",Commercial Vehicles,,bse,2026-10-02T04:02:27
INE806C01018,,Industrials,Capital Goods,"Agricultural, Commercial & Construction Vehicles",Construction Vehicles,-47.84,bse,2026-10-02T04:02:27
INE066A01021,,Consumer Discretionary,Automobile and Auto Components,Automobiles,2/3 Wheelers,22.72,bse,2026-10-02T04:02:27
INE221B01012,,Industrials,Capital Goods,Industrial Manufacturing,Industrial Products,158.76,bse,2026-10-02T04:02:27
INE541A01023,,Industrials,Capital Goods,Industrial Manufacturing,Industrial Products,93.8,bse,2026-10-02T04:02:27
INE811A01038,,Industrials,Capital Goods,Industrial Products,"Compressors, Pumps & Diesel Engines",13.46,bse,2026-10-02T04:02:27
INE317F01035,,Services,Services,Commercial Services & Supplies,Diversified Commercial Services,6.95,bse,2026-10-02T04:02:27
INE435C01024,,Services,Services,Commercial Services & Supplies,Diversified Commercial Services,110.2,bse,2026-10-02T04:02:27
INE274C01019,,Industrials,Capital Goods,Industrial Products,Abrasives & Bearings,68.52,bse,2026-10-02T04:02:27
INE688D01026,,Consumer Discretionary,Consumer Durables,Consumer Durables,"Furniture, Home Furnishing",24.77,bse,2026-10-02T04:02:27
INE966A01022,,Financial Services,Financial Services,Capital Markets,Stockbroking & Allied,3.23,bse,2026-10-02T04:02:27
INE274F01020,,Consumer Discretionary,Consumer Services,Leisure Services,Restaurants,245.22,bse,2026-10-02T04:02:27
INE256A01028,,Consumer Discretionary,"Media, Entertainment & Publication",Entertainment,TV Broadcasting & Software Production,13.8,bse,2026-10-02T04:02:27
INE205B01031,,Industrials,Capital Goods,Electrical Equipment,Heavy Electrical Equipment,20.43,bse,2026-10-02T04:02:27
INE266D01021,,Commodities,Chemicals,Chemicals & Petrochemicals,Commodity Chemicals,15.72,bse,2026-10-02T04:02:27
INE524A01029,,Consumer Discretionary,Automobile and Auto Components,Auto Components,Auto Components & Equipments,48.44,bse,2026-10-02T04:02:27
INE598D01035,,Financial Services,Financial Services,Capital Markets,Stockbroking & Allied,34.03,bse,2026-10-02T04:02:27
INE559A01017,,Consumer Discretionary,Consumer Durables,Consumer Durables,Household Appliances,22.55,bse,2026-10-02T04:02:27
INE638A01035,,Consumer Discretionary,Consumer Durables,Consumer Durables,Household Appliances,,bse,2026-10-02T04:02:27
INE529A01010,,Consumer Discretionary,Automobile and Auto Components,Auto Components,Auto Components & Equipments,9.72,bse,2026-10-02T04:02:27
INE513A01022,,Consumer Discretionary,Automobile and Auto Components,Auto Components,Auto Components & Equipments,33.89,bse,2026-10-02T04:02:27
INE384A01010,,Financial Services,Financial Services,Finance,Holding Company,14.86,bse,2026-10-02T04:02:27
INE545L01039,,Financial Services,Financial Services,Finance,Non Banking Financial Company (NBFC),432.91,bse,2026-10-02T04:02:27
INE391D01019,,Industrials,Capital Goods,Industrial Manufacturing,Industrial Products,68.29,bse,2026-10-02T04:02:27
INE765D01022,,Industrials,Capital Goods,Industrial Manufacturing,Industrial Products,12.67,bse,2026-10-02T04:02:27
INE717A01029,,Industrials,Capital Goods,Industrial Manufacturing,Industrial Products,,bse,2026-10-02T04:02:27
INE603A01013,,Commodities,Metals & Mining,Ferrous Metals,Iron & Steel,,bse,2026-10-02T04:02:27
INE536A01023,,Industrials,Capital Goods,Industrial Products,Abrasives & Bearings,19.2,bse,2026-10-02T04:02:27
INE727B01026,,Information Technology,Information Technology,IT - Services,IT Enabled Services,48.08,bse,2026-10-02T04:02:27
INE416D01022,,Healthcare,Healthcare,Pharmaceuticals & Biotechnology,Pharmaceuticals,34.41,bse,2026-10-02T04:02:27
INE189B01011,,Commodities,Chemicals,Chemicals & Petrochemicals,Specialty Chemicals,10.69,bse,2026-10-02T04:02:27
INE426A01027,,Consumer Discretionary,Realty,Realty,"Residential, Commercial Projects",6.05,bse,2026-10-02T04:02:27
INE489G01022,,Healthcare,Healthcare,Pharmaceuticals & Biotechnology,Pharmaceuticals,,bse,2026-10-02T04:02:27
INE737D01021,,Industrials,Capital Goods,Electrical Equipment,Other Electrical Equipment,12.43,bse,2026-10-02T04:02:27
INE462A01022,,Commodities,Chemicals,Fertilizers & Agrochemicals,Pesticides & Agrochemicals,,bse,2026-10-02T04:02:27
INE169A01031,,Commodities,Chemicals,Fertilizers & Agrochemicals,Fertilizers,10.33,bse,2026-10-02T04:02:27
INE288B01029,,Commodities,Chemicals,Chemicals & Petrochemicals,Specialty Chemicals,16.76,bse,2026-10-02T04:02:27
INE505A01010,,Commodities,Chemicals,Chemicals & Petrochemicals,Specialty Chemicals,14.35,bse,2026-10-02T04:02:27
INE225B01021,,Healthcare,Healthcare,Pharmaceuticals & Biotechnology,Pharmaceuticals,17.67,bse,2026-10-02T04:02:27
INE077F01035,,Commodities,Chemicals,Chemicals & Petrochemicals,Explosives,0.98,bse,2026-10-02T04:02:27
INE138C01024,,Industrials,Capital Goods,Industrial Manufacturing,Industrial Products,5.84,bse,2026-10-02T04:02:27
INE265B01019,,Commodities,Chemicals,Chemicals & Petrochemicals,Specialty Chemicals,10.22,bse,2026-10-02T04:02:27
INE602A01031,,Commodities,Chemicals,Chemicals & Petrochemicals,Carbon Black,32.04,bse,2026-10-02T04:02:27
INE841D01013,,Commodities,Chemicals,Chemicals & Petrochemicals,Specialty Chemicals,19.61,bse,2026-10-02T04:02:27
INE277B01014,,Commodities,Chemicals,Fertilizers & Agrochemicals,Pesticides & Agrochemicals,12.64,bse,2026-10-02T04:02:27
INE888C01040,,Commodities,Chemicals,Chemicals & Petrochemicals,Commodity Chemicals,-0.74,bse,2026-10-02T04:02:27
INE659A01023,,Commodities,Chemicals,Chemicals & Petrochemicals,Dyes And Pigments,346.74,bse,2026-10-02T04:02:27
INE405A01021,,Commodities,Chemicals,Chemicals & Petrochemicals,Dyes And Pigments,8.5,bse,2026-10-02T04:02:27
INE351A01035,,Healthcare,Healthcare,Pharmaceuticals & Biotechnology,Pharmaceuticals,6.75,bse,2026-10-02T04:02:27
INE150B01039,,Commodities,Chemicals,Chemicals & Petrochemicals,Specialty Chemicals,,bse,2026-10-02T04:02:27
INE203A01020,,Healthcare,Healthcare,Pharmaceuticals & Biotechnology,Pharmaceuticals,,bse,2026-10-02T04:02:27
INE607A01022,,Commodities,Chemicals,Chemicals & Petrochemicals,Commodity Chemicals,29.31,bse,2026-10-02T04:02:27
INE942C01045,,Healthcare,Healthcare,Pharmaceuticals & Biotechnology,Pharmaceuticals,,bse,2026-10-02T04:02:27
INE133E01013,,Fast Moving Consumer Goods,Fast Moving Consumer Goods,Beverages,Breweries & Distilleries,-628.01,bse,2026-10-02T04:02:27
INE711A01022,,Industrials,Capital Goods,Industrial Manufacturing,Industrial Products,,bse,2026-10-02T04:02:27
INE076C01018,,Fast Moving Consumer Goods,Fast Moving Consumer Goods,Beverages,Breweries & Distilleries,7.71,bse,2026-10-02T04:02:27
INE075D01018,,Fast Moving Consumer Goods,Fast Moving Consumer Goods,Beverages,Breweries & Distilleries,11.84,bse,2026-10-02T04:02:27
INE625B01014,,Fast Moving Consumer Goods,Fast Moving Consumer Goods,Agricultural Food & other Products,Sugar,,bse,2026-10-02T04:02:27
INE480C01038,,Fast Moving Consumer Goods,Fast Moving Consumer Goods,Beverages,Breweries & Distilleries,89.13,bse,2026-10-02T04:02:27
INE073G01016,,Fast Moving Consumer Goods,Fast Moving Consumer Goods,Beverages,Breweries & Distilleries,8.73,bse,2026-10-02T04:02:27
INE976E01023,,Fast Moving Consumer Goods,Fast Moving Consumer Goods,Food Products,Packaged Foods,7.08,bse,2026-10-02T04:02:27
INE043C01018,,Commodities,Chemicals,Chemicals & Petrochemicals,Specialty Chemicals,,bse,2026-10-02T04:02:27
INE075A01022,,Information Technology,Information Technology,IT - Software,Computers - Software & Consulting,8.46,bse,2026-10-02T04:02:27
INE435G01025,,Commodities,Chemicals,Fertilizers & Agrochemicals,Pesticides & Agrochemicals,,bse,2026-10-02T04:02:27
INE910C01018,,Diversified,Diversified,Diversified,Diversified,,bse,2026-10-02T04:02:27
INE284B01028,,Commodities,Chemicals,Chemicals & Petrochemicals,Commodity Chemicals,,bse,2026-10-02T04:02:27
INE694E01014,,Industrials,Capital Goods,Industrial Products,Packaging,4.3,bse,2026-10-02T04:02:27
INE048B01035,,Healthcare,Healthcare,Pharmaceuticals & Biotechnology,Pharmaceuticals,,bse,2026-10-02T04:02:27
INE745B01028,,Commodities,Chemicals,Fertilizers & Agrochemicals,Fertilizers,,bse,2026-10-02T04:02:27
INE322A01010,,Fast Moving Consumer Goods,Fast Moving Consumer Goods,Personal Products,Personal Care,,bse,2026-10-02T04:02:27
INE694A01020,,Consumer Discretionary,Realty,Realty,"Residential, Commercial Projects",-0.22,bse,2026-10-02T04:02:27
INE054A01027,,Consumer Discretionary,Consumer Durables,Consumer Durables,Plastic Products - Consumer,-8.97,bse,2026-10-02T04:02:27
INE724A01017,,Financial Services,Financial Services,Finance,Other Financial Services,43.32,bse,2026-10-02T04:02:27
INE979B01015,,Consumer Discretionary,Consumer Durables,Consumer Durables,Houseware,,bse,2026-10-02T04:02:27
INE757A01017,,Industrials,Capital Goods,Industrial Products,Packaging,9.08,bse,2026-10-02T04:02:27
INE437A01024,,Healthcare,Healthcare,Healthcare Services,Hospital,37.29,bse,2026-10-02T04:02:27
INE295A01018,,Commodities,Construction Materials,Other Construction Materials,Other Construction Materials,-19.99,bse,2026-10-02T04:02:27
INE193B01039,,Consumer Discretionary,Textiles,Textiles & Apparels,Other Textile Products,64.27,bse,2026-10-02T04:02:27
INE734I01027,,Financial Services,Financial Services,Finance,Non Banking Financial Company (NBFC),44.13,bse,2026-10-02T04:02:27
INE060A01024,,Fast Moving Consumer Goods,Fast Moving Consumer Goods,Household Products,Stationary,4.16,bse,2026-10-02T04:02:27
INE572G01025,,Consumer Discretionary,Realty,Realty,"Residential, Commercial Projects",4.09,bse,2026-10-02T04:02:27
INE392A01021,,Commodities,Construction Materials,Cement & Cement Products,Cement & Cement Products,5.15,bse,2026-10-02T04:02:27
INE742B01025,,Healthcare,Healthcare,Pharmaceuticals & Biotechnology,Pharmaceuticals,42.38,bse,2026-10-02T04:02:27
INE421C01016,,Consumer Discretionary,Automobile and Auto Components,Auto Components,Tyres & Rubber Products,28.59,bse,2026-10-02T04:02:27
INE463A01038,,Consumer Discretionary,Consumer Durables,Consumer Durables,Paints,29.23,bse,2026-10-02T04:02:27
INE371A01025,,Industrials,Capital Goods,Industrial Products,Electrodes & Refractories,37.55,bse,2026-10-02T04:02:27
INE686A01026,,Industrials,Construction,Construction,Civil Construction,23.8,bse,2026-10-02T04:02:27
INE276A01018,,Consumer Discretionary,Textiles,Textiles & Apparels,Other Textile Products,19.91,bse,2026-10-02T04:02:27
INE426D01013,,Commodities,Metals & Mining,Minerals & Mining,Industrial Minerals,,bse,2026-10-02T04:02:27
INE545A01024,,Industrials,Capital Goods,Industrial Products,Electrodes & Refractories,6.88,bse,2026-10-02T04:02:27
INE557A01011,,Commodities,Construction Materials,Other Construction Materials,Other Construction Materials,-6.44,bse,2026-10-02T04:02:27
INE575C01027,,Industrials,Capital Goods,Industrial Manufacturing,Industrial Products,2.33,bse,2026-10-02T04:02:27
INE364A01020,,Fast Moving Consumer Goods,Fast Moving Consumer Goods,Agricultural Food & other Products,Tea & Coffee,-7.48,bse,2026-10-02T04:02:27
INE972A01020,,Consumer Discretionary,Consumer Durables,Consumer Durables,Leather And Leather Products,-6.7,bse,2026-10-02T04:02:27
INE275B01026,,Industrials,Capital Goods,Industrial Products,Packaging,,bse,2026-10-02T04:02:27
INE849C01026,,Consumer Discretionary,Consumer Durables,Consumer Durables,Paints,-5.8,bse,2026-10-02T04:02:27
INE195A01028,,Industrials,Capital Goods,Industrial Products,Plastic Products - Industrial,20.8,bse,2026-10-02T04:02:27
INE710A01016,,Fast Moving Consumer Goods,Fast Moving Consumer Goods,Cigarettes & Tobacco Products,Cigarettes & Tobacco Products,,bse,2026-10-02T04:02:27
INE742C01031,,Energy,"Oil, Gas & Consumable Fuels",Oil,Offshore Support Solution Drilling,7.58,bse,2026-10-02T04:02:27
INE065D01027,,Industrials,Capital Goods,Industrial Products,Iron & Steel Products,6.46,bse,2026-10-02T04:02:27
INE477A01020,,Financial Services,Financial Services,Finance,Housing Finance Company,,bse,2026-10-02T04:02:27
INE050B01023,,Financial Services,Financial Services,Capital Markets,Asset Management Company,79.83,bse,2026-10-02T04:02:27
INE721A01047,,Financial Services,Financial Services,Finance,Non Banking Financial Company (NBFC),17.98,bse,2026-10-02T04:02:27
INE121A01024,,Financial Services,Financial Services,Finance,Non Banking Financial Company (NBFC),16.5,bse,2026-10-02T04:02:27
INE051B01021,,Information Technology,Information Technology,IT - Services,IT Enabled Services,33.63,bse,2026-10-02T04:02:27
INE882C01035,,Healthcare,Healthcare,Pharmaceuticals & Biotechnology,Pharmaceuticals,,bse,2026-10-02T04:02:27
INE903D01011,,Financial Services,Financial Services,Capital Markets,Stockbroking & Allied,9.97,bse,2026-10-02T04:02:27
INE323B01024,,Financial Services,Financial Services,Finance,Non Banking Financial Company (NBFC),15.55,bse,2026-10-02T04:02:27
INE420B01036,,Financial Services,Financial Services,Capital Markets,Stockbroking & Allied,21.15,bse,2026-10-02T04:02:27
INE417D01020,,Financial Services,Financial Services,Finance,Non Banking Financial Company (NBFC),9.24,bse,2026-10-02T04:02:27
INE289B01019,,Financial Services,Financial Services,Finance,Housing Finance Company,3.42,bse,2026-10-02T04:02:27
INE875B01015,,Consumer Discretionary,Realty,Realty,"Residential, Commercial Projects",-2.29,bse,2026-10-02T04:02:27
INE583D01011,,Financial Services,Financial Services,Finance,Non Banking Financial Company (NBFC),4.44,bse,2026-10-02T04:02:27
INE677D01037,,Financial Services,Financial Services,Capital Markets,Stockbroking & Allied,8.47,bse,2026-10-02T04:02:27
INE886D01026,,Services,Services,Commercial Services & Supplies,Diversified Commercial Services,5.82,bse,2026-10-02T04:02:27
INE887D01024,,Consumer Discretionary,Consumer Services,Retailing,Internet & Catalogue Retail,2.47,bse,2026-10-02T04:02:27
INE945F01025,,Commodities,Metals & Mining,Non - Ferrous Metals,Precious Metals,-40.77,bse,2026-10-02T04:02:27
INE628A01036,,Commodities,Chemicals,Fertilizers & Agrochemicals,Pesticides & Agrochemicals,11.21,bse,2026-10-02T04:02:27
INE758A01072,,Information Technology,Information Technology,IT - Software,Software Products,8.95,bse,2026-10-02T04:02:27
INE805D01034,,Consumer Discretionary,Realty,Realty,"Residential, Commercial Projects",11.29,bse,2026-10-02T04:02:27
INE070D01027,,Industrials,Capital Goods,Industrial Products,Plastic Products - Industrial,6.67,bse,2026-10-02T04:02:27
INE458B01036,,Commodities,Metals & Mining,Non - Ferrous Metals,Copper,16.21,bse,2026-10-02T04:02:27
INE385F01024,,Commodities,Metals & Mining,Metals & Minerals Trading,Trading - Metals,55.88,bse,2026-10-02T04:02:27
INE281B01032,,Commodities,Metals & Mining,Minerals & Mining,Industrial Minerals,11.48,bse,2026-10-02T04:02:27
INE080I01025,,Commodities,Metals & Mining,Metals & Minerals Trading,Trading - Metals,21.07,bse,2026-10-02T04:02:27
INE807F01027,,Healthcare,Healthcare,Pharmaceuticals & Biotechnology,Pharmaceuticals,28.73,bse,2026-10-02T04:02:27
INE080B01012,,Fast Moving Consumer Goods,Fast Moving Consumer Goods,Agricultural Food & other Products,Other Agricultural Products,0.67,bse,2026-10-02T04:02:27
INE871C01038,,Fast Moving Consumer Goods,Fast Moving Consumer Goods,Food Products,Animal Feed,5.99,bse,2026-10-02T04:02:27
INE423A01024,,Commodities,Metals & Mining,Metals & Minerals Trading,Trading - Minerals,22.93,bse,2026-10-02T04:02:27
INE725A01030,,Utilities,Power,Power,Power Generation,9.21,bse,2026-10-02T04:02:27
INE386D01027,,Industrials,Capital Goods,Industrial Products,Iron & Steel Products,40.62,bse,2026-10-02T04:02:27
INE524B01027,,Industrials,Capital Goods,Industrial Products,Iron & Steel Products,,bse,2026-10-02T04:02:27
INE173M01012,,Commodities,Metals & Mining,Non - Ferrous Metals,Copper,19.63,bse,2026-10-02T04:02:27
INE932A01024,,Industrials,Capital Goods,Industrial Manufacturing,Industrial Products,11.26,bse,2026-10-02T04:02:27
INE197A01024,,Industrials,Capital Goods,Electrical Equipment,Heavy Electrical Equipment,11.47,bse,2026-10-02T04:02:27
INE802C01033,,Consumer Discretionary,Automobile and Auto Components,Auto Components,Auto Components & Equipments,20.06,bse,2026-10-02T04:02:27
INE993A01026,,Industrials,Capital Goods,Industrial Products,Iron & Steel Products,24.12,bse,2026-10-02T04:02:27
INE298G01035,,Consumer Discretionary,Realty,Realty,"Residential, Commercial Projects",1.38,bse,2026-10-02T04:02:27
INE120A01034,,Industrials,Capital Goods,Industrial Products,Abrasives & Bearings,73.51,bse,2026-10-02T04:02:27
INE123F01029,,Services,Services,Commercial Services & Supplies,Trading & Distributors,9.2,bse,2026-10-02T04:02:27
INE640C01011,,Industrials,Capital Goods,Industrial Products,Iron & Steel Products,2.08,bse,2026-10-02T04:02:27
INE314G01014,,Industrials,Capital Goods,Industrial Products,Castings & Forgings,,bse,2026-10-02T04:02:27
INE124E01038,,Industrials,Capital Goods,Industrial Products,Castings & Forgings,,bse,2026-10-02T04:02:27
INE450D01021,,Industrials,Capital Goods,Industrial Manufacturing,Industrial Products,24.11,bse,2026-10-02T04:02:27
INE770A01010,,Consumer Discretionary,Automobile and Auto Components,Auto Components,Auto Components & Equipments,9.81,bse,2026-10-02T04:02:27
INE207H01018,,Energy,"Oil, Gas & Consumable Fuels",Oil,Oil Exploration & Production,61.18,bse,2026-10-02T04:02:27
INE451L01014,,Industrials,Capital Goods,Industrial Products,Iron & Steel Products,110.06,bse,2026-10-02T04:02:27
INE531E01026,,Commodities,Metals & Mining,Non - Ferrous Metals,Copper,31.3,bse,2026-10-02T04:02:27
INE589A01014,,Utilities,Power,Power,Power Generation,7.12,bse,2026-10-02T04:02:27
INE049A01027,,Consumer Discretionary,Textiles,Textiles & Apparels,Other Textile Products,10.82,bse,2026-10-02T04:02:27
INE192B01031,,Consumer Discretionary,Textiles,Textiles & Apparels,Other Textile Products,46.35,bse,2026-10-02T04:02:27
INE845D01014,,Consumer Discretionary,Textiles,Textiles & Apparels,Other Textile Products,27.43,bse,2026-10-02T04:02:27
INE761G01016,,Commodities,Chemicals,Chemicals & Petrochemicals,Specialty Chemicals,15.2,bse,2026-10-02T04:02:27
INE235C01036,,Consumer Discretionary,Textiles,Textiles & Apparels,Other Textile Products,16.29,bse,2026-10-02T04:02:27
INE495C01010,,Consumer Discretionary,Textiles,Textiles & Apparels,Other Textile Products,21.49,bse,2026-10-02T04:02:27
INE273D01027,,Consumer Discretionary,Textiles,Textiles & Apparels,Other Textile Products,,bse,2026-10-02T04:02:27
INE670O01013,,Healthcare,Healthcare,Healthcare Services,Healthcare Service Provider,,bse,2026-10-02T04:02:27
INE309M01020,,Industrials,Capital Goods,Industrial Products,Plastic Products - Industrial,,bse,2026-10-02T04:02:27
INE370D01013,,Commodities,Chemicals,Chemicals & Petrochemicals,Commodity Chemicals,10.02,bse,2026-10-02T04:02:27
INE577D01013,,Commodities,Chemicals,Chemicals & Petrochemicals,Specialty Chemicals,,bse,2026-10-02T04:02:27
INE439A01020,,Consumer Discretionary,Automobile and Auto Components,Auto Components,Auto Components & Equipments,40.56,bse,2026-10-02T04:02:27
INE068B01017,,Consumer Discretionary,Automobile and Auto Components,Auto Components,Auto Components & Equipments,,bse,2026-10-02T04:02:27
INE242C01024,,Consumer Discretionary,Realty,Realty,"Residential, Commercial Projects",24.51,bse,2026-10-02T04:02:27
INE506D01020,,Industrials,Capital Goods,Industrial Products,Packaging,19.56,bse,2026-10-02T04:02:27
INE551D01018,,Commodities,Forest Materials,"Paper, Forest & Jute Products",Paper & Paper Products,11.57,bse,2026-10-02T04:02:27
INE570D01018,,Industrials,Capital Goods,Industrial Products,Packaging,14.83,bse,2026-10-02T04:02:27
INE270I01022,,Commodities,Chemicals,Chemicals & Petrochemicals,Specialty Chemicals,20.56,bse,2026-10-02T04:02:27
INE740D01017,,Commodities,Forest Materials,"Paper, Forest & Jute Products",Paper & Paper Products,,bse,2026-10-02T04:02:27
INE707A01012,,Industrials,Construction,Construction,Civil Construction,10.51,bse,2026-10-02T04:02:27
INE302D01024,,Industrials,Capital Goods,Electrical Equipment,Other Electrical Equipment,142.16,bse,2026-10-02T04:02:27
INE045A01017,,Industrials,Capital Goods,Industrial Products,Other Industrial Products,20.05,bse,2026-10-02T04:02:27
INE457F01013,,Industrials,Capital Goods,Electrical Equipment,Other Electrical Equipment,11.0,bse,2026-10-02T04:02:27
INE228A01035,,Industrials,Capital Goods,Industrial Products,Iron & Steel Products,20.93,bse,2026-10-02T04:02:27
INE287B01021,,Industrials,Capital Goods,Industrial Products,Other Industrial Products,18.5,bse,2026-10-02T04:02:27
INE671A01010,,Industrials,Capital Goods,Industrial Manufacturing,Industrial Products,,bse,2026-10-02T04:02:27
INE162B01018,,Consumer Discretionary,Automobile and Auto Components,Auto Components,Auto Components & Equipments,19.21,bse,2026-10-02T04:02:27
INE292B01021,,Industrials,Capital Goods,Industrial Products,Other Industrial Products,18.87,bse,2026-10-02T04:02:27
INE162A01010,,Utilities,Power,Power,Power Generation,,bse,2026-10-02T04:02:27
INE775A01035,,Consumer Discretionary,Automobile and Auto Components,Auto Components,Auto Components & Equipments,21.33,bse,2026-10-02T04:02:27
INE110B01017,,Information Technology,Information Technology,IT - Software,Computers - Software & Consulting,10.8,bse,2026-10-02T04:02:27
INE176B01034,,Consumer Discretionary,Consumer Durables,Consumer Durables,Consumer Electronics,21.75,bse,2026-10-02T04:02:27
INE188B01013,,Consumer Discretionary,Automobile and Auto Components,Auto Components,Auto Components & Equipments,,bse,2026-10-02T04:02:27
INE225D01027,,Consumer Discretionary,Consumer Durables,Consumer Durables,Household Appliances,-50.92,bse,2026-10-02T04:02:27
INE295F01017,,Consumer Discretionary,Consumer Durables,Consumer Durables,Household Appliances,,bse,2026-10-02T04:02:27
INE415B01044,,Industrials,Capital Goods,Electrical Equipment,Heavy Electrical Equipment,33.47,bse,2026-10-02T04:02:27
INE855C01023,,Industrials,Capital Goods,Electrical Equipment,Other Electrical Equipment,6.69,bse,2026-10-02T04:02:27
INE535D01037,,Industrials,Capital Goods,Industrial Products,"Compressors, Pumps & Diesel Engines",28.94,bse,2026-10-02T04:02:27
INE690A01028,,Consumer Discretionary,Consumer Durables,Consumer Durables,Household Appliances,21.72,bse,2026-10-02T04:02:27
INE451D01029,,Consumer Discretionary,Automobile and Auto Components,Auto Components,Auto Components & Equipments,20.21,bse,2026-10-02T04:02:27
INE229A01017,,Information Technology,Information Technology,IT - Services,IT Enabled Services,9.91,bse,2026-10-02T04:02:27
INE320B01020,,Industrials,Capital Goods,Aerospace & Defense,Aerospace & Defense,-906.31,bse,2026-10-02T04:02:27
INE362A01016,,Consumer Discretionary,Realty,Realty,"Residential, Commercial Projects",-444.77,bse,2026-10-02T04:02:27
INE878B01027,,Industrials,Capital Goods,Industrial Products,Cables - Electricals,30.19,bse,2026-10-02T04:02:27
INE488B01017,,Fast Moving Consumer Goods,Fast Moving Consumer Goods,Food Products,Packaged Foods,,bse,2026-10-02T04:02:27
INE488D01021,,Fast Moving Consumer Goods,Fast Moving Consumer Goods,Agricultural Food & other Products,Other Agricultural Products,11.82,bse,2026-10-02T04:02:27
INE254N01026,,Fast Moving Consumer Goods,Fast Moving Consumer Goods,Diversified FMCG,Diversified FMCG,31.19,bse,2026-10-02T04:02:27
INE694D01016,,Fast Moving Consumer Goods,Fast Moving Consumer Goods,Food Products,Dairy Products,11.59,bse,2026-10-02T04:02:27
INE982B01027,,Fast Moving Consumer Goods,Fast Moving Consumer Goods,Food Products,Packaged Foods,23.78,bse,2026-10-02T04:02:27
INE220Z01013,,Fast Moving Consumer Goods,Fast Moving Consumer Goods,Food Products,Seafood,23.3,bse,2026-10-02T04:02:27
INE978A01027,,Fast Moving Consumer Goods,Fast Moving Consumer Goods,Food Products,Dairy Products,17.83,bse,2026-10-02T04:02:27
INE421D01022,,Fast Moving Consumer Goods,Fast Moving Consumer Goods,Agricultural Food & other Products,Tea & Coffee,23.27,bse,2026-10-02T04:02:27
INE164B01030,,Information Technology,Information Technology,IT - Services,IT Enabled Services,4.57,bse,2026-10-02T04:02:27
INE209B01025,,Consumer Discretionary,Automobile and Auto Components,Auto Components,Auto Components & Equipments,27.38,bse,2026-10-02T04:02:27
INE090B01011,,Consumer Discretionary,Automobile and Auto Components,Auto Components,Auto Components & Equipments,,bse,2026-10-02T04:02:27
INE577A01027,,Consumer Discretionary,Automobile and Auto Components,Auto Components,Auto Components & Equipments,,bse,2026-10-02T04:02:27
INE039C01032,,Consumer Discretionary,Automobile and Auto Components,Auto Components,Auto Components & Equipments,9.78,bse,2026-10-02T04:02:27
INE105A01035,,Financial Services,Financial Services,Finance,Investment Company,8.34,bse,2026-10-02T04:02:27
INE643A01035,,Consumer Discretionary,Automobile and Auto Components,Auto Components,Auto Components & Equipments,,bse,2026-10-02T04:02:27
INE672B01032,,Consumer Discretionary,Automobile and Auto Components,Auto Components,Auto Components & Equipments,11.87,bse,2026-10-02T04:02:27
INE571B01036,,Consumer Discretionary,Automobile and Auto Components,Auto Components,Auto Components & Equipments,7.9,bse,2026-10-02T04:02:27
INE704B01017,,Consumer Discretionary,Automobile and Auto Components,Auto Components,Auto Components & Equipments,24.5,bse,2026-10-02T04:02:27
INE703B01027,,Industrials,Capital Goods,Industrial Products,Iron & Steel Products,23.62,bse,2026-10-02T04:02:27
INE386A01023,,Industrials,Capital Goods,Industrial Products,Electrodes & Refractories,,bse,2026-10-02T04:02:27
INE900C01027,,Consumer Discretionary,Automobile and Auto Components,Auto Components,Auto Components & Equipments,,bse,2026-10-02T04:02:27
INE483B01026,,Consumer Discretionary,Textiles,Textiles & Apparels,Other Textile Products,41.03,bse,2026-10-02T04:02:27
INE064C01022,,Consumer Discretionary,Textiles,Textiles & Apparels,Other Textile Products,19.52,bse,2026-10-02T04:02:27
INE270A01029,,Consumer Discretionary,Textiles,Textiles & Apparels,Other Textile Products,-3.19,bse,2026-10-02T04:02:27
INE602G01020,,Consumer Discretionary,Textiles,Textiles & Apparels,Garments & Apparels,-36.0,bse,2026-10-02T04:02:27
INE961D01019,,Industrials,Capital Goods,Industrial Manufacturing,Industrial Products,16.94,bse,2026-10-02T04:02:27
INE052A01021,,Industrials,Capital Goods,Industrial Manufacturing,Industrial Products,-6332.17,bse,2026-10-02T04:02:27
INE631A01022,,Industrials,Capital Goods,Industrial Manufacturing,Industrial Products,,bse,2026-10-02T04:02:27
INE634A01018,,Industrials,Capital Goods,Industrial Manufacturing,Industrial Products,,bse,2026-10-02T04:02:27
INE285A01027,,Industrials,Capital Goods,Industrial Products,"Compressors, Pumps & Diesel Engines",29.5,bse,2026-10-02T04:02:27
INE338F01015,,Industrials,Capital Goods,Industrial Manufacturing,Industrial Products,22.18,bse,2026-10-02T04:02:27
INE372E01025,,Industrials,Capital Goods,Industrial Manufacturing,Industrial Products,21.18,bse,2026-10-02T04:02:27
INE384C01016,,Industrials,Capital Goods,Industrial Products,"Compressors, Pumps & Diesel Engines",80.41,bse,2026-10-02T04:02:27
INE325A01013,,Industrials,Capital Goods,Industrial Products,Abrasives & Bearings,39.6,bse,2026-10-02T04:02:27
INE989C01038,,Industrials,Capital Goods,Electrical Equipment,Other Electrical Equipment,77.8,bse,2026-10-02T04:02:27
INE572D01014,,Consumer Discretionary,Automobile and Auto Components,Auto Components,Auto Components & Equipments,,bse,2026-10-02T04:02:27
INE074A01025,,Industrials,Capital Goods,Industrial Manufacturing,Industrial Products,160.61,bse,2026-10-02T04:02:27
INE461D01028,,Industrials,Capital Goods,Industrial Manufacturing,Industrial Products,48.55,bse,2026-10-02T04:02:27
INE826C01016,,Industrials,Capital Goods,Industrial Manufacturing,Industrial Products,57.05,bse,2026-10-02T04:02:27
INE692C01020,,Industrials,Capital Goods,Aerospace & Defense,Aerospace & Defense,30.98,bse,2026-10-02T04:02:27
INE227C01017,,Consumer Discretionary,Automobile and Auto Components,Auto Components,Auto Components & Equipments,13.31,bse,2026-10-02T04:02:27
INE040D01038,,Consumer Discretionary,Consumer Durables,Consumer Durables,Leather And Leather Products,10.38,bse,2026-10-02T04:02:27
INE535F01024,,Industrials,Capital Goods,Industrial Manufacturing,Industrial Products,11.11,bse,2026-10-02T04:02:27
INE920A01037,,Energy,"Oil, Gas & Consumable Fuels",Oil,Offshore Support Solution Drilling,26.02,bse,2026-10-02T04:02:27
INE200A01026,,Industrials,Capital Goods,Electrical Equipment,Heavy Electrical Equipment,,bse,2026-10-02T04:02:27
INE207E01023,,Industrials,Capital Goods,Electrical Equipment,Other Electrical Equipment,32.83,bse,2026-10-02T04:02:27
INE854B01010,,Industrials,Capital Goods,Industrial Products,Iron & Steel Products,,bse,2026-10-02T04:02:27
INE220B01022,,Industrials,Construction,Construction,Civil Construction,15.54,bse,2026-10-02T04:02:27
INE663B01015,,Information Technology,Information Technology,IT - Hardware,Computers Hardware & Equipments,18.66,bse,2026-10-02T04:02:27
INE429E01023,,Consumer Discretionary,Consumer Durables,Consumer Durables,Plastic Products - Consumer,27.23,bse,2026-10-02T04:02:27
INE276C01014,,Consumer Discretionary,Consumer Services,Leisure Services,Hotels & Resorts,,bse,2026-10-02T04:02:27
INE415D01024,,Consumer Discretionary,Automobile and Auto Components,Auto Components,Auto Components & Equipments,,bse,2026-10-02T04:02:27
INE398A01010,,Fast Moving Consumer Goods,Fast Moving Consumer Goods,Food Products,Meat Products including Poultry,,bse,2026-10-02T04:02:27
INE822C01015,,Industrials,Capital Goods,Industrial Products,Packaging,13.61,bse,2026-10-02T04:02:27
INE164A01016,,Diversified,Diversified,Diversified,Diversified,4.14,bse,2026-10-02T04:02:27
INE177F01017,,Healthcare,Healthcare,Healthcare Services,Hospital,,bse,2026-10-02T04:02:27
INE499A01024,,Diversified,Diversified,Diversified,Diversified,8.0,bse,2026-10-02T04:02:27
INE843D01027,,Fast Moving Consumer Goods,Fast Moving Consumer Goods,Agricultural Food & other Products,Sugar,,bse,2026-10-02T04:02:27
INE636A01039,,Fast Moving Consumer Goods,Fast Moving Consumer Goods,Agricultural Food & other Products,Sugar,30.42,bse,2026-10-02T04:02:27
INE310A01015,,Consumer Discretionary,Consumer Durables,Consumer Durables,Plastic Products - Consumer,16.89,bse,2026-10-02T04:02:27
INE470A01017,,Diversified,Diversified,Diversified,Diversified,,bse,2026-10-02T04:02:27
INE782A01015,,Consumer Discretionary,Consumer Durables,Consumer Durables,Household Appliances,,bse,2026-10-02T04:02:27
INE780C01023,,Financial Services,Financial Services,Finance,Holding Company,6.25,bse,2026-10-02T04:02:27
INE046A01015,,Services,Services,Transport Services,Logistics Solution Provider,55.09,bse,2026-10-02T04:02:27
INE473A01011,,Commodities,Chemicals,Chemicals & Petrochemicals,Industrial Gases,62.83,bse,2026-10-02T04:02:27
INE372C01037,,Industrials,Capital Goods,Industrial Products,"Aluminium, Copper & Zinc Products",,bse,2026-10-02T04:02:27
INE109A01011,,Services,Services,Transport Services,Shipping,5.23,bse,2026-10-02T04:02:27
INE438E01032,,Industrials,Capital Goods,Aerospace & Defense,Aerospace & Defense,39.51,bse,2026-10-02T04:02:27
INE248A01017,,Telecommunication,Telecommunication,Telecom -  Equipment & Accessories,Telecom -  Equipment & Accessories,6.92,bse,2026-10-02T04:02:27
INE506A01018,,Services,Services,Engineering Services,Dredging,,bse,2026-10-02T04:02:27
INE870D01012,,Commodities,Chemicals,Fertilizers & Agrochemicals,Fertilizers,6.82,bse,2026-10-02T04:02:27
INE603J01030,,Commodities,Chemicals,Fertilizers & Agrochemicals,Pesticides & Agrochemicals,18.15,bse,2026-10-02T04:02:27
INE083C01022,,Commodities,Chemicals,Chemicals & Petrochemicals,Specialty Chemicals,,bse,2026-10-02T04:02:27
INE116A01032,,Industrials,Capital Goods,Industrial Products,Rubber,,bse,2026-10-02T04:02:27
INE759A01021,,Information Technology,Information Technology,IT - Software,Computers - Software & Consulting,7.8,bse,2026-10-02T04:02:27
INE158B01016,,Industrials,Capital Goods,Industrial Manufacturing,Industrial Products,,bse,2026-10-02T04:02:27
INE365D01021,,Consumer Discretionary,Realty,Realty,"Residential, Commercial Projects",20.42,bse,2026-10-02T04:02:27
INE477B01010,,Industrials,Capital Goods,Industrial Products,Packaging,3.66,bse,2026-10-02T04:02:27
INE885E01042,,Industrials,Capital Goods,Industrial Manufacturing,Industrial Products,,bse,2026-10-02T04:02:27
INE048C01025,,Consumer Discretionary,Consumer Services,Leisure Services,Hotels & Resorts,26.84,bse,2026-10-02T04:02:27
INE071D01033,,Consumer Discretionary,Automobile and Auto Components,Auto Components,Auto Components & Equipments,26.24,bse,2026-10-02T04:02:27
INE059B01024,,Industrials,Construction,Construction,Civil Construction,33.17,bse,2026-10-02T04:02:27
INE511C01022,,Financial Services,Financial Services,Finance,Non Banking Financial Company (NBFC),38.13,bse,2026-10-02T04:02:27
INE473D01015,,Industrials,Capital Goods,Industrial Products,Plastic Products - Industrial,,bse,2026-10-02T04:02:27
INE633B01018,,Industrials,Capital Goods,Industrial Products,Packaging,13.34,bse,2026-10-02T04:02:27
INE155C01010,,Healthcare,Healthcare,Pharmaceuticals & Biotechnology,Pharmaceuticals,,bse,2026-10-02T04:02:27
INE482D01024,,Consumer Discretionary,Consumer Durables,Consumer Durables,Household Appliances,19.51,bse,2026-10-02T04:02:27
INE900B01029,,Industrials,Capital Goods,Industrial Manufacturing,Industrial Products,-220.54,bse,2026-10-02T04:02:27
INE485C01029,,Healthcare,Healthcare,Pharmaceuticals & Biotechnology,Pharmaceuticals,27.62,bse,2026-10-02T04:02:27
INE410B01037,,Commodities,Chemicals,Chemicals & Petrochemicals,Specialty Chemicals,19.18,bse,2026-10-02T04:02:27
INE769A01020,,Commodities,Chemicals,Chemicals & Petrochemicals,Specialty Chemicals,23.85,bse,2026-10-02T04:02:27
INE107F01022,,Healthcare,Healthcare,Pharmaceuticals & Biotechnology,Pharmaceuticals,,bse,2026-10-02T04:02:27
INE036B01030,,Fast Moving Consumer Goods,Fast Moving Consumer Goods,Agricultural Food & other Products,Other Agricultural Products,13.28,bse,2026-10-02T04:02:27
INE027A01015,,Commodities,Chemicals,Fertilizers & Agrochemicals,Fertilizers,8.99,bse,2026-10-02T04:02:27
INE082A01010,,Healthcare,Healthcare,Pharmaceuticals & Biotechnology,Pharmaceuticals,32.63,bse,2026-10-02T04:02:27
INE785A01026,,Commodities,Chemicals,Chemicals & Petrochemicals,Specialty Chemicals,6.62,bse,2026-10-02T04:02:27
INE412G01024,,Fast Moving Consumer Goods,Fast Moving Consumer Goods,Beverages,Breweries & Distilleries,4.68,bse,2026-10-02T04:02:27
INE803D01021,,Commodities,Chemicals,Chemicals & Petrochemicals,Commodity Chemicals,19.95,bse,2026-10-02T04:02:27
INE767A01016,,Healthcare,Healthcare,Pharmaceuticals & Biotechnology,Pharmaceuticals,13.49,bse,2026-10-02T04:02:27
INE338D01028,,Commodities,Chemicals,Chemicals & Petrochemicals,Dyes And Pigments,30.82,bse,2026-10-02T04:02:27
INE191A01027,,Healthcare,Healthcare,Pharmaceuticals & Biotechnology,Pharmaceuticals,80.04,bse,2026-10-02T04:02:27
INE579C01029,,Healthcare,Healthcare,Healthcare Services,"Healthcare Research, Analytics & Technology",,bse,2026-10-02T04:02:27
INE750C01026,,Healthcare,Healthcare,Pharmaceuticals & Biotechnology,Pharmaceuticals,21.26,bse,2026-10-02T04:02:27
INE198H01019,,Healthcare,Healthcare,Pharmaceuticals & Biotechnology,Pharmaceuticals,,bse,2026-10-02T04:02:27
INE312C01025,,Healthcare,Healthcare,Pharmaceuticals & Biotechnology,Pharmaceuticals,18.75,bse,2026-10-02T04:02:27
INE571A01038,,Healthcare,Healthcare,Pharmaceuticals & Biotechnology,Pharmaceuticals,24.97,bse,2026-10-02T04:02:27
INE729D01010,,Healthcare,Healthcare,Pharmaceuticals & Biotechnology,Pharmaceuticals,10.55,bse,2026-10-02T04:02:27
INE879K01018,,Healthcare,Healthcare,Healthcare Services,Hospital,,bse,2026-10-02T04:02:27
INE450E01029,,Fast Moving Consumer Goods,Fast Moving Consumer Goods,Agricultural Food & other Products,Other Agricultural Products,11.19,bse,2026-10-02T04:02:27
INE794A01010,,Healthcare,Healthcare,Pharmaceuticals & Biotechnology,Pharmaceuticals,49.94,bse,2026-10-02T04:02:27
INE542B01011,,Commodities,Chemicals,Chemicals & Petrochemicals,Dyes And Pigments,,bse,2026-10-02T04:02:27
INE551C01044,,Healthcare,Healthcare,Pharmaceuticals & Biotechnology,Pharmaceuticals,50.74,bse,2026-10-02T04:02:27
INE058F01019,,Commodities,Chemicals,Chemicals & Petrochemicals,Commodity Chemicals,13.22,bse,2026-10-02T04:02:27
INE760F01028,,Commodities,Chemicals,Chemicals & Petrochemicals,Specialty Chemicals,8.12,bse,2026-10-02T04:02:27
INE035D01020,,Energy,"Oil, Gas & Consumable Fuels",Petroleum Products,Lubricants,9.84,bse,2026-10-02T04:02:27
INE782E01017,,Healthcare,Healthcare,Pharmaceuticals & Biotechnology,Pharmaceuticals,11.14,bse,2026-10-02T04:02:27
INE295D01020,,Commodities,Chemicals,Fertilizers & Agrochemicals,Pesticides & Agrochemicals,200.76,bse,2026-10-02T04:02:27
INE044A01036,,Healthcare,Healthcare,Pharmaceuticals & Biotechnology,Pharmaceuticals,24.41,bse,2026-10-02T04:02:27
INE475B01022,,Healthcare,Healthcare,Pharmaceuticals & Biotechnology,Pharmaceuticals,-43.31,bse,2026-10-02T04:02:27
INE475E01026,,Healthcare,Healthcare,Pharmaceuticals & Biotechnology,Pharmaceuticals,20.12,bse,2026-10-02T04:02:27
INE771F01041,,Healthcare,Healthcare,Healthcare Equipment & Supplies,Medical Equipment & Supplies,58.8,bse,2026-10-02T04:02:27
INE887E01022,,Healthcare,Healthcare,Pharmaceuticals & Biotechnology,Pharmaceuticals,22.01,bse,2026-10-02T04:02:27
INE406A01037,,Healthcare,Healthcare,Pharmaceuticals & Biotechnology,Pharmaceuticals,17.87,bse,2026-10-02T04:02:27
INE987B01026,,Healthcare,Healthcare,Pharmaceuticals & Biotechnology,Pharmaceuticals,8.29,bse,2026-10-02T04:02:27
INE305C01029,,Energy,"Oil, Gas & Consumable Fuels",Petroleum Products,Lubricants,5.19,bse,2026-10-02T04:02:27
INE083D01012,,Healthcare,Healthcare,Pharmaceuticals & Biotechnology,Pharmaceuticals,13.08,bse,2026-10-02T04:02:27
INE144D01012,,Industrials,Capital Goods,Industrial Products,"Aluminium, Copper & Zinc Products",,bse,2026-10-02T04:02:27
INE816B01035,,Consumer Discretionary,Textiles,Textiles & Apparels,Other Textile Products,16.49,bse,2026-10-02T04:02:27
INE863B01029,,Commodities,Chemicals,Chemicals & Petrochemicals,Explosives,66.46,bse,2026-10-02T04:02:27
INE835B01035,,Industrials,Construction,Construction,Civil Construction,16.92,bse,2026-10-02T04:02:27
INE356A01018,,Information Technology,Information Technology,IT - Software,Computers - Software & Consulting,15.35,bse,2026-10-02T04:02:27
INE460C01014,,Consumer Discretionary,Realty,Realty,"Residential, Commercial Projects",12.31,bse,2026-10-02T04:02:27
INE584A01023,,Commodities,Metals & Mining,Minerals & Mining,Industrial Minerals,5.9,bse,2026-10-02T04:02:27
INE413G01022,,Industrials,Capital Goods,Industrial Products,Packaging,12.06,bse,2026-10-02T04:02:27
INE557B01019,,Consumer Discretionary,Consumer Durables,Consumer Durables,Footwear,,bse,2026-10-02T04:02:27
INE822G01016,,Industrials,Capital Goods,Industrial Products,Iron & Steel Products,-21.47,bse,2026-10-02T04:02:27
INE233B01017,,Services,Services,Transport Services,Logistics Solution Provider,23.59,bse,2026-10-02T04:02:27
INE305A01023,,Financial Services,Financial Services,Finance,Financial Institution,75.23,bse,2026-10-02T04:02:27
INE828A01016,,Consumer Discretionary,Consumer Durables,Consumer Durables,Leather And Leather Products,45.41,bse,2026-10-02T04:02:27
INE967C01018,,Consumer Discretionary,Consumer Services,Leisure Services,Hotels & Resorts,10.38,bse,2026-10-02T04:02:27
INE025B01025,,Consumer Discretionary,Consumer Durables,Consumer Durables,"Gems, Jewellery And Watches",14.95,bse,2026-10-02T04:02:27
INE760B01019,,Telecommunication,Telecommunication,Telecom -  Equipment & Accessories,Telecom -  Equipment & Accessories,51.86,bse,2026-10-02T04:02:27
INE934C01018,,Healthcare,Healthcare,Healthcare Services,Hospital,,bse,2026-10-02T04:02:27
INE461C01038,,Consumer Discretionary,Consumer Durables,Consumer Durables,Plywood Boards/ Laminates,21.97,bse,2026-10-02T04:02:27
INE497B01018,,Services,Services,Transport Services,Shipping,9.33,bse,2026-10-02T04:02:27
INE552D01024,,Energy,"Oil, Gas & Consumable Fuels",Gas,LPG/CNG/PNG/LNG Supplier,16.44,bse,2026-10-02T04:02:27
INE986A01012,,Healthcare,Healthcare,Healthcare Services,"Healthcare Research, Analytics & Technology",-6.35,bse,2026-10-02T04:02:27
INE111B01023,,Information Technology,Information Technology,IT - Software,Computers - Software & Consulting,-27.74,bse,2026-10-02T04:02:27
INE453D01025,,Consumer Discretionary,Textiles,Textiles & Apparels,Other Textile Products,9.56,bse,2026-10-02T04:02:27
INE059D01020,,Consumer Discretionary,Consumer Durables,Consumer Durables,Glass - Consumer,,bse,2026-10-02T04:02:27
INE239C01020,,Consumer Discretionary,Consumer Durables,Consumer Durables,Plywood Boards/ Laminates,22.18,bse,2026-10-02T04:02:27
INE411B01019,,Healthcare,Healthcare,Pharmaceuticals & Biotechnology,Pharmaceuticals,15.76,bse,2026-10-02T04:02:27
INE550C01020,,Industrials,Capital Goods,Electrical Equipment,Other Electrical Equipment,159.39,bse,2026-10-02T04:02:27
INE348A01023,,Commodities,Metals & Mining,Minerals & Mining,Industrial Minerals,4.81,bse,2026-10-02T04:02:27
INE186A01019,,Commodities,Chemicals,Chemicals & Petrochemicals,Commodity Chemicals,136.03,bse,2026-10-02T04:02:27
INE383A01012,,Commodities,Construction Materials,Cement & Cement Products,Cement & Cement Products,-212.47,bse,2026-10-02T04:02:27
INE573A01042,,Consumer Discretionary,Automobile and Auto Components,Auto Components,Tyres & Rubber Products,8.14,bse,2026-10-02T04:02:27
INE700A01033,,Healthcare,Healthcare,Pharmaceuticals & Biotechnology,Pharmaceuticals,31.27,bse,2026-10-02T04:02:27
INE718F01018,,Financial Services,Financial Services,Finance,Non Banking Financial Company (NBFC),,bse,2026-10-02T04:02:27
INE989A01032,,Services,Services,Commercial Services & Supplies,Diversified Commercial Services,13.34,bse,2026-10-02T04:02:27
INE818A01017,,Energy,"Oil, Gas & Consumable Fuels",Oil,Oil Exploration & Production,,bse,2026-10-02T04:02:27
INE963C01033,,Consumer Discretionary,Textiles,Textiles & Apparels,Other Textile Products,15.24,bse,2026-10-02T04:02:27
INE959A01019,,Commodities,Chemicals,Chemicals & Petrochemicals,Specialty Chemicals,29.4,bse,2026-10-02T04:02:27
INE445D01013,,Commodities,Metals & Mining,Minerals & Mining,Industrial Minerals,4.78,bse,2026-10-02T04:02:27
INE350C01017,,Telecommunication,Telecommunication,Telecom -  Equipment & Accessories,Telecom -  Equipment & Accessories,73.01,bse,2026-10-02T04:02:27
INE083B01024,,Healthcare,Healthcare,Pharmaceuticals & Biotechnology,Pharmaceuticals,29.3,bse,2026-10-02T04:02:27
INE495B01038,,Healthcare,Healthcare,Healthcare Services,"Healthcare Research, Analytics & Technology",-13.76,bse,2026-10-02T04:02:27
INE546C01010,,Fast Moving Consumer Goods,Fast Moving Consumer Goods,Beverages,Breweries & Distilleries,27.71,bse,2026-10-02T04:02:27
INE419D01026,,Fast Moving Consumer Goods,Fast Moving Consumer Goods,Agricultural Food & other Products,Other Agricultural Products,,bse,2026-10-02T04:02:27
INE955D01029,,Industrials,Capital Goods,Electrical Equipment,Other Electrical Equipment,9.17,bse,2026-10-02T04:02:27
INE276G01015,,Energy,"Oil, Gas & Consumable Fuels",Oil,Oil Equipment & Services,25.39,bse,2026-10-02T04:02:27
INE071E01023,,Fast Moving Consumer Goods,Fast Moving Consumer Goods,Agricultural Food & other Products,Sugar,,bse,2026-10-02T04:02:27
INE607D01018,,Consumer Discretionary,Consumer Durables,Consumer Durables,Ceramics,24.38,bse,2026-10-02T04:02:27
INE349A01021,,Consumer Discretionary,Automobile and Auto Components,Auto Components,Auto Components & Equipments,17.75,bse,2026-10-02T04:02:27
INE015C01016,,Industrials,Capital Goods,Industrial Products,Rubber,19.64,bse,2026-10-02T04:02:27
INE337E01010,,Commodities,Chemicals,Chemicals & Petrochemicals,Commodity Chemicals,,bse,2026-10-02T04:02:27
INE131B01039,,Consumer Discretionary,Consumer Durables,Consumer Durables,Footwear,,bse,2026-10-02T04:02:27
INE467D01017,,Consumer Discretionary,Textiles,Textiles & Apparels,Garments & Apparels,,bse,2026-10-02T04:02:27
INE790G01031,,Healthcare,Healthcare,Pharmaceuticals & Biotechnology,Pharmaceuticals,18.28,bse,2026-10-02T04:02:27
INE074B01023,,Industrials,Capital Goods,Industrial Products,Cables - Electricals,21.26,bse,2026-10-02T04:02:27
INE316A01038,,Utilities,Utilities,Other Utilities,Waste Management,14.98,bse,2026-10-02T04:02:27
INE127I01024,,Industrials,Capital Goods,Industrial Products,Iron & Steel Products,16.97,bse,2026-10-02T04:02:27
INE366C01021,,Information Technology,Information Technology,IT - Services,IT Enabled Services,30.53,bse,2026-10-02T04:02:27
INE334A01023,,Consumer Discretionary,Automobile and Auto Components,Auto Components,Auto Components & Equipments,22.24,bse,2026-10-02T04:02:27
INE354C01027,,Commodities,Chemicals,Chemicals & Petrochemicals,Dyes And Pigments,18.73,bse,2026-10-02T04:02:27
INE001B01026,,Fast Moving Consumer Goods,Fast Moving Consumer Goods,Agricultural Food & other Products,Other Agricultural Products,6.96,bse,2026-10-02T04:02:27
INE509F01029,,Fast Moving Consumer Goods,Fast Moving Consumer Goods,Personal Products,Personal Care,227.16,bse,2026-10-02T04:02:27
INE199E01014,,Commodities,Chemicals,Chemicals & Petrochemicals,Specialty Chemicals,,bse,2026-10-02T04:02:27
INE345H01024,,Financial Services,Financial Services,Finance,Non Banking Financial Company (NBFC),50.73,bse,2026-10-02T04:02:27
INE474C01023,,Consumer Discretionary,Automobile and Auto Components,Auto Components,Auto Components & Equipments,14.88,bse,2026-10-02T04:02:27
INE416A01051,,Consumer Discretionary,"Media, Entertainment & Publication",Entertainment,TV Broadcasting & Software Production,,bse,2026-10-02T04:02:27
INE242A01010,,Energy,"Oil, Gas & Consumable Fuels",Petroleum Products,Refineries & Marketing,3.33,bse,2026-10-02T04:02:27
INE050E01027,,Commodities,Chemicals,Chemicals & Petrochemicals,Specialty Chemicals,19.39,bse,2026-10-02T04:02:27
INE239D01028,,Industrials,Construction,Construction,Civil Construction,18.2,bse,2026-10-02T04:02:27
INE011E01029,,Industrials,Capital Goods,Industrial Products,Castings & Forgings,14.06,bse,2026-10-02T04:02:27
INE244B01030,,Industrials,Construction,Construction,Civil Construction,5.86,bse,2026-10-02T04:02:27
INE646B01010,,Healthcare,Healthcare,Pharmaceuticals & Biotechnology,Pharmaceuticals,32.21,bse,2026-10-02T04:02:27
INE062D01024,,Consumer Discretionary,Automobile and Auto Components,Auto Components,Auto Components & Equipments,29.11,bse,2026-10-02T04:02:27
INE548C01032,,Fast Moving Consumer Goods,Fast Moving Consumer Goods,Personal Products,Personal Care,11.8,bse,2026-10-02T04:02:27
INE109C01017,,Financial Services,Financial Services,Finance,Non Banking Financial Company (NBFC),-1705.59,bse,2026-10-02T04:02:27
INE024F01011,,Industrials,Capital Goods,Electrical Equipment,Heavy Electrical Equipment,,bse,2026-10-02T04:02:27
INE096B01018,,Information Technology,Information Technology,IT - Software,Software Products,10.6,bse,2026-10-02T04:02:27
INE522D01027,,Financial Services,Financial Services,Finance,Non Banking Financial Company (NBFC),61.37,bse,2026-10-02T04:02:27
INE764D01017,,Industrials,Capital Goods,"Agricultural, Commercial & Construction Vehicles",Tractors,20.44,bse,2026-10-02T04:02:27
INE768C01028,,Fast Moving Consumer Goods,Fast Moving Consumer Goods,Food Products,Packaged Foods,56.84,bse,2026-10-02T04:02:27
INE111A01025,,Services,Services,Transport Services,Logistics Solution Provider,9.89,bse,2026-10-02T04:02:27
INE922B01023,,Healthcare,Healthcare,Pharmaceuticals & Biotechnology,Pharmaceuticals,-2048.76,bse,2026-10-02T04:02:27
INE763M01028,,Consumer Discretionary,Automobile and Auto Components,Automobiles,Passenger Cars & Utility Vehicles,105.38,bse,2026-10-02T04:02:27
INE102B01014,,Financial Services,Financial Services,Finance,Holding Company,44.03,bse,2026-10-02T04:02:27
INE326B01035,,Financial Services,Financial Services,Capital Markets,Stockbroking & Allied,6.28,bse,2026-10-02T04:02:27
INE107A01015,,Commodities,Forest Materials,"Paper, Forest & Jute Products",Paper & Paper Products,,bse,2026-10-02T04:02:27
INE908D01010,,Industrials,Capital Goods,Industrial Products,"Compressors, Pumps & Diesel Engines",16.44,bse,2026-10-02T04:02:27
INE192H01020,,Fast Moving Consumer Goods,Fast Moving Consumer Goods,Agricultural Food & other Products,Other Agricultural Products,14.1,bse,2026-10-02T04:02:27
INE343B01030,,Consumer Discretionary,Consumer Durables,Consumer Durables,"Gems, Jewellery And Watches",3.83,bse,2026-10-02T04:02:27
INE128A01029,,Fast Moving Consumer Goods,Fast Moving Consumer Goods,Household Products,Household Products,10.66,bse,2026-10-02T04:02:27
INE473B01035,,Fast Moving Consumer Goods,Fast Moving Consumer Goods,Food Products,Dairy Products,40.69,bse,2026-10-02T04:02:27
INE247D01039,,Consumer Discretionary,Textiles,Textiles & Apparels,Other Textile Products,39.33,bse,2026-10-02T04:02:27
INE355A01028,,Consumer Discretionary,Consumer Durables,Consumer Durables,Ceramics,20.09,bse,2026-10-02T04:02:27
INE180C01042,,Financial Services,Financial Services,Finance,Non Banking Financial Company (NBFC),15.41,bse,2026-10-02T04:02:27
INE258B01022,,Healthcare,Healthcare,Pharmaceuticals & Biotechnology,Pharmaceuticals,10.01,bse,2026-10-02T04:02:27
INE405C01035,,Healthcare,Healthcare,Pharmaceuticals & Biotechnology,Pharmaceuticals,7.63,bse,2026-10-02T04:02:27
INE722B01019,,Consumer Discretionary,Consumer Services,Leisure Services,Hotels & Resorts,-46.9,bse,2026-10-02T04:02:27
INE196A01026,,Fast Moving Consumer Goods,Fast Moving Consumer Goods,Agricultural Food & other Products,Edible Oil,34.62,bse,2026-10-02T04:02:27
INE632C01026,,Commodities,Chemicals,Chemicals & Petrochemicals,Specialty Chemicals,19.14,bse,2026-10-02T04:02:27
INE414D01027,,Commodities,Chemicals,Fertilizers & Agrochemicals,Pesticides & Agrochemicals,84.39,bse,2026-10-02T04:02:27
INE224E01028,,Financial Services,Financial Services,Finance,Other Financial Services,9.19,bse,2026-10-02T04:02:27
INE126J01016,,Industrials,Capital Goods,Industrial Products,Plastic Products - Industrial,-202.11,bse,2026-10-02T04:02:27
INE205C01021,,Healthcare,Healthcare,Healthcare Equipment & Supplies,Medical Equipment & Supplies,34.83,bse,2026-10-02T04:02:27
INE951D01028,,Industrials,Capital Goods,"Agricultural, Commercial & Construction Vehicles",Commercial Vehicles,17.89,bse,2026-10-02T04:02:27
INE457G01029,,Industrials,Capital Goods,Industrial Manufacturing,Railway Wagons,12.46,bse,2026-10-02T04:02:27
INE204E01012,,Commodities,Chemicals,Chemicals & Petrochemicals,Petrochemicals,7.95,bse,2026-10-02T04:02:27
INE540G01014,,Consumer Discretionary,Textiles,Textiles & Apparels,Other Textile Products,,bse,2026-10-02T04:02:27
INE325D01025,,Energy,"Oil, Gas & Consumable Fuels",Consumable Fuels,Coal,31.0,bse,2026-10-02T04:02:27
INE409B01013,,Industrials,Capital Goods,Electrical Equipment,Heavy Electrical Equipment,12.05,bse,2026-10-02T04:02:27
INE291D01011,,Consumer Discretionary,Consumer Durables,Consumer Durables,"Gems, Jewellery And Watches",22.09,bse,2026-10-02T04:02:27
INE994E01018,,Healthcare,Healthcare,Healthcare Services,Healthcare Service Provider,15.55,bse,2026-10-02T04:02:27
INE028A01039,,Financial Services,Financial Services,Banks,Public Sector Bank,4.53,bse,2026-10-02T04:02:27
INE411D01023,,Fast Moving Consumer Goods,Fast Moving Consumer Goods,Food Products,Meat Products including Poultry,3.43,bse,2026-10-02T04:02:27
INE191B01025,,Industrials,Capital Goods,Industrial Products,Iron & Steel Products,22.0,bse,2026-10-02T04:02:27
INE084A01016,,Financial Services,Financial Services,Banks,Public Sector Bank,3.68,bse,2026-10-02T04:02:27
INE681B01017,,Healthcare,Healthcare,Healthcare Services,Hospital,,bse,2026-10-02T04:02:27
INE129A01019,,Energy,"Oil, Gas & Consumable Fuels",Gas,Gas Transmission/Marketing,4.81,bse,2026-10-02T04:02:27
INE884A01027,,Consumer Discretionary,Consumer Durables,Consumer Durables,"Gems, Jewellery And Watches",8.27,bse,2026-10-02T04:02:27
INE789E01012,,Commodities,Forest Materials,"Paper, Forest & Jute Products",Paper & Paper Products,15.62,bse,2026-10-02T04:02:27
INE979A01025,,Consumer Discretionary,"Media, Entertainment & Publication",Entertainment,Media & Entertainment,30.82,bse,2026-10-02T04:02:27
INE090A01021,,Financial Services,Financial Services,Banks,Private Sector Bank,10.68,bse,2026-10-02T04:02:27
INE136B01020,,Information Technology,Information Technology,IT - Services,IT Enabled Services,15.77,bse,2026-10-02T04:02:27
INE510A01028,,Industrials,Construction,Construction,Civil Construction,14.68,bse,2026-10-02T04:02:27
INE680A01011,,Financial Services,Financial Services,Banks,Private Sector Bank,,bse,2026-10-02T04:02:27
INE131A01031,,Commodities,Metals & Mining,Minerals & Mining,Industrial Minerals,12.38,bse,2026-10-02T04:02:27
INE095A01012,,Financial Services,Financial Services,Banks,Private Sector Bank,33.38,bse,2026-10-02T04:02:27
INE353K01014,,Consumer Discretionary,Consumer Services,Leisure Services,Hotels & Resorts,47.75,bse,2026-10-02T04:02:27
INE168A01041,,Financial Services,Financial Services,Banks,Private Sector Bank,4.56,bse,2026-10-02T04:02:27
INE491A01021,,Financial Services,Financial Services,Banks,Private Sector Bank,,bse,2026-10-02T04:02:27
INE238A01034,,Financial Services,Financial Services,Banks,Private Sector Bank,5.61,bse,2026-10-02T04:02:27
INE683A01023,,Financial Services,Financial Services,Banks,Private Sector Bank,5.63,bse,2026-10-02T04:02:27
INE269A01021,,Information Technology,Information Technology,IT - Software,Computers - Software & Consulting,10.52,bse,2026-10-02T04:02:27
INE139A01034,,Commodities,Metals & Mining,Non - Ferrous Metals,Aluminium,6.53,bse,2026-10-02T04:02:27
INE092B01025,,Consumer Discretionary,Automobile and Auto Components,Auto Components,Auto Components & Equipments,17.48,bse,2026-10-02T04:02:27
INE023A01030,,Financial Services,Financial Services,Finance,Investment Company,29.28,bse,2026-10-02T04:02:27
INE372A01015,,Industrials,Capital Goods,Electrical Equipment,Other Electrical Equipment,44.7,bse,2026-10-02T04:02:27
INE793A01012,,Information Technology,Information Technology,IT - Software,Computers - Software & Consulting,12.52,bse,2026-10-02T04:02:27
INE860A01027,,Information Technology,Information Technology,IT - Software,Computers - Software & Consulting,13.33,bse,2026-10-02T04:02:27
INE007B01023,,Financial Services,Financial Services,Capital Markets,Stockbroking & Allied,,bse,2026-10-02T04:02:27
INE749A01030,,Commodities,Metals & Mining,Ferrous Metals,Iron & Steel,25.52,bse,2026-10-02T04:02:27
INE935A01035,,Healthcare,Healthcare,Pharmaceuticals & Biotechnology,Pharmaceuticals,29.33,bse,2026-10-02T04:02:27
INE049B01025,,Healthcare,Healthcare,Pharmaceuticals & Biotechnology,Pharmaceuticals,92.38,bse,2026-10-02T04:02:27
INE915B01019,,Healthcare,Healthcare,Pharmaceuticals & Biotechnology,Pharmaceuticals,42.65,bse,2026-10-02T04:02:27
INE878A01011,,Industrials,Capital Goods,Electrical Equipment,Heavy Electrical Equipment,7.73,bse,2026-10-02T04:02:27
INE813A01018,,Consumer Discretionary,Realty,Realty,"Residential, Commercial Projects",15.21,bse,2026-10-02T04:02:27
INE010B01027,,Healthcare,Healthcare,Pharmaceuticals & Biotechnology,Pharmaceuticals,16.15,bse,2026-10-02T04:02:27
INE031B01049,,Healthcare,Healthcare,Pharmaceuticals & Biotechnology,Pharmaceuticals,26.9,bse,2026-10-02T04:02:27
INE848A01014,,Information Technology,Information Technology,IT - Services,IT Enabled Services,17.89,bse,2026-10-02T04:02:27
INE494B01023,,Consumer Discretionary,Automobile and Auto Components,Automobiles,2/3 Wheelers,37.2,bse,2026-10-02T04:02:27
INE754A01055,,Information Technology,Information Technology,IT - Software,Software Products,23.82,bse,2026-10-02T04:02:27
INE688A01022,,Services,Services,Transport Services,Logistics Solution Provider,5.35,bse,2026-10-02T04:02:27
INE523B01011,,Telecommunication,Telecommunication,Telecom -  Equipment & Accessories,Telecom -  Equipment & Accessories,-7.98,bse,2026-10-02T04:02:27
INE256C01024,,Fast Moving Consumer Goods,Fast Moving Consumer Goods,Agricultural Food & other Products,Sugar,14.46,bse,2026-10-02T04:02:27
INE417B01040,,Information Technology,Information Technology,IT - Services,IT Enabled Services,9.43,bse,2026-10-02T04:02:27
INE859A01011,,Financial Services,Financial Services,Finance,Investment Company,,bse,2026-10-02T04:02:27
INE425B01027,,Information Technology,Information Technology,IT - Services,IT Enabled Services,1.1,bse,2026-10-02T04:02:27
INE614A01028,,Commodities,Construction Materials,Other Construction Materials,Other Construction Materials,5.2,bse,2026-10-02T04:02:27
INE246B01019,,Information Technology,Information Technology,IT - Software,Software Products,44.81,bse,2026-10-02T04:02:27
INE517B01013,,Telecommunication,Telecommunication,Telecom - Services,Telecom - Cellular & Fixed line services,,bse,2026-10-02T04:02:27
INE089C01029,,Telecommunication,Telecommunication,Telecom -  Equipment & Accessories,Telecom -  Equipment & Accessories,166.24,bse,2026-10-02T04:02:27
INE716B01029,,Consumer Discretionary,"Media, Entertainment & Publication",Entertainment,Media & Entertainment,,bse,2026-10-02T04:02:27
INE794B01026,,Consumer Discretionary,"Media, Entertainment & Publication",Entertainment,Media & Entertainment,-20.64,bse,2026-10-02T04:02:27
INE526B01014,,Information Technology,Information Technology,IT - Software,Computers - Software & Consulting,14.27,bse,2026-10-02T04:02:27
INE565A01014,,Financial Services,Financial Services,Banks,Public Sector Bank,3.95,bse,2026-10-02T04:02:27
INE586B01026,,Consumer Discretionary,Consumer Services,Leisure Services,Hotels & Resorts,4.15,bse,2026-10-02T04:02:27
INE555B01013,,Industrials,Capital Goods,Aerospace & Defense,Aerospace & Defense,115.25,bse,2026-10-02T04:02:27
INE836A01035,,Information Technology,Information Technology,IT - Software,Computers - Software & Consulting,9.43,bse,2026-10-02T04:02:27
INE005B01027,,Industrials,Capital Goods,Aerospace & Defense,Aerospace & Defense,142.8,bse,2026-10-02T04:02:27
INE935B01025,,Information Technology,Information Technology,IT - Hardware,Computers Hardware & Equipments,91.47,bse,2026-10-02T04:02:27
INE933B01012,,Industrials,Capital Goods,Aerospace & Defense,Aerospace & Defense,26.19,bse,2026-10-02T04:02:27
INE102D01028,,Fast Moving Consumer Goods,Fast Moving Consumer Goods,Personal Products,Personal Care,30.12,bse,2026-10-02T04:02:27
INE243D01012,,Services,Services,Transport Infrastructure,"Road Assets–Toll, Annuity, Hybrid-Annuity",2.02,bse,2026-10-02T04:02:27
INE854D01024,,Fast Moving Consumer Goods,Fast Moving Consumer Goods,Beverages,Breweries & Distilleries,21.95,bse,2026-10-02T04:02:27
INE260D01016,,Consumer Discretionary,Automobile and Auto Components,Automobiles,Passenger Cars & Utility Vehicles,35.62,bse,2026-10-02T04:02:27
INE943D01017,,Consumer Discretionary,"Media, Entertainment & Publication",Printing & Publication,Printing & Publication,17.34,bse,2026-10-02T04:02:27
INE739E01017,,Consumer Discretionary,Consumer Durables,Consumer Durables,Sanitary Ware,,bse,2026-10-02T04:02:27
INE397D01024,,Telecommunication,Telecommunication,Telecom - Services,Telecom - Cellular & Fixed line services,17.64,bse,2026-10-02T04:02:27
INE255D01024,,Fast Moving Consumer Goods,Fast Moving Consumer Goods,Agricultural Food & other Products,Other Agricultural Products,,bse,2026-10-02T04:02:27
INE838E01017,,Fast Moving Consumer Goods,Fast Moving Consumer Goods,Agricultural Food & other Products,Sugar,,bse,2026-10-02T04:02:27
INE160A01022,,Financial Services,Financial Services,Banks,Public Sector Bank,4.57,bse,2026-10-02T04:02:27
INE881D01027,,Information Technology,Information Technology,IT - Software,Software Products,16.48,bse,2026-10-02T04:02:27
INE550F01049,,Industrials,Construction,Construction,Civil Construction,10.36,bse,2026-10-02T04:02:27
INE411F01010,,Financial Services,Financial Services,Finance,Holding Company,4.46,bse,2026-10-02T04:02:27
INE266F01018,,Consumer Discretionary,Consumer Services,Other Consumer Services,Education,12.7,bse,2026-10-02T04:02:27
INE692A01016,,Financial Services,Financial Services,Banks,Public Sector Bank,2.42,bse,2026-10-02T04:02:27
INE686F01025,,Fast Moving Consumer Goods,Fast Moving Consumer Goods,Beverages,Breweries & Distilleries,27.19,bse,2026-10-02T04:02:27
INE101D01020,,Healthcare,Healthcare,Pharmaceuticals & Biotechnology,Pharmaceuticals,21.98,bse,2026-10-02T04:02:27
INE476A01022,,Financial Services,Financial Services,Banks,Public Sector Bank,3.44,bse,2026-10-02T04:02:27
INE525F01025,,Financial Services,Financial Services,Finance,Holding Company,3.45,bse,2026-10-02T04:02:27
INE637C01025,,Consumer Discretionary,Consumer Durables,Consumer Durables,Granites & Marbles,15.09,bse,2026-10-02T04:02:27
INE361B01024,,Healthcare,Healthcare,Pharmaceuticals & Biotechnology,Pharmaceuticals,60.88,bse,2026-10-02T04:02:27
INE386C01029,,Industrials,Capital Goods,Aerospace & Defense,Aerospace & Defense,61.14,bse,2026-10-02T04:02:27
INE944F01028,,Fast Moving Consumer Goods,Fast Moving Consumer Goods,Beverages,Breweries & Distilleries,57.8,bse,2026-10-02T04:02:27
INE585B01010,,Consumer Discretionary,Automobile and Auto Components,Automobiles,Passenger Cars & Utility Vehicles,16.29,bse,2026-10-02T04:02:27
INE048G01026,,Commodities,Chemicals,Chemicals & Petrochemicals,Specialty Chemicals,38.19,bse,2026-10-02T04:02:27
INE691A01018,,Financial Services,Financial Services,Banks,Public Sector Bank,,bse,2026-10-02T04:02:27
INE220G01021,,Commodities,Metals & Mining,Ferrous Metals,Iron & Steel,12.63,bse,2026-10-02T04:02:27
INE399C01030,,Consumer Discretionary,Automobile and Auto Components,Auto Components,Auto Components & Equipments,26.69,bse,2026-10-02T04:02:27
INE236G01019,,Information Technology,Information Technology,IT - Hardware,Computers Hardware & Equipments,,bse,2026-10-02T04:02:27
INE203G01027,,Energy,"Oil, Gas & Consumable Fuels",Gas,LPG/CNG/PNG/LNG Supplier,9.2,bse,2026-10-02T04:02:27
INE038F01029,,Consumer Discretionary,"Media, Entertainment & Publication",Entertainment,TV Broadcasting & Software Production,24.76,bse,2026-10-02T04:02:27
INE347G01014,,Energy,"Oil, Gas & Consumable Fuels",Gas,LPG/CNG/PNG/LNG Supplier,7.26,bse,2026-10-02T04:02:27
INE376G01013,,Healthcare,Healthcare,Pharmaceuticals & Biotechnology,Pharmaceuticals,133.2,bse,2026-10-02T04:02:27
INE877F01012,,Utilities,Power,Power,Power Trading,4.77,bse,2026-10-02T04:02:27
INE457A01014,,Financial Services,Financial Services,Banks,Public Sector Bank,5.71,bse,2026-10-02T04:02:27
INE399G01023,,Consumer Discretionary,Automobile and Auto Components,Auto Components,Auto Components & Equipments,77.82,bse,2026-10-02T04:02:27
INE365B01017,,Information Technology,Information Technology,IT - Services,IT Enabled Services,15.39,bse,2026-10-02T04:02:27
INE155G01029,,Consumer Discretionary,"Media, Entertainment & Publication",Entertainment,TV Broadcasting & Software Production,-1.58,bse,2026-10-02T04:02:27
INE939A01011,,Healthcare,Healthcare,Pharmaceuticals & Biotechnology,Pharmaceuticals,9.26,bse,2026-10-02T04:02:27
INE481G01011,,Commodities,Construction Materials,Cement & Cement Products,Cement & Cement Products,25.41,bse,2026-10-02T04:02:27
INE405E01023,,Consumer Discretionary,Automobile and Auto Components,Auto Components,Auto Components & Equipments,33.84,bse,2026-10-02T04:02:27
INE467B01029,,Information Technology,Information Technology,IT - Software,Computers - Software & Consulting,10.22,bse,2026-10-02T04:02:27
INE591G01025,,Information Technology,Information Technology,IT - Software,Computers - Software & Consulting,31.4,bse,2026-10-02T04:02:27
INE586G01017,,Energy,"Oil, Gas & Consumable Fuels",Petroleum Products,Lubricants,10.65,bse,2026-10-02T04:02:27
INE348B01021,,Consumer Discretionary,Consumer Durables,Consumer Durables,Plywood Boards/ Laminates,35.6,bse,2026-10-02T04:02:27
INE625G01013,,Industrials,Construction,Construction,Civil Construction,20.79,bse,2026-10-02T04:02:27
INE733E01010,,Utilities,Power,Power,Power Generation,7.67,bse,2026-10-02T04:02:27
INE658G01014,,Commodities,Metals & Mining,Ferrous Metals,Sponge Iron,,bse,2026-10-02T04:02:27
INE927D01051,,Consumer Discretionary,Automobile and Auto Components,Auto Components,Auto Components & Equipments,30.21,bse,2026-10-02T04:02:27
INE366A01041,,Fast Moving Consumer Goods,Fast Moving Consumer Goods,Agricultural Food & other Products,Sugar,,bse,2026-10-02T04:02:27
INE873D01024,,Healthcare,Healthcare,Pharmaceuticals & Biotechnology,Pharmaceuticals,-37.06,bse,2026-10-02T04:02:27
INE692G01013,,Information Technology,Information Technology,IT - Software,Computers - Software & Consulting,7.66,bse,2026-10-02T04:02:27
INE063E01061,,Commodities,Metals & Mining,Diversified Metals,Diversified Metals,6.57,bse,2026-10-02T04:02:27
INE351F01018,,Utilities,Power,Power,Power Generation,11.0,bse,2026-10-02T04:02:27
INE748C01038,,Information Technology,Information Technology,IT - Software,Computers - Software & Consulting,10.69,bse,2026-10-02T04:02:27
INE887G01027,,Consumer Discretionary,Textiles,Textiles & Apparels,Garments & Apparels,31.78,bse,2026-10-02T04:02:27
INE835G01018,,Services,Services,Commercial Services & Supplies,Business Process Outsourcing (BPO)/ Knowledge Process Outsourcing (KPO),9.52,bse,2026-10-02T04:02:27
INE530B01024,,Financial Services,Financial Services,Finance,Non Banking Financial Company (NBFC),8.2,bse,2026-10-02T04:02:27
INE498B01024,,Consumer Discretionary,Consumer Services,Retailing,Diversified Retail,-129.98,bse,2026-10-02T04:02:27
INE875G01048,,Consumer Discretionary,Textiles,Textiles & Apparels,Other Textile Products,,bse,2026-10-02T04:02:27
INE824G01012,,Financial Services,Financial Services,Finance,Investment Company,100.34,bse,2026-10-02T04:02:27
INE823G01014,,Commodities,Construction Materials,Cement & Cement Products,Cement & Cement Products,26.64,bse,2026-10-02T04:02:27
INE528G01035,,Financial Services,Financial Services,Banks,Private Sector Bank,11.72,bse,2026-10-02T04:02:27
INE752G01015,,Industrials,Capital Goods,Industrial Products,Iron & Steel Products,30.27,bse,2026-10-02T04:02:27
INE614B01018,,Financial Services,Financial Services,Banks,Private Sector Bank,6.01,bse,2026-10-02T04:02:27
INE942G01012,,Fast Moving Consumer Goods,Fast Moving Consumer Goods,Agricultural Food & other Products,Tea & Coffee,-1.8,bse,2026-10-02T04:02:27
INE050H01012,,Consumer Discretionary,Automobile and Auto Components,Auto Components,Auto Components & Equipments,22.11,bse,2026-10-02T04:02:27
INE231F01020,,Information Technology,Information Technology,IT - Services,IT Enabled Services,28.58,bse,2026-10-02T04:02:27
INE040H01021,,Industrials,Capital Goods,Electrical Equipment,Heavy Electrical Equipment,13.68,bse,2026-10-02T04:02:27
INE132H01018,,Information Technology,Information Technology,IT - Software,Computers - Software & Consulting,9.29,bse,2026-10-02T04:02:27
INE087H01022,,Fast Moving Consumer Goods,Fast Moving Consumer Goods,Agricultural Food & other Products,Sugar,-4.19,bse,2026-10-02T04:02:27
INE157H01023,,Fast Moving Consumer Goods,Fast Moving Consumer Goods,Agricultural Food & other Products,Sugar,3.12,bse,2026-10-02T04:02:27
INE212H01026,,Industrials,Capital Goods,Industrial Products,Castings & Forgings,19.16,bse,2026-10-02T04:02:27
INE184H01027,,Industrials,Capital Goods,Industrial Manufacturing,Industrial Products,5.6,bse,2026-10-02T04:02:27
INE202H01019,,Services,Services,Transport Services,Transport Related Services,13.5,bse,2026-10-02T04:02:27
INE461B01014,,Consumer Discretionary,"Media, Entertainment & Publication",Printing & Publication,Printing & Publication,5.16,bse,2026-10-02T04:02:27
INE191H01014,,Consumer Discretionary,"Media, Entertainment & Publication",Entertainment,"Film Production, Distribution & Exhibition",24.64,bse,2026-10-02T04:02:27
INE229H01012,,Consumer Discretionary,Textiles,Textiles & Apparels,Other Textile Products,,bse,2026-10-02T04:02:27
INE283H01019,,Consumer Discretionary,Consumer Services,Leisure Services,Hotels & Resorts,16.48,bse,2026-10-02T04:02:27
INE199G01027,,Consumer Discretionary,"Media, Entertainment & Publication",Media,Print Media,2.5,bse,2026-10-02T04:02:27
INE256H01015,,Commodities,Chemicals,Chemicals & Petrochemicals,Specialty Chemicals,7.68,bse,2026-10-02T04:02:27
INE330H01018,,Telecommunication,Telecommunication,Telecom - Services,Telecom - Cellular & Fixed line services,-0.01,bse,2026-10-02T04:02:27
INE389H01022,,Industrials,Construction,Construction,Civil Construction,12.3,bse,2026-10-02T04:02:27
INE332H01014,,Industrials,Capital Goods,Electrical Equipment,Heavy Electrical Equipment,,bse,2026-10-02T04:02:27
INE350H01032,,Industrials,Construction,Construction,Civil Construction,48.53,bse,2026-10-02T04:02:27
INE774D01024,,Financial Services,Financial Services,Finance,Non Banking Financial Company (NBFC),18.02,bse,2026-10-02T04:02:27
INE858F01012,,Consumer Discretionary,Consumer Durables,Consumer Durables,Ceramics,320.07,bse,2026-10-02T04:02:27
INE343H01029,,Commodities,Chemicals,Chemicals & Petrochemicals,Explosives,61.04,bse,2026-10-02T04:02:27
INE297H01019,,Industrials,Capital Goods,Industrial Products,Iron & Steel Products,18.0,bse,2026-10-02T04:02:27
INE786F01031,,Fast Moving Consumer Goods,Fast Moving Consumer Goods,Agricultural Food & other Products,Sugar,7.99,bse,2026-10-02T04:02:27
INE401H01017,,Consumer Discretionary,Textiles,Textiles & Apparels,Garments & Apparels,11.1,bse,2026-10-02T04:02:27
INE424H01027,,Consumer Discretionary,"Media, Entertainment & Publication",Entertainment,TV Broadcasting & Software Production,9.89,bse,2026-10-02T04:02:27
INE177H01039,,Industrials,Capital Goods,Industrial Products,Iron & Steel Products,12.43,bse,2026-10-02T04:02:27
INE411H01032,,Information Technology,Information Technology,IT - Services,IT Enabled Services,9.1,bse,2026-10-02T04:02:27
INE296H01011,,Financial Services,Financial Services,Capital Markets,Stockbroking & Allied,27.6,bse,2026-10-02T04:02:27
INE397H01017,,Industrials,Capital Goods,Industrial Manufacturing,Industrial Products,,bse,2026-10-02T04:02:27
INE390H01020,,Industrials,Capital Goods,Industrial Products,Iron & Steel Products,,bse,2026-10-02T04:02:27
INE111F01024,,Commodities,Chemicals,Chemicals & Petrochemicals,Specialty Chemicals,,bse,2026-10-02T04:02:27
INE367G01038,,Consumer Discretionary,"Media, Entertainment & Publication",Entertainment,Media & Entertainment,72.11,bse,2026-10-02T04:02:27
INE418H01029,,Services,Services,Transport Services,Logistics Solution Provider,13.3,bse,2026-10-02T04:02:27
INE776C01039,,Services,Services,Transport Infrastructure,Airport & Airport services,124.5,bse,2026-10-02T04:02:27
INE669C01036,,Information Technology,Information Technology,IT - Software,Computers - Software & Consulting,29.69,bse,2026-10-02T04:02:27
INE536H01010,,Consumer Discretionary,Automobile and Auto Components,Auto Components,Auto Components & Equipments,10.89,bse,2026-10-02T04:02:27
INE540H01012,,Industrials,Capital Goods,Electrical Equipment,Heavy Electrical Equipment,,bse,2026-10-02T04:02:27
INE731H01025,,Industrials,Capital Goods,"Agricultural, Commercial & Construction Vehicles",Construction Vehicles,22.17,bse,2026-10-02T04:02:27
INE336H01023,,Industrials,Construction,Construction,Civil Construction,0.25,bse,2026-10-02T04:02:27
INE737H01014,,Consumer Discretionary,Automobile and Auto Components,Auto Components,Auto Components & Equipments,12.33,bse,2026-10-02T04:02:27
INE503A01015,,Financial Services,Financial Services,Banks,Private Sector Bank,,bse,2026-10-02T04:02:27
INE221H01019,,Telecommunication,Telecommunication,Telecom - Services,Telecom - Infrastructure,,bse,2026-10-02T04:02:27
INE663F01032,,Consumer Discretionary,Consumer Services,Retailing,Internet & Catalogue Retail,30.19,bse,2026-10-02T04:02:27
INE813H01021,,Utilities,Power,Power,Integrated Power Utilities,16.54,bse,2026-10-02T04:02:27
INE818H01020,,Fast Moving Consumer Goods,Fast Moving Consumer Goods,Agricultural Food & other Products,Other Agricultural Products,14.32,bse,2026-10-02T04:02:27
INE671H01015,,Consumer Discretionary,Realty,Realty,"Residential, Commercial Projects",50.06,bse,2026-10-02T04:02:27
INE803H01014,,Commodities,Forest Materials,"Paper, Forest & Jute Products",Paper & Paper Products,,bse,2026-10-02T04:02:27
INE483C01032,,Information Technology,Information Technology,IT - Software,Software Products,7.05,bse,2026-10-02T04:02:27
INE966H01019,,Consumer Discretionary,"Media, Entertainment & Publication",Entertainment,TV Broadcasting & Software Production,10.58,bse,2026-10-02T04:02:27
INE872H01027,,Consumer Discretionary,Automobile and Auto Components,Auto Components,Auto Components & Equipments,24.83,bse,2026-10-02T04:02:27
INE718H01014,,Consumer Discretionary,Automobile and Auto Components,Auto Components,Auto Components & Equipments,8.17,bse,2026-10-02T04:02:27
INE870H01013,,Consumer Discretionary,"Media, Entertainment & Publication",Entertainment,Media & Entertainment,35.19,bse,2026-10-02T04:02:27
INE703H01016,,Consumer Discretionary,Realty,Realty,"Residential, Commercial Projects",11.79,bse,2026-10-02T04:02:27
INE545H01011,,Industrials,Capital Goods,Industrial Products,Iron & Steel Products,13.54,bse,2026-10-02T04:02:27
INE891D01026,,Services,Services,Commercial Services & Supplies,Trading & Distributors,14.46,bse,2026-10-02T04:02:27
INE940H01022,,Consumer Discretionary,Textiles,Textiles & Apparels,Garments & Apparels,27.77,bse,2026-10-02T04:02:27
INE684F01012,,Services,Services,Commercial Services & Supplies,Business Process Outsourcing (BPO)/ Knowledge Process Outsourcing (KPO),18.19,bse,2026-10-02T04:02:27
INE134E01011,,Financial Services,Financial Services,Finance,Financial Institution,2.06,bse,2026-10-02T04:02:27
INE758C01029,,Industrials,Construction,Construction,Civil Construction,9.05,bse,2026-10-02T04:02:27
INE562A01011,,Financial Services,Financial Services,Banks,Public Sector Bank,6.04,bse,2026-10-02T04:02:27
INE812G01025,,Healthcare,Healthcare,Pharmaceuticals & Biotechnology,Pharmaceuticals,30.17,bse,2026-10-02T04:02:27
INE669E01016,,Telecommunication,Telecommunication,Telecom - Services,Telecom - Cellular & Fixed line services,48.81,bse,2026-10-02T04:02:27
INE761H01022,,Consumer Discretionary,Textiles,Textiles & Apparels,Garments & Apparels,,bse,2026-10-02T04:02:27
INE005I01014,,Industrials,Capital Goods,Industrial Products,Packaging,53.49,bse,2026-10-02T04:02:27
INE006I01046,,Industrials,Capital Goods,Industrial Products,Plastic Products - Industrial,47.17,bse,2026-10-02T04:02:27
INE069I01010,,Consumer Discretionary,Realty,Realty,"Residential, Commercial Projects",-5.81,bse,2026-10-02T04:02:27
INE052I01032,,Commodities,Chemicals,Chemicals & Petrochemicals,Specialty Chemicals,-37.1,bse,2026-10-02T04:02:27
INE725G01011,,Financial Services,Financial Services,Capital Markets,Ratings,14.98,bse,2026-10-02T04:02:27
INE836F01026,,Consumer Discretionary,"Media, Entertainment & Publication",Entertainment,TV Broadcasting & Software Production,-0.29,bse,2026-10-02T04:02:27
INE280H01015,,Commodities,Construction Materials,Other Construction Materials,Other Construction Materials,,bse,2026-10-02T04:02:27
INE917H01012,,Commodities,Chemicals,Chemicals & Petrochemicals,Commodity Chemicals,6.73,bse,2026-10-02T04:02:27
INE061F01013,,Healthcare,Healthcare,Healthcare Services,Hospital,38.67,bse,2026-10-02T04:02:27
INE124G01033,,Consumer Discretionary,Consumer Services,Leisure Services,Amusement Parks/ Other Recreation,-20.32,bse,2026-10-02T04:02:27
INE287C01037,,Industrials,Capital Goods,Industrial Products,Other Industrial Products,-100.04,bse,2026-10-02T04:02:27
INE070I01018,,Commodities,Chemicals,Fertilizers & Agrochemicals,Pesticides & Agrochemicals,8.52,bse,2026-10-02T04:02:27
INE228I01012,,Commodities,Chemicals,Chemicals & Petrochemicals,Dyes And Pigments,11.21,bse,2026-10-02T04:02:27
INE508G01029,,Industrials,Capital Goods,Industrial Products,Plastic Products - Industrial,12.31,bse,2026-10-02T04:02:27
INE170I01016,,Services,Services,Commercial Services & Supplies,Business Process Outsourcing (BPO)/ Knowledge Process Outsourcing (KPO),-42.09,bse,2026-10-02T04:02:27
INE189I01024,,Industrials,Capital Goods,Industrial Products,Castings & Forgings,15.1,bse,2026-10-02T04:02:27
INE945H01021,,Consumer Discretionary,Consumer Services,Retailing,Speciality Retail,2.41,bse,2026-10-02T04:02:27
INE271C01023,,Consumer Discretionary,Realty,Realty,"Residential, Commercial Projects",25.58,bse,2026-10-02T04:02:27
INE232I01014,,Healthcare,Healthcare,Pharmaceuticals & Biotechnology,Pharmaceuticals,4.34,bse,2026-10-02T04:02:27
INE102I01027,,Information Technology,Information Technology,IT - Services,IT Enabled Services,9.53,bse,2026-10-02T04:02:27
INE800H01010,,Consumer Discretionary,Realty,Realty,"Residential, Commercial Projects",-2.34,bse,2026-10-02T04:02:27
INE056I01025,,Utilities,Utilities,Other Utilities,Waste Management,8.94,bse,2026-10-02T04:02:27
INE483A01010,,Financial Services,Financial Services,Banks,Public Sector Bank,3.84,bse,2026-10-02T04:02:27
INE022I01019,,Consumer Discretionary,Consumer Durables,Consumer Durables,Ceramics,30.61,bse,2026-10-02T04:02:27
INE930H01031,,Consumer Discretionary,Textiles,Textiles & Apparels,Other Textile Products,27.47,bse,2026-10-02T04:02:27
INE142I01023,,Healthcare,Healthcare,Healthcare Services,"Healthcare Research, Analytics & Technology",16.35,bse,2026-10-02T04:02:27
INE323I01011,,Consumer Discretionary,Realty,Realty,"Residential, Commercial Projects",34.43,bse,2026-10-02T04:02:27
INE338I01027,,Financial Services,Financial Services,Capital Markets,Stockbroking & Allied,16.06,bse,2026-10-02T04:02:27
INE222F01029,,Consumer Discretionary,Textiles,Textiles & Apparels,Other Textile Products,,bse,2026-10-02T04:02:27
INE752E01010,,Utilities,Power,Power,Power - Transmission,9.99,bse,2026-10-02T04:02:27
INE455I01029,,Fast Moving Consumer Goods,Fast Moving Consumer Goods,Agricultural Food & other Products,Other Agricultural Products,6.56,bse,2026-10-02T04:02:27
INE420C01059,,Financial Services,Financial Services,Finance,Non Banking Financial Company (NBFC),19.92,bse,2026-10-02T04:02:27
INE550H01011,,Industrials,Construction,Construction,Civil Construction,0.06,bse,2026-10-02T04:02:27
INE215I01027,,Commodities,Metals & Mining,Non - Ferrous Metals,Aluminium,,bse,2026-10-02T04:02:27
INE621H01010,,Financial Services,Financial Services,Finance,Investment Company,52.31,bse,2026-10-02T04:02:27
INE742F01042,,Services,Services,Transport Infrastructure,Port & Port services,16.24,bse,2026-10-02T04:02:27
INE532F01054,,Financial Services,Financial Services,Finance,Holding Company,12.08,bse,2026-10-02T04:02:27
INE722H01024,,Consumer Discretionary,Consumer Durables,Consumer Durables,"Gems, Jewellery And Watches",11.75,bse,2026-10-02T04:02:27
INE094I01018,,Consumer Discretionary,Realty,Realty,"Residential, Commercial Projects",33.02,bse,2026-10-02T04:02:27
INE668F01031,,Fast Moving Consumer Goods,Fast Moving Consumer Goods,Household Products,Household Products,,bse,2026-10-02T04:02:27
INE738I01010,,Services,Services,Commercial Services & Supplies,Business Process Outsourcing (BPO)/ Knowledge Process Outsourcing (KPO),15.96,bse,2026-10-02T04:02:27
INE763I01026,,Industrials,Capital Goods,Electrical Equipment,Heavy Electrical Equipment,17.67,bse,2026-10-02T04:02:27
INE791I01019,,Consumer Discretionary,Realty,Realty,"Residential, Commercial Projects",16.17,bse,2026-10-02T04:02:27
INE661I01014,,Industrials,Construction,Construction,Civil Construction,-0.7,bse,2026-10-02T04:02:27
INE015D01022,,Industrials,Capital Goods,Industrial Products,Iron & Steel Products,4.06,bse,2026-10-02T04:02:27
INE298I01015,,Commodities,Chemicals,Fertilizers & Agrochemicals,Fertilizers,8.27,bse,2026-10-02T04:02:27
INE529I01021,,Commodities,Forest Materials,"Paper, Forest & Jute Products",Paper & Paper Products,,bse,2026-10-02T04:02:27
INE614G01033,,Utilities,Power,Power,Power Generation,-32.47,bse,2026-10-02T04:02:27
INE576I01022,,Industrials,Construction,Construction,Civil Construction,6.12,bse,2026-10-02T04:02:27
INE792I01017,,Industrials,Capital Goods,Industrial Products,Cables - Electricals,,bse,2026-10-02T04:02:27
INE634I01029,,Industrials,Construction,Construction,Civil Construction,5.15,bse,2026-10-02T04:02:27
INE809I01019,,Consumer Discretionary,"Media, Entertainment & Publication",Media,Web based media and service,-14.2,bse,2026-10-02T04:02:27
INE964H01014,,Industrials,Construction,Construction,Civil Construction,13.82,bse,2026-10-02T04:02:27
INE821I01022,,Industrials,Construction,Construction,Civil Construction,7.51,bse,2026-10-02T04:02:27
INE951I01027,,Consumer Discretionary,Consumer Durables,Consumer Durables,Household Appliances,25.96,bse,2026-10-02T04:02:27
INE020B01018,,Financial Services,Financial Services,Finance,Financial Institution,4.41,bse,2026-10-02T04:02:27
INE615H01020,,Industrials,Capital Goods,Industrial Manufacturing,Railway Wagons,33.5,bse,2026-10-02T04:02:27
INE415I01015,,Commodities,Chemicals,Chemicals & Petrochemicals,Dyes And Pigments,0.33,bse,2026-10-02T04:02:27
INE865C01022,,Financial Services,Financial Services,Capital Markets,Stockbroking & Allied,,bse,2026-10-02T04:02:27
INE091G01026,,Commodities,Metals & Mining,Ferrous Metals,Iron & Steel,,bse,2026-10-02T04:02:27
INE917I01010,,Consumer Discretionary,Automobile and Auto Components,Automobiles,2/3 Wheelers,17.03,bse,2026-10-02T04:02:27
INE918I01026,,Financial Services,Financial Services,Finance,Holding Company,14.36,bse,2026-10-02T04:02:27
INE020J01029,,Fast Moving Consumer Goods,Fast Moving Consumer Goods,Agricultural Food & other Products,Edible Oil,12.83,bse,2026-10-02T04:02:27
INE105J01010,,Healthcare,Healthcare,Pharmaceuticals & Biotechnology,Pharmaceuticals,28.9,bse,2026-10-02T04:02:27
INE955I01044,,Industrials,Capital Goods,Industrial Products,Glass - Industrial,15.94,bse,2026-10-02T04:02:27
INE144J01027,,Commodities,Metals & Mining,Minerals & Mining,Industrial Minerals,7.41,bse,2026-10-02T04:02:27
INE342J01019,,Consumer Discretionary,Automobile and Auto Components,Auto Components,Auto Components & Equipments,5.58,bse,2026-10-02T04:02:27
INE858B01029,,Industrials,Construction,Construction,Civil Construction,16.72,bse,2026-10-02T04:02:27
INE919H01018,,Commodities,Metals & Mining,Ferrous Metals,Ferro & Silica Manganese,8.46,bse,2026-10-02T04:02:27
INE893J01029,,Industrials,Capital Goods,Industrial Products,Packaging,,bse,2026-10-02T04:02:27
INE998I01010,,Consumer Discretionary,Consumer Services,Leisure Services,Hotels & Resorts,65.89,bse,2026-10-02T04:02:27
INE814H01029,,Utilities,Power,Power,Integrated Power Utilities,18.69,bse,2026-10-02T04:02:27
INE848E01016,,Utilities,Power,Power,Power Generation,12.64,bse,2026-10-02T04:02:27
INE615I01010,,Fast Moving Consumer Goods,Fast Moving Consumer Goods,Beverages,Breweries & Distilleries,9.98,bse,2026-10-02T04:02:27
INE274J01014,,Energy,"Oil, Gas & Consumable Fuels",Oil,Oil Exploration & Production,5.53,bse,2026-10-02T04:02:27
INE542F01020,,Industrials,Capital Goods,Industrial Manufacturing,Ship Building & Allied Services,-47.27,bse,2026-10-02T04:02:27
INE201K01015,,Information Technology,Information Technology,IT - Services,IT Enabled Services,7.28,bse,2026-10-02T04:02:27
INE399K01017,,Utilities,Power,Power,Power Generation,23.73,bse,2026-10-02T04:02:27
INE947J01015,,Consumer Discretionary,"Media, Entertainment & Publication",Entertainment,TV Broadcasting & Software Production,5.08,bse,2026-10-02T04:02:27
INE563J01010,,Commodities,Chemicals,Fertilizers & Agrochemicals,Pesticides & Agrochemicals,-13.7,bse,2026-10-02T04:02:27
INE250K01012,,Information Technology,Information Technology,IT - Hardware,Computers Hardware & Equipments,9.11,bse,2026-10-02T04:02:27
INE121E01018,,Utilities,Power,Power,Power Generation,22.17,bse,2026-10-02T04:02:27
INE484J01027,,Consumer Discretionary,Realty,Realty,"Residential, Commercial Projects",20.47,bse,2026-10-02T04:02:27
INE950I01011,,Consumer Discretionary,"Media, Entertainment & Publication",Media,Print Media,5.82,bse,2026-10-02T04:02:27
INE797F01020,,Consumer Discretionary,Consumer Services,Leisure Services,Restaurants,47.47,bse,2026-10-02T04:02:27
INE893I01013,,Consumer Discretionary,Realty,Realty,"Residential, Commercial Projects",12.23,bse,2026-10-02T04:02:27
INE085J01014,,Consumer Discretionary,Consumer Durables,Consumer Durables,"Gems, Jewellery And Watches",,bse,2026-10-02T04:02:27
INE879I01012,,Consumer Discretionary,Realty,Realty,"Residential, Commercial Projects",56.56,bse,2026-10-02T04:02:27
INE982F01036,,Consumer Discretionary,"Media, Entertainment & Publication",Entertainment,TV Broadcasting & Software Production,12.85,bse,2026-10-02T04:02:27
INE141K01013,,Industrials,Capital Goods,Industrial Products,Plastic Products - Industrial,6.25,bse,2026-10-02T04:02:27
INE949H01023,,Consumer Discretionary,Realty,Realty,"Residential, Commercial Projects",15.43,bse,2026-10-02T04:02:27
INE262H01021,,Information Technology,Information Technology,IT - Software,Computers - Software & Consulting,30.31,bse,2026-10-02T04:02:27
INE566K01011,,Consumer Discretionary,Consumer Services,Retailing,E-Retail/ E-Commerce,7.89,bse,2026-10-02T04:02:27
INE134B01017,,Industrials,Capital Goods,Electrical Equipment,Other Electrical Equipment,66.69,bse,2026-10-02T04:02:27
INE002L01015,,Utilities,Power,Power,Power Generation,23.39,bse,2026-10-02T04:02:27
INE830C01026,,Commodities,Forest Materials,"Paper, Forest & Jute Products",Paper & Paper Products,,bse,2026-10-02T04:02:27
INE933K01021,,Fast Moving Consumer Goods,Fast Moving Consumer Goods,Personal Products,Personal Care,22.17,bse,2026-10-02T04:02:27
INE517F01014,,Services,Services,Transport Infrastructure,Port & Port services,8.78,bse,2026-10-02T04:02:27
INE866K01023,,Industrials,Capital Goods,Electrical Equipment,Heavy Electrical Equipment,,bse,2026-10-02T04:02:27
INE521J01018,,Financial Services,Financial Services,Finance,Non Banking Financial Company (NBFC),3.69,bse,2026-10-02T04:02:27
INE874I01013,,Industrials,Construction,Construction,Civil Construction,4.74,bse,2026-10-02T04:02:27
INE999K01014,,Utilities,Power,Power,Power Generation,13.78,bse,2026-10-02T04:02:27
INE068L01024,,Consumer Discretionary,Textiles,Textiles & Apparels,Garments & Apparels,,bse,2026-10-02T04:02:27
INE956G01038,,Utilities,Utilities,Other Utilities,Water Supply & Management,22.66,bse,2026-10-02T04:02:27
INE442H01029,,Industrials,Construction,Construction,Civil Construction,0.62,bse,2026-10-02T04:02:27
INE209L01016,,Industrials,Capital Goods,Industrial Manufacturing,Railway Wagons,33.95,bse,2026-10-02T04:02:27
INE093I01010,,Consumer Discretionary,Realty,Realty,"Residential, Commercial Projects",17.57,bse,2026-10-02T04:02:27
INE811K01011,,Consumer Discretionary,Realty,Realty,"Residential, Commercial Projects",30.75,bse,2026-10-02T04:02:27
INE482J01021,,Industrials,Capital Goods,Industrial Products,Iron & Steel Products,16.37,bse,2026-10-02T04:02:27
INE522F01014,,Energy,"Oil, Gas & Consumable Fuels",Consumable Fuels,Coal,5.52,bse,2026-10-02T04:02:27
INE024L01027,,Commodities,Metals & Mining,Minerals & Mining,Industrial Minerals,10.79,bse,2026-10-02T04:02:27
INE490G01020,,Commodities,Metals & Mining,Minerals & Mining,Industrial Minerals,,bse,2026-10-02T04:02:27
INE146L01010,,Industrials,Capital Goods,Industrial Products,"Compressors, Pumps & Diesel Engines",41.64,bse,2026-10-02T04:02:27
INE608A01012,,Financial Services,Financial Services,Banks,Public Sector Bank,,bse,2026-10-02T04:02:27
INE029L01018,,Financial Services,Financial Services,Finance,Investment Company,52.33,bse,2026-10-02T04:02:27
INE878K01010,,Financial Services,Financial Services,Finance,Holding Company,3.12,bse,2026-10-02T04:02:27
INE519C01017,,Financial Services,Financial Services,Finance,Investment Company,9.1,bse,2026-10-02T04:02:27
INE577L01016,,Financial Services,Financial Services,Finance,Investment Company,16.31,bse,2026-10-02T04:02:27
INE621L01012,,Industrials,Capital Goods,Industrial Manufacturing,Railway Wagons,18.0,bse,2026-10-02T04:02:27
INE045J01034,,Commodities,Chemicals,Chemicals & Petrochemicals,Specialty Chemicals,32.25,bse,2026-10-02T04:02:27
INE251B01027,,Industrials,Capital Goods,Aerospace & Defense,Aerospace & Defense,46.5,bse,2026-10-02T04:02:27
INE560K01014,,Financial Services,Financial Services,Finance,Non Banking Financial Company (NBFC),4.51,bse,2026-10-02T04:02:27
INF247L01AP3,,Financial Services,Financial Services,Capital Markets,Mutual Fund Scheme - ETF,,bse,2026-10-02T04:02:27
INE414G01012,,Financial Services,Financial Services,Finance,Non Banking Financial Company (NBFC),6.67,bse,2026-10-02T04:02:27
INE573K01025,,Consumer Discretionary,Consumer Durables,Consumer Durables,Plywood Boards/ Laminates,34.53,bse,2026-10-02T04:02:27
INE498L01015,,Financial Services,Financial Services,Finance,Non Banking Financial Company (NBFC),24.56,bse,2026-10-02T04:02:27
INE126M01010,,Services,Services,Commercial Services & Supplies,Diversified Commercial Services,12.13,bse,2026-10-02T04:02:27
INE895B01021,,Consumer Discretionary,Textiles,Textiles & Apparels,Garments & Apparels,10.68,bse,2026-10-02T04:02:27
INE419M01035,,Industrials,Capital Goods,Electrical Equipment,Heavy Electrical Equipment,32.45,bse,2026-10-02T04:02:27
INE901L01018,,Healthcare,Healthcare,Pharmaceuticals & Biotechnology,Pharmaceuticals,16.43,bse,2026-10-02T04:02:27
INE457L01029,,Consumer Discretionary,Consumer Durables,Consumer Durables,Consumer Electronics,41.09,bse,2026-10-02T04:02:27
INE899L01030,,Utilities,Power,Power,Power Generation,,bse,2026-10-02T04:02:27
INE152M01016,,Industrials,Capital Goods,Electrical Equipment,Heavy Electrical Equipment,34.24,bse,2026-10-02T04:02:27
INE337M01021,,Financial Services,Financial Services,Capital Markets,Stockbroking & Allied,20.12,bse,2026-10-02T04:02:27
INE122M01019,,Services,Services,Transport Services,Shipping,0.4,bse,2026-10-02T04:02:27
INE702C01027,,Industrials,Capital Goods,Industrial Products,Iron & Steel Products,33.14,bse,2026-10-02T04:02:27
INE390G01014,,Industrials,Construction,Construction,Civil Construction,10.63,bse,2026-10-02T04:02:27
INE480M01011,,Consumer Discretionary,Textiles,Textiles & Apparels,Garments & Apparels,,bse,2026-10-02T04:02:27
INE482B01010,,Information Technology,Information Technology,IT - Services,IT Enabled Services,7.34,bse,2026-10-02T04:02:27
INE743M01012,,Industrials,Capital Goods,Industrial Products,Electrodes & Refractories,-30.95,bse,2026-10-02T04:02:27
INE745G01043,,Financial Services,Financial Services,Capital Markets,Exchange and Data Platform,7.61,bse,2026-10-02T04:02:27
INE839M01018,,Industrials,Capital Goods,Electrical Equipment,Heavy Electrical Equipment,,bse,2026-10-02T04:02:27
INE095N01031,,Industrials,Construction,Construction,Civil Construction,19.12,bse,2026-10-02T04:02:27
INE760L01018,,Consumer Discretionary,Consumer Durables,Consumer Durables,"Gems, Jewellery And Watches",13.09,bse,2026-10-02T04:02:27
INE050M01012,,Industrials,Capital Goods,Industrial Products,Iron & Steel Products,,bse,2026-10-02T04:02:27
INE247M01014,,Consumer Discretionary,Consumer Services,Leisure Services,Restaurants,19.97,bse,2026-10-02T04:02:27
INE834M01019,,Consumer Discretionary,Consumer Services,Retailing,E-Retail/ E-Commerce,-8.27,bse,2026-10-02T04:02:27
INE391J01032,,Industrials,Capital Goods,Industrial Products,Iron & Steel Products,20.55,bse,2026-10-02T04:02:27
INE299N01021,,Industrials,Capital Goods,Electrical Equipment,Other Electrical Equipment,11.74,bse,2026-10-02T04:02:27
INE741L01018,,Industrials,Capital Goods,Industrial Manufacturing,Industrial Products,4.91,bse,2026-10-02T04:02:27
INE195N01013,,Consumer Discretionary,Realty,Realty,"Residential, Commercial Projects",23.76,bse,2026-10-02T04:02:27
INE840M01016,,Commodities,Chemicals,Fertilizers & Agrochemicals,Fertilizers,0.79,bse,2026-10-02T04:02:27
INE503B01021,,Industrials,Capital Goods,Industrial Products,Iron & Steel Products,,bse,2026-10-02T04:02:27
INE752H01013,,Financial Services,Financial Services,Capital Markets,Ratings,19.83,bse,2026-10-02T04:02:27
INE785M01021,,Consumer Discretionary,Consumer Durables,Consumer Durables,"Gems, Jewellery And Watches",11.05,bse,2026-10-02T04:02:27
INE121J01017,,Telecommunication,Telecommunication,Telecom - Services,Telecom - Infrastructure,9.3,bse,2026-10-02T04:02:27
INE665J01013,,Consumer Discretionary,Consumer Services,Retailing,Diversified Retail,,bse,2026-10-02T04:02:27
INE149O01018,,Industrials,Capital Goods,Aerospace & Defense,Aerospace & Defense,-62.15,bse,2026-10-02T04:02:27
INE612J01015,,Financial Services,Financial Services,Finance,Housing Finance Company,4.58,bse,2026-10-02T04:02:27
INE099F01013,,Consumer Discretionary,Consumer Durables,Consumer Durables,Footwear,,bse,2026-10-02T04:02:27
INE597I01028,,Consumer Discretionary,Automobile and Auto Components,Auto Components,Auto Components & Equipments,10.41,bse,2026-10-02T04:02:27
INE599M01018,,Consumer Discretionary,Consumer Services,Retailing,Internet & Catalogue Retail,,bse,2026-10-02T04:02:27
INE876N01018,,Commodities,Construction Materials,Cement & Cement Products,Cement & Cement Products,,bse,2026-10-02T04:02:27
INE647O01011,,Consumer Discretionary,Consumer Services,Retailing,Speciality Retail,-4.47,bse,2026-10-02T04:02:27
INE148I01020,,Financial Services,Financial Services,Finance,Housing Finance Company,8.68,bse,2026-10-02T04:02:27
INE147P01019,,Financial Services,Financial Services,Finance,Investment Company,0.61,bse,2026-10-02T04:02:27
INF247L01023,,Financial Services,Financial Services,Capital Markets,Mutual Fund Scheme - ETF,,bse,2026-10-02T04:02:27
INE536P01021,,Industrials,Capital Goods,Industrial Products,Plastic Products - Industrial,7.23,bse,2026-10-02T04:02:27
INE442P01014,,Telecommunication,Telecommunication,Telecom - Services,Telecom - Infrastructure,4.75,bse,2026-10-02T04:02:27
INE084Q01012,,Utilities,Utilities,Other Utilities,Waste Management,19.01,bse,2026-10-02T04:02:27
INE159N01027,,Financial Services,Financial Services,Finance,Non Banking Financial Company (NBFC),11863.74,bse,2026-10-02T04:02:27
INF457M01133,,Financial Services,Financial Services,Capital Markets,Mutual Fund Scheme - ETF,,bse,2026-10-02T04:02:27
INE066O01014,,Consumer Discretionary,Consumer Services,Leisure Services,Amusement Parks/ Other Recreation,,bse,2026-10-02T04:02:27
INE114O01020,,Financial Services,Financial Services,Finance,Investment Company,,bse,2026-10-02T04:02:27
INE439E01022,,Industrials,Capital Goods,Electrical Equipment,Heavy Electrical Equipment,18.97,bse,2026-10-02T04:02:27
INE635Q01029,,Energy,"Oil, Gas & Consumable Fuels",Petroleum Products,Lubricants,9.98,bse,2026-10-02T04:02:27
INE734N01019,,Services,Services,Transport Services,Logistics Solution Provider,,bse,2026-10-02T04:02:27
INE221J01015,,Commodities,Chemicals,Fertilizers & Agrochemicals,Pesticides & Agrochemicals,3.91,bse,2026-10-02T04:02:27
INE898Q01015,,Consumer Discretionary,Realty,Realty,"Residential, Commercial Projects",202.4,bse,2026-10-02T04:02:27
INE260R01016,,Industrials,Capital Goods,Industrial Products,Plastic Products - Industrial,11.12,bse,2026-10-02T04:02:27
INE111Q01021,,Consumer Discretionary,Textiles,Textiles & Apparels,Trading - Textile Products,20.24,bse,2026-10-02T04:02:27
INE016Q01014,,Information Technology,Information Technology,IT - Services,IT Enabled Services,6.73,bse,2026-10-02T04:02:27
INE306R01017,,Information Technology,Information Technology,IT - Software,Computers - Software & Consulting,18.14,bse,2026-10-02T04:02:27
INE950M01013,,Consumer Discretionary,Textiles,Textiles & Apparels,Garments & Apparels,5.53,bse,2026-10-02T04:02:27
INE613C01026,,Information Technology,Information Technology,IT - Software,Computers - Software & Consulting,4.24,bse,2026-10-02T04:02:27
INE498Q01014,,Fast Moving Consumer Goods,Fast Moving Consumer Goods,Agricultural Food & other Products,Tea & Coffee,8.07,bse,2026-10-02T04:02:27
INE842C01021,,Consumer Discretionary,Automobile and Auto Components,Auto Components,Auto Components & Equipments,16.51,bse,2026-10-02T04:02:27
INE544R01021,,Consumer Discretionary,Consumer Durables,Consumer Durables,Plywood Boards/ Laminates,71.07,bse,2026-10-02T04:02:27
INE596F01018,,Industrials,Capital Goods,Industrial Products,Castings & Forgings,221.25,bse,2026-10-02T04:02:27
INE976R01033,,Consumer Discretionary,Realty,Realty,"Residential, Commercial Projects",4.27,bse,2026-10-02T04:02:27
INE824Q01011,,Commodities,Metals & Mining,Ferrous Metals,Iron & Steel,9.65,bse,2026-10-02T04:02:27
INE830Q01018,,Industrials,Capital Goods,Industrial Products,Iron & Steel Products,21.56,bse,2026-10-02T04:02:27
INE172N01012,,Consumer Discretionary,Consumer Services,Leisure Services,Amusement Parks/ Other Recreation,53.84,bse,2026-10-02T04:02:27
INE066P01011,,Industrials,Capital Goods,Electrical Equipment,Heavy Electrical Equipment,18.57,bse,2026-10-02T04:02:27
INE366I01010,,Services,Services,Transport Services,Logistics Solution Provider,,bse,2026-10-02T04:02:27
INE788J01021,,Commodities,Chemicals,Fertilizers & Agrochemicals,Pesticides & Agrochemicals,23.65,bse,2026-10-02T04:02:27
INE195J01029,,Industrials,Construction,Construction,Civil Construction,2.63,bse,2026-10-02T04:02:27
INE784R01023,,Commodities,Metals & Mining,Non - Ferrous Metals,Aluminium,59.66,bse,2026-10-02T04:02:27
INE206F01022,,Financial Services,Financial Services,Finance,Non Banking Financial Company (NBFC),14.32,bse,2026-10-02T04:02:27
INE035S01028,,Commodities,Chemicals,Chemicals & Petrochemicals,Commodity Chemicals,7.45,bse,2026-10-02T04:02:27
INE618R01015,,Financial Services,Financial Services,Finance,Non Banking Financial Company (NBFC),,bse,2026-10-02T04:02:27
INE170E01023,,Commodities,Forest Materials,"Paper, Forest & Jute Products",Paper & Paper Products,,bse,2026-10-02T04:02:27
INE885H01029,,Consumer Discretionary,Textiles,Textiles & Apparels,Other Textile Products,,bse,2026-10-02T04:02:27
INE931S01010,,Utilities,Power,Power,Power Distribution,32.32,bse,2026-10-02T04:02:27
INE398R01022,,Healthcare,Healthcare,Healthcare Services,"Healthcare Research, Analytics & Technology",45.07,bse,2026-10-02T04:02:27
INE898S01029,,Information Technology,Information Technology,IT - Services,IT Enabled Services,17.53,bse,2026-10-02T04:02:27
INE671K01027,,Consumer Discretionary,Textiles,Textiles & Apparels,Other Textile Products,18.68,bse,2026-10-02T04:02:27
INE034S01021,,Consumer Discretionary,Realty,Realty,"Residential, Commercial Projects",11.81,bse,2026-10-02T04:02:27
INE211R01019,,Industrials,Construction,Construction,Civil Construction,10.39,bse,2026-10-02T04:02:27
INE230R01035,,Industrials,Capital Goods,Industrial Products,Iron & Steel Products,38.94,bse,2026-10-02T04:02:27
INE918N01018,,Consumer Discretionary,Consumer Durables,Consumer Durables,Consumer Electronics,7.14,bse,2026-10-02T04:02:27
INE278M01019,,Services,Services,Transport Services,Logistics Solution Provider,,bse,2026-10-02T04:02:27
INE712K01011,,Commodities,Chemicals,Chemicals & Petrochemicals,Dyes And Pigments,14.31,bse,2026-10-02T04:02:27
INE844O01030,,Energy,"Oil, Gas & Consumable Fuels",Gas,LPG/CNG/PNG/LNG Supplier,8.8,bse,2026-10-02T04:02:27
INE583R01029,,Consumer Discretionary,Automobile and Auto Components,Auto Components,Auto Components & Equipments,6.2,bse,2026-10-02T04:02:27
INE344T01014,,Consumer Discretionary,Textiles,Textiles & Apparels,Garments & Apparels,,bse,2026-10-02T04:02:27
INE836B01017,,Financial Services,Financial Services,Finance,Microfinance Institutions,18.67,bse,2026-10-02T04:02:27
INE854S01022,,Consumer Discretionary,Realty,Realty,"Residential, Commercial Projects",6.62,bse,2026-10-02T04:02:27
INE335K01011,,Consumer Discretionary,Consumer Services,Leisure Services,Restaurants,2.2,bse,2026-10-02T04:02:27
INE092T01019,,Financial Services,Financial Services,Banks,Private Sector Bank,21.38,bse,2026-10-02T04:02:27
INE646L01027,,Services,Services,Transport Services,Airline,-91.35,bse,2026-10-02T04:02:27
INE500L01026,,Commodities,Chemicals,Chemicals & Petrochemicals,Specialty Chemicals,12.95,bse,2026-10-02T04:02:27
INE258R01028,,Consumer Discretionary,"Media, Entertainment & Publication",Entertainment,"Film Production, Distribution & Exhibition",74.35,bse,2026-10-02T04:02:27
INE551B01012,,Consumer Discretionary,Consumer Durables,Consumer Durables,"Gems, Jewellery And Watches",,bse,2026-10-02T04:02:27
INE540L01014,,Healthcare,Healthcare,Pharmaceuticals & Biotechnology,Pharmaceuticals,17.77,bse,2026-10-02T04:02:27
INE600L01024,,Healthcare,Healthcare,Healthcare Services,Healthcare Service Provider,21.78,bse,2026-10-02T04:02:27
INE669R01026,,Fast Moving Consumer Goods,Fast Moving Consumer Goods,Cigarettes & Tobacco Products,Cigarettes & Tobacco Products,2.06,bse,2026-10-02T04:02:27
INE150G01020,,Consumer Discretionary,Textiles,Textiles & Apparels,Garments & Apparels,23.23,bse,2026-10-02T04:02:27
INE410P01011,,Healthcare,Healthcare,Healthcare Services,Hospital,31.22,bse,2026-10-02T04:02:27
INE373T01047,,Information Technology,Information Technology,IT - Software,Software Products,15.45,bse,2026-10-02T04:02:27
INE484I01029,,Consumer Discretionary,Automobile and Auto Components,Auto Components,Auto Components & Equipments,15.19,bse,2026-10-02T04:02:27
INE985S01024,,Services,Services,Commercial Services & Supplies,Diversified Commercial Services,9.03,bse,2026-10-02T04:02:27
INE052T01021,,Commodities,Chemicals,Fertilizers & Agrochemicals,Pesticides & Agrochemicals,-1350.91,bse,2026-10-02T04:02:27
INE306L01010,,Information Technology,Information Technology,IT - Software,Software Products,-78.02,bse,2026-10-02T04:02:27
INE127T01021,,Utilities,Power,Power,Power Generation,5.95,bse,2026-10-02T04:02:27
INE314T01033,,Fast Moving Consumer Goods,Fast Moving Consumer Goods,Agricultural Food & other Products,Edible Oil,10.89,bse,2026-10-02T04:02:27
INE194R01017,,Healthcare,Healthcare,Pharmaceuticals & Biotechnology,Pharmaceuticals,31.14,bse,2026-10-02T04:02:27
INE865T01018,,Commodities,Forest Materials,"Paper, Forest & Jute Products",Paper & Paper Products,,bse,2026-10-02T04:02:27
INE075I01017,,Healthcare,Healthcare,Healthcare Services,Hospital,300.58,bse,2026-10-02T04:02:27
INE316L01019,,Industrials,Capital Goods,Industrial Products,Iron & Steel Products,,bse,2026-10-02T04:02:27
INE483S01020,,Financial Services,Financial Services,Financial Technology (Fintech),Financial Technology (Fintech),11.64,bse,2026-10-02T04:02:27
INE912T01018,,Industrials,Capital Goods,Industrial Products,Electrodes & Refractories,94.31,bse,2026-10-02T04:02:27
INE359U01028,,Services,Services,Transport Services,Logistics Solution Provider,19.32,bse,2026-10-02T04:02:27
INE115S01010,,Fast Moving Consumer Goods,Fast Moving Consumer Goods,Agricultural Food & other Products,Edible Oil,5.31,bse,2026-10-02T04:02:27
INE594H01019,,Healthcare,Healthcare,Healthcare Services,Healthcare Service Provider,35.11,bse,2026-10-02T04:02:27
INE411U01027,,Healthcare,Healthcare,Pharmaceuticals & Biotechnology,Pharmaceuticals,,bse,2026-10-02T04:02:27
INE299U01018,,Consumer Discretionary,Consumer Durables,Consumer Durables,Household Appliances,1005.68,bse,2026-10-02T04:02:27
INE417C01014,,Financial Services,Financial Services,Finance,Investment Company,-141.44,bse,2026-10-02T04:02:27
INE883N01014,,Fast Moving Consumer Goods,Fast Moving Consumer Goods,Food Products,Dairy Products,17.76,bse,2026-10-02T04:02:27
INE440T01028,,Consumer Discretionary,Consumer Services,Other Consumer Services,Education,328.38,bse,2026-10-02T04:02:27
INE524T01029,,Services,Services,Transport Services,Airline,2.81,bse,2026-10-02T04:02:27
INE002S01010,,Energy,"Oil, Gas & Consumable Fuels",Gas,LPG/CNG/PNG/LNG Supplier,7.57,bse,2026-10-02T04:02:27
INE615P01015,,Services,Services,Commercial Services & Supplies,Diversified Commercial Services,13.92,bse,2026-10-02T04:02:27
INE073V01015,,Industrials,Capital Goods,Industrial Products,Packaging,25.62,bse,2026-10-02T04:02:27
INE093R01011,,Industrials,Capital Goods,Industrial Manufacturing,Industrial Products,43.79,bse,2026-10-02T04:02:27
INE552U01010,,Healthcare,Healthcare,Pharmaceuticals & Biotechnology,Pharmaceuticals,34.02,bse,2026-10-02T04:02:27
INE214T01019,,Information Technology,Information Technology,IT - Software,Computers - Software & Consulting,16.07,bse,2026-10-02T04:02:27
INE837H01020,,Healthcare,Healthcare,Pharmaceuticals & Biotechnology,Biotechnology,12.03,bse,2026-10-02T04:02:27
INE917M01012,,Industrials,Construction,Construction,Civil Construction,2.8,bse,2026-10-02T04:02:27
INE212I01016,,Consumer Discretionary,Textiles,Textiles & Apparels,Garments & Apparels,15.44,bse,2026-10-02T04:02:27
INE976G01028,,Financial Services,Financial Services,Banks,Private Sector Bank,47.57,bse,2026-10-02T04:02:27
INE153T01027,,Consumer Discretionary,Consumer Services,Leisure Services,"Tour, Travel Related Services",8.12,bse,2026-10-02T04:02:27
INE010V01017,,Information Technology,Information Technology,IT - Services,IT Enabled Services,17.75,bse,2026-10-02T04:02:27
INE934S01014,,Consumer Discretionary,Automobile and Auto Components,Auto Components,Auto Components & Equipments,13.34,bse,2026-10-02T04:02:27
INE583V01021,,Consumer Discretionary,Consumer Durables,Consumer Durables,"Gems, Jewellery And Watches",,bse,2026-10-02T04:02:27
INE726G01019,,Financial Services,Financial Services,Insurance,Life Insurance,66.92,bse,2026-10-02T04:02:27
INE495S01016,,Industrials,Capital Goods,Industrial Manufacturing,Industrial Products,13.22,bse,2026-10-02T04:02:27
INE565V01010,,Commodities,Chemicals,Chemicals & Petrochemicals,Specialty Chemicals,20.26,bse,2026-10-02T04:02:27
INE913H01037,,Consumer Discretionary,Automobile and Auto Components,Auto Components,Auto Components & Equipments,25.82,bse,2026-10-02T04:02:27
INE572E01012,,Financial Services,Financial Services,Finance,Housing Finance Company,13.22,bse,2026-10-02T04:02:27
INE200M01039,,Fast Moving Consumer Goods,Fast Moving Consumer Goods,Beverages,Other Beverages,26.25,bse,2026-10-02T04:02:27
INE916U01025,,Consumer Discretionary,Consumer Durables,Consumer Durables,"Furniture, Home Furnishing",24.33,bse,2026-10-02T04:02:27
INE679V01027,,Consumer Discretionary,Consumer Services,Retailing,Speciality Retail,,bse,2026-10-02T04:02:27
INE586V01016,,Services,Services,Transport Services,Logistics Solution Provider,15.66,bse,2026-10-02T04:02:27
INE947Q01028,,Healthcare,Healthcare,Pharmaceuticals & Biotechnology,Pharmaceuticals,71.44,bse,2026-10-02T04:02:27
INE726V01018,,Consumer Discretionary,Automobile and Auto Components,Auto Components,Auto Components & Equipments,23.49,bse,2026-10-02T04:02:27
INE863T01013,,Utilities,Utilities,Other Utilities,Water Supply & Management,106.92,bse,2026-10-02T04:02:27
INE655V01019,,Industrials,Capital Goods,Electrical Equipment,Other Electrical Equipment,18.89,bse,2026-10-02T04:02:27
INE192R01011,,Consumer Discretionary,Consumer Services,Retailing,Diversified Retail,53.03,bse,2026-10-02T04:02:27
INE784W01015,,Consumer Discretionary,Textiles,Textiles & Apparels,Other Textile Products,,bse,2026-10-02T04:02:27
INE274V01019,,Consumer Discretionary,Consumer Services,Retailing,Speciality Retail,45.84,bse,2026-10-02T04:02:27
INE807K01035,,Consumer Discretionary,"Media, Entertainment & Publication",Printing & Publication,Printing & Publication,20.05,bse,2026-10-02T04:02:27
INE031A01017,,Financial Services,Financial Services,Finance,Financial Institution,5.76,bse,2026-10-02T04:02:27
INE488V01015,,Industrials,Construction,Construction,Civil Construction,32.31,bse,2026-10-02T04:02:27
INE460H01021,,Commodities,Construction Materials,Cement & Cement Products,Cement & Cement Products,13.4,bse,2026-10-02T04:02:27
INE010J01012,,Telecommunication,Telecommunication,Telecom -  Equipment & Accessories,Telecom -  Equipment & Accessories,-6.33,bse,2026-10-02T04:02:27
INE406M01024,,Healthcare,Healthcare,Pharmaceuticals & Biotechnology,Pharmaceuticals,18.33,bse,2026-10-02T04:02:27
INE869I01013,,Consumer Discretionary,"Media, Entertainment & Publication",Entertainment,TV Broadcasting & Software Production,24.82,bse,2026-10-02T04:02:27
INE949L01017,,Financial Services,Financial Services,Banks,Other Bank,,bse,2026-10-02T04:02:27
INE170V01027,,Industrials,Capital Goods,Industrial Manufacturing,Industrial Products,24.36,bse,2026-10-02T04:02:27
INE349W01017,,Fast Moving Consumer Goods,Fast Moving Consumer Goods,Agricultural Food & other Products,Sugar,,bse,2026-10-02T04:02:27
INE347W01011,,Fast Moving Consumer Goods,Fast Moving Consumer Goods,Agricultural Food & other Products,Sugar,,bse,2026-10-02T04:02:27
INE285J01028,,Consumer Discretionary,Consumer Services,Other Consumer Services,Other Consumer Services,57.58,bse,2026-10-02T04:02:27
INE704P01025,,Industrials,Capital Goods,Industrial Manufacturing,Ship Building & Allied Services,33.47,bse,2026-10-02T04:02:27
INE880L01014,,Commodities,Metals & Mining,Ferrous Metals,Sponge Iron,,bse,2026-10-02T04:02:27
INE674K01013,,Financial Services,Financial Services,Finance,Investment Company,16.95,bse,2026-10-02T04:02:27
INE346W01013,,Fast Moving Consumer Goods,Fast Moving Consumer Goods,Food Products,Seafood,,bse,2026-10-02T04:02:27
INE935N01020,,Consumer Discretionary,Consumer Durables,Consumer Durables,Consumer Electronics,28.92,bse,2026-10-02T04:02:27
INE385W01011,,Healthcare,Healthcare,Pharmaceuticals & Biotechnology,Pharmaceuticals,88.89,bse,2026-10-02T04:02:27
INE866R01028,,Consumer Discretionary,Consumer Services,Retailing,Internet & Catalogue Retail,17.42,bse,2026-10-02T04:02:27
INE264T01014,,Industrials,Construction,Construction,Civil Construction,4.66,bse,2026-10-02T04:02:27
INE765G01017,,Financial Services,Financial Services,Insurance,General Insurance,,bse,2026-10-02T04:02:27
INE123W01016,,Financial Services,Financial Services,Insurance,Life Insurance,,bse,2026-10-02T04:02:27
INE393P01035,,Fast Moving Consumer Goods,Fast Moving Consumer Goods,Food Products,Packaged Foods,,bse,2026-10-02T04:02:27
INE932X01026,,Financial Services,Financial Services,Capital Markets,Stockbroking & Allied,16.1,bse,2026-10-02T04:02:27
INE864K01010,,Information Technology,Information Technology,IT - Software,Software Products,3.54,bse,2026-10-02T04:02:27
INE414Y01015,,Healthcare,Healthcare,Pharmaceuticals & Biotechnology,Pharmaceuticals,40.5,bse,2026-10-02T04:02:27
INE850D01014,,Fast Moving Consumer Goods,Fast Moving Consumer Goods,Food Products,Animal Feed,17.77,bse,2026-10-02T04:02:27
INE348L01012,,Financial Services,Financial Services,Finance,Non Banking Financial Company (NBFC),14.5,bse,2026-10-02T04:02:27
INE022Q01020,,Financial Services,Financial Services,Capital Markets,Exchange and Data Platform,10.73,bse,2026-10-02T04:02:27
INE481Y01014,,Financial Services,Financial Services,Insurance,General Insurance,7.55,bse,2026-10-02T04:02:27
INE501Y01019,,Fast Moving Consumer Goods,Fast Moving Consumer Goods,Food Products,Dairy Products,,bse,2026-10-02T04:02:27
INE974X01010,,Consumer Discretionary,Automobile and Auto Components,Auto Components,Auto Components & Equipments,26.76,bse,2026-10-02T04:02:27
INE298J01013,,Financial Services,Financial Services,Capital Markets,Asset Management Company,27.54,bse,2026-10-02T04:02:27
INE766P01016,,Services,Services,Transport Services,Logistics Solution Provider,92.99,bse,2026-10-02T04:02:27
INE470Y01017,,Financial Services,Financial Services,Insurance,General Insurance,24.12,bse,2026-10-02T04:02:27
INE133Y01011,,Industrials,Capital Goods,Industrial Products,Electrodes & Refractories,28.06,bse,2026-10-02T04:02:27
INE834I01025,,Consumer Discretionary,Consumer Durables,Consumer Durables,Footwear,60.41,bse,2026-10-02T04:02:27
INE618L01018,,Financial Services,Financial Services,Capital Markets,Stockbroking & Allied,21.74,bse,2026-10-02T04:02:27
INE795G01014,,Financial Services,Financial Services,Insurance,Life Insurance,66.23,bse,2026-10-02T04:02:27
INE600Y01019,,Industrials,Capital Goods,Industrial Products,Cables - Electricals,,bse,2026-10-02T04:02:27
INE597J01018,,Healthcare,Healthcare,Healthcare Services,Hospital,31.12,bse,2026-10-02T04:02:27
INE713T01028,,Industrials,Capital Goods,Aerospace & Defense,Aerospace & Defense,94.2,bse,2026-10-02T04:02:27
INE619B01017,,Information Technology,Information Technology,IT - Software,Computers - Software & Consulting,15.17,bse,2026-10-02T04:02:27
INE371P01015,,Consumer Discretionary,Consumer Durables,Consumer Durables,Household Appliances,104.09,bse,2026-10-02T04:02:27
INE600K01018,,Commodities,Chemicals,Chemicals & Petrochemicals,Specialty Chemicals,17.14,bse,2026-10-02T04:02:27
INE630Y01024,,Healthcare,Healthcare,Pharmaceuticals & Biotechnology,Pharmaceuticals,,bse,2026-10-02T04:02:27
INE914M01019,,Healthcare,Healthcare,Healthcare Services,Hospital,71.3,bse,2026-10-02T04:02:27
INE926X01010,,Industrials,Construction,Construction,Civil Construction,7.21,bse,2026-10-02T04:02:27
INE365Y01019,,Healthcare,Healthcare,Pharmaceuticals & Biotechnology,Pharmaceuticals,-29.2,bse,2026-10-02T04:02:27
INE171Z01026,,Industrials,Capital Goods,Aerospace & Defense,Aerospace & Defense,,bse,2026-10-02T04:02:27
INE545U01014,,Financial Services,Financial Services,Banks,Private Sector Bank,,bse,2026-10-02T04:02:27
INE066F01020,,Industrials,Capital Goods,Aerospace & Defense,Aerospace & Defense,24.55,bse,2026-10-02T04:02:27
INE278H01035,,Consumer Discretionary,Automobile and Auto Components,Auto Components,Auto Components & Equipments,12.62,bse,2026-10-02T04:02:27
INE616Z01012,,Commodities,Chemicals,Chemicals & Petrochemicals,Specialty Chemicals,73.77,bse,2026-10-02T04:02:27
INE099Z01011,,Industrials,Capital Goods,Aerospace & Defense,Aerospace & Defense,46.22,bse,2026-10-02T04:02:27
INE970X01018,,Consumer Discretionary,Consumer Services,Leisure Services,Hotels & Resorts,19.97,bse,2026-10-02T04:02:27
INE626Z01029,,Consumer Discretionary,Consumer Durables,Consumer Durables,"Furniture, Home Furnishing",35.3,bse,2026-10-02T04:02:27
INE142Z01019,,Consumer Discretionary,Consumer Durables,Consumer Durables,Household Appliances,,bse,2026-10-02T04:02:27
INE896L01010,,Financial Services,Financial Services,Finance,Non Banking Financial Company (NBFC),4.88,bse,2026-10-02T04:02:27
INE518E01015,,Healthcare,Healthcare,Pharmaceuticals & Biotechnology,Pharmaceuticals,106.93,bse,2026-10-02T04:02:27
INE692Z01013,,Industrials,Capital Goods,Industrial Manufacturing,Industrial Products,18.07,bse,2026-10-02T04:02:27
INE325C01035,,Consumer Discretionary,Textiles,Textiles & Apparels,Garments & Apparels,10.27,bse,2026-10-02T04:02:27
INE364U01010,,Utilities,Power,Power,Power Generation,42.71,bse,2026-10-02T04:02:27
INE624Z01016,,Healthcare,Healthcare,Pharmaceuticals & Biotechnology,Pharmaceuticals,-404.19,bse,2026-10-02T04:02:27
INE320J01015,,Industrials,Construction,Construction,Civil Construction,12.49,bse,2026-10-02T04:02:27
INE686Y01026,,Commodities,Chemicals,Chemicals & Petrochemicals,Specialty Chemicals,24.99,bse,2026-10-02T04:02:27
INE665L01035,,Consumer Discretionary,Automobile and Auto Components,Auto Components,Auto Components & Equipments,28.48,bse,2026-10-02T04:02:27
INE127D01025,,Financial Services,Financial Services,Capital Markets,Asset Management Company,36.1,bse,2026-10-02T04:02:27
INE741K01010,,Financial Services,Financial Services,Finance,Microfinance Institutions,13.04,bse,2026-10-02T04:02:27
INE00QT01015,,Industrials,Capital Goods,Industrial Products,Castings & Forgings,-97.71,bse,2026-10-02T04:02:27
INE962Y01021,,Industrials,Construction,Construction,Civil Construction,13.23,bse,2026-10-02T04:02:27
INE01IU01018,,Consumer Discretionary,Consumer Durables,Consumer Durables,"Gems, Jewellery And Watches",26.87,bse,2026-10-02T04:02:27
INE00VM01036,,Fast Moving Consumer Goods,Fast Moving Consumer Goods,Food Products,Other Food Products,23.84,bse,2026-10-02T04:02:27
INE216P01012,,Financial Services,Financial Services,Finance,Housing Finance Company,19.27,bse,2026-10-02T04:02:27
INE382Z01011,,Industrials,Capital Goods,Aerospace & Defense,Aerospace & Defense,,bse,2026-10-02T04:02:27
INE399L01023,,Energy,"Oil, Gas & Consumable Fuels",Gas,LPG/CNG/PNG/LNG Supplier,67.08,bse,2026-10-02T04:02:27
INE285K01026,,Industrials,Construction,Construction,Civil Construction,16.9,bse,2026-10-02T04:02:27
INE00R701025,,Commodities,Construction Materials,Cement & Cement Products,Cement & Cement Products,21.36,bse,2026-10-02T04:02:27
INE00S901012,,Consumer Discretionary,Realty,Realty,"Residential, Commercial Projects",9.75,bse,2026-10-02T04:02:27
INE00CA01015,,Information Technology,Information Technology,IT - Software,Computers - Software & Consulting,16.76,bse,2026-10-02T04:02:27
INE02EZ01022,,Consumer Discretionary,Textiles,Textiles & Apparels,Other Textile Products,,bse,2026-10-02T04:02:27
INE542W01025,,Utilities,Power,Power,Power Generation,8.29,bse,2026-10-02T04:02:27
INE425Y01011,,Services,Services,Commercial Services & Supplies,Business Process Outsourcing (BPO)/ Knowledge Process Outsourcing (KPO),23.07,bse,2026-10-02T04:02:27
INE01EG01016,,Services,Services,Transport Services,Logistics Solution Provider,17.65,bse,2026-10-02T04:02:27
INE427F01016,,Consumer Discretionary,Consumer Services,Leisure Services,Hotels & Resorts,21.26,bse,2026-10-02T04:02:27
INE294Z01018,,Industrials,Capital Goods,Industrial Manufacturing,Industrial Products,22.92,bse,2026-10-02T04:02:27
INE955V01021,,Consumer Discretionary,Consumer Services,Retailing,Speciality Retail,20.57,bse,2026-10-02T04:02:27
INE255X01014,,Services,Services,Commercial Services & Supplies,Trading & Distributors,15.13,bse,2026-10-02T04:02:27
INE415G01027,,Industrials,Construction,Construction,Civil Construction,30.33,bse,2026-10-02T04:02:27
INE112L01020,,Healthcare,Healthcare,Healthcare Services,Healthcare Service Provider,9.61,bse,2026-10-02T04:02:27
INE04I401011,,Information Technology,Information Technology,IT - Software,Computers - Software & Consulting,15.25,bse,2026-10-02T04:02:27
INE455K01017,,Industrials,Capital Goods,Industrial Products,Cables - Electricals,29.09,bse,2026-10-02T04:02:27
INE136S01016,,Commodities,Chemicals,Chemicals & Petrochemicals,Specialty Chemicals,146.07,bse,2026-10-02T04:02:27
INE050001010,,Industrials,Capital Goods,Industrial Products,Plastic Products - Industrial,,bse,2026-10-02T04:02:27
INE04AK01028,,Consumer Discretionary,Textiles,Textiles & Apparels,Garments & Apparels,50.67,bse,2026-10-02T04:02:27
INE933S01016,,Consumer Discretionary,Consumer Services,Retailing,Internet & Catalogue Retail,11.02,bse,2026-10-02T04:02:27
INE00WC01027,,Information Technology,Information Technology,IT - Services,IT Enabled Services,29.02,bse,2026-10-02T04:02:27
INE572J01011,,Financial Services,Financial Services,Finance,Microfinance Institutions,-2.45,bse,2026-10-02T04:02:27
INE00M201021,,Industrials,Construction,Construction,Civil Construction,-38.76,bse,2026-10-02T04:02:27
INE466L01038,,Financial Services,Financial Services,Capital Markets,Stockbroking & Allied,37.56,bse,2026-10-02T04:02:27
INE489L01022,,Financial Services,Financial Services,Capital Markets,Stockbroking & Allied,11.58,bse,2026-10-02T04:02:27
INE08KJ01020,,Financial Services,Financial Services,Finance,Non Banking Financial Company (NBFC),126.77,bse,2026-10-02T04:02:27
INE09N301011,,Commodities,Chemicals,Chemicals & Petrochemicals,Specialty Chemicals,53.28,bse,2026-10-02T04:02:27
INE335Y01020,,Consumer Discretionary,Consumer Services,Leisure Services,"Tour, Travel Related Services",17.15,bse,2026-10-02T04:02:27
INE08ZM01014,,Consumer Discretionary,Consumer Durables,Consumer Durables,Plywood Boards/ Laminates,,bse,2026-10-02T04:02:27
INE679A01013,,Financial Services,Financial Services,Banks,Private Sector Bank,,bse,2026-10-02T04:02:27
INE551W01018,,Financial Services,Financial Services,Banks,Other Bank,,bse,2026-10-02T04:02:27
INE05AN01011,,Consumer Discretionary,Consumer Durables,Consumer Durables,Sanitary Ware,-45.57,bse,2026-10-02T04:02:27
INE689W01016,,Industrials,Capital Goods,Industrial Products,Plastic Products - Industrial,,bse,2026-10-02T04:02:27
INE025R01021,,Healthcare,Healthcare,Healthcare Services,Hospital,33.82,bse,2026-10-02T04:02:27
INE258G01013,,Commodities,Chemicals,Fertilizers & Agrochemicals,Pesticides & Agrochemicals,25.0,bse,2026-10-02T04:02:27
INE03QK01018,,Healthcare,Healthcare,Pharmaceuticals & Biotechnology,Pharmaceuticals,128.94,bse,2026-10-02T04:02:27
INE018E01016,,Financial Services,Financial Services,Finance,Non Banking Financial Company (NBFC),,bse,2026-10-02T04:02:27
INE07Y701011,,Industrials,Capital Goods,Electrical Equipment,Heavy Electrical Equipment,,bse,2026-10-02T04:02:27
INE0B1K01014,,Services,Services,Transport Services,Logistics Solution Provider,8.2,bse,2026-10-02T04:02:27
INE09EO01013,,Commodities,Chemicals,Chemicals & Petrochemicals,Specialty Chemicals,16.71,bse,2026-10-02T04:02:27
INE02PY01013,,Consumer Discretionary,Consumer Durables,Consumer Durables,Houseware,30.11,bse,2026-10-02T04:02:27
INE02A801020,,Commodities,Chemicals,Chemicals & Petrochemicals,Specialty Chemicals,10.91,bse,2026-10-02T04:02:27
INE07OG01012,,Consumer Discretionary,Automobile and Auto Components,Auto Components,Auto Components & Equipments,18.17,bse,2026-10-02T04:02:27
INE027H01010,,Healthcare,Healthcare,Healthcare Services,Hospital,44.46,bse,2026-10-02T04:02:27
INE0CG601016,,Financial Services,Financial Services,Finance,Holding Company,-4.27,bse,2026-10-02T04:02:27
INE419U01012,,Information Technology,Information Technology,IT - Software,Computers - Software & Consulting,14.49,bse,2026-10-02T04:02:27
INE450U01017,,Telecommunication,Telecommunication,Telecom - Services,Other Telecom Services,6.44,bse,2026-10-02T04:02:27
INE0ALI01010,,Industrials,Capital Goods,Electrical Equipment,Other Electrical Equipment,23.18,bse,2026-10-02T04:02:27
INE596I01020,,Financial Services,Financial Services,Capital Markets,"Depositories, Clearing Houses and Other Intermediaries",23.15,bse,2026-10-02T04:02:27
INE03YM01018,,Commodities,Chemicals,Chemicals & Petrochemicals,Specialty Chemicals,,bse,2026-10-02T04:02:27
INE732I01021,,Financial Services,Financial Services,Capital Markets,Stockbroking & Allied,3.2,bse,2026-10-02T04:02:27
INE249Z01020,,Industrials,Capital Goods,Industrial Manufacturing,Ship Building & Allied Services,19.94,bse,2026-10-02T04:02:27
INE094J01016,,Financial Services,Financial Services,Capital Markets,Asset Management Company,17.14,bse,2026-10-02T04:02:27
INE060901027,,Industrials,Construction,Construction,Civil Construction,16.17,bse,2026-10-02T04:02:27
INE0AJG01018,,Services,Services,Commercial Services & Supplies,Diversified Commercial Services,,bse,2026-10-02T04:02:27
INE063P01018,,Financial Services,Financial Services,Banks,Other Bank,,bse,2026-10-02T04:02:27
INE068V01023,,Healthcare,Healthcare,Pharmaceuticals & Biotechnology,Pharmaceuticals,29.52,bse,2026-10-02T04:02:27
INE07T201019,,Consumer Discretionary,Consumer Services,Leisure Services,Restaurants,-18.82,bse,2026-10-02T04:02:27
INE0EK901012,,Consumer Discretionary,Realty,Realty,"Residential, Commercial Projects",179.35,bse,2026-10-02T04:02:27
INE0DNW01011,,Commodities,Chemicals,Chemicals & Petrochemicals,Specialty Chemicals,,bse,2026-10-02T04:02:27
INE495P01020,,Fast Moving Consumer Goods,Fast Moving Consumer Goods,Food Products,Packaged Foods,29.98,bse,2026-10-02T04:02:27
INE01BK01022,,Utilities,Utilities,Other Utilities,Waste Management,9.41,bse,2026-10-02T04:02:27
INE053F01010,,Financial Services,Financial Services,Finance,Financial Institution,,bse,2026-10-02T04:02:27
INE09VQ01012,,Consumer Discretionary,Consumer Durables,Consumer Durables,Paints,22.19,bse,2026-10-02T04:02:27
INE481N01025,,Financial Services,Financial Services,Finance,Housing Finance Company,,bse,2026-10-02T04:02:27
INE00IN01015,,Consumer Discretionary,Consumer Durables,Consumer Durables,Household Appliances,,bse,2026-10-02T04:02:27
INE103C01036,,Financial Services,Financial Services,Capital Markets,Stockbroking & Allied,20.98,bse,2026-10-02T04:02:27
INE0DSF01015,,Healthcare,Healthcare,Healthcare Equipment & Supplies,Medical Equipment & Supplies,124.8,bse,2026-10-02T04:02:27
INE0DD101019,,Telecommunication,Telecommunication,Telecom - Services,Other Telecom Services,,bse,2026-10-02T04:02:27
INE694N01015,,Commodities,Chemicals,Fertilizers & Agrochemicals,Pesticides & Agrochemicals,-7.35,bse,2026-10-02T04:02:27
INE179G01029,,Fast Moving Consumer Goods,Fast Moving Consumer Goods,Diversified FMCG,Diversified FMCG,,bse,2026-10-02T04:02:27
INE864I01014,,Industrials,Capital Goods,Electrical Equipment,Other Electrical Equipment,133.54,bse,2026-10-02T04:02:27
INE0BY001018,,Commodities,Chemicals,Chemicals & Petrochemicals,Specialty Chemicals,23.57,bse,2026-10-02T04:02:27
INE07O001026,,Consumer Discretionary,Consumer Services,Leisure Services,"Tour, Travel Related Services",-41.08,bse,2026-10-02T04:02:27
INE0CJD01029,,Services,Services,Engineering Services,Dredging,32.49,bse,2026-10-02T04:02:27
INE930P01018,,Commodities,Chemicals,Chemicals & Petrochemicals,Specialty Chemicals,39.59,bse,2026-10-02T04:02:27
INE00LO01017,,Consumer Discretionary,Automobile and Auto Components,Auto Components,Auto Components & Equipments,23.67,bse,2026-10-02T04:02:27
INE576O01020,,Commodities,Chemicals,Chemicals & Petrochemicals,Specialty Chemicals,29.23,bse,2026-10-02T04:02:27
INE303R01014,,Consumer Discretionary,Consumer Durables,Consumer Durables,"Gems, Jewellery And Watches",25.85,bse,2026-10-02T04:02:27
INE428Q01011,,Financial Services,Financial Services,Banks,Other Bank,,bse,2026-10-02T04:02:27
INE418L01047,,Consumer Discretionary,"Media, Entertainment & Publication",Entertainment,Digital Entertainment,327.84,bse,2026-10-02T04:02:27
INE382M01027,,Consumer Discretionary,Consumer Services,Leisure Services,Restaurants,-40.31,bse,2026-10-02T04:02:27
INE670K01029,,Consumer Discretionary,Realty,Realty,"Residential, Commercial Projects",19.15,bse,2026-10-02T04:02:27
INE0FHS01024,,Energy,"Oil, Gas & Consumable Fuels",Oil,Oil Equipment & Services,13.4,bse,2026-10-02T04:02:27
INE810G01011,,Industrials,Capital Goods,Industrial Products,Iron & Steel Products,18.16,bse,2026-10-02T04:02:27
INE073K01018,,Consumer Discretionary,Automobile and Auto Components,Auto Components,Auto Components & Equipments,52.31,bse,2026-10-02T04:02:27
INE021O01019,,Fast Moving Consumer Goods,Fast Moving Consumer Goods,Food Products,Dairy Products,9.46,bse,2026-10-02T04:02:27
INE967H01025,,Healthcare,Healthcare,Healthcare Services,Hospital,47.05,bse,2026-10-02T04:02:27
INE0D6701023,,Commodities,Chemicals,Fertilizers & Agrochemicals,Pesticides & Agrochemicals,9.09,bse,2026-10-02T04:02:27
INE201P01022,,Industrials,Construction,Construction,Civil Construction,5.04,bse,2026-10-02T04:02:27
INE227W01023,,Commodities,Chemicals,Chemicals & Petrochemicals,Specialty Chemicals,24.5,bse,2026-10-02T04:02:27
INE758T01015,,Consumer Discretionary,Consumer Services,Retailing,E-Retail/ E-Commerce,540.25,bse,2026-10-02T04:02:27
INE0GK401011,,Commodities,Chemicals,Chemicals & Petrochemicals,Specialty Chemicals,55.82,bse,2026-10-02T04:02:27
INE03Q201024,,Healthcare,Healthcare,Pharmaceuticals & Biotechnology,Pharmaceuticals,,bse,2026-10-02T04:02:27
INE199P01028,,Financial Services,Financial Services,Capital Markets,Other Capital Market related Services,35.7,bse,2026-10-02T04:02:27
INE645S01024,,Consumer Discretionary,Automobile and Auto Components,Auto Components,Auto Components & Equipments,,bse,2026-10-02T04:02:27
INE08LI01020,,Healthcare,Healthcare,Healthcare Services,Healthcare Service Provider,13.5,bse,2026-10-02T04:02:27
INE0H5O01029,,Healthcare,Healthcare,Pharmaceuticals & Biotechnology,Pharmaceuticals,19.4,bse,2026-10-02T04:02:27
INE872J01023,,Consumer Discretionary,Consumer Services,Leisure Services,Restaurants,-430.07,bse,2026-10-02T04:02:27
INE0CT101020,,Commodities,Chemicals,Fertilizers & Agrochemicals,Pesticides & Agrochemicals,19.21,bse,2026-10-02T04:02:27
INE071N01016,,Commodities,Chemicals,Chemicals & Petrochemicals,Specialty Chemicals,9.01,bse,2026-10-02T04:02:27
INE290S01011,,Consumer Discretionary,Consumer Services,Retailing,E-Retail/ E-Commerce,37.25,bse,2026-10-02T04:02:27
INE118D01016,,Commodities,Construction Materials,Cement & Cement Products,Cement & Cement Products,13.74,bse,2026-10-02T04:02:27
INE852O01025,,Financial Services,Financial Services,Finance,Housing Finance Company,7.88,bse,2026-10-02T04:02:27
INE488A01050,,Commodities,Chemicals,Chemicals & Petrochemicals,Specialty Chemicals,-5.27,bse,2026-10-02T04:02:27
INE00FF01025,,Healthcare,Healthcare,Pharmaceuticals & Biotechnology,Pharmaceuticals,48.66,bse,2026-10-02T04:02:27
INE043W01024,,Healthcare,Healthcare,Healthcare Services,Healthcare Service Provider,45.52,bse,2026-10-02T04:02:27
INE953O01021,,Consumer Discretionary,Automobile and Auto Components,Auto Components,Auto Components & Equipments,54.84,bse,2026-10-02T04:02:27
INE0FW001016,,Industrials,Construction,Construction,Civil Construction,7.64,bse,2026-10-02T04:02:27
INE045601023,,Industrials,Capital Goods,Aerospace & Defense,Aerospace & Defense,80.91,bse,2026-10-02T04:02:27
INE404A01024,,Financial Services,Financial Services,Capital Markets,Asset Management Company,29.5,bse,2026-10-02T04:02:27
INE388Y01029,,Consumer Discretionary,Consumer Services,Retailing,E-Retail/ E-Commerce,263.37,bse,2026-10-02T04:02:27
INE02NC01014,,Financial Services,Financial Services,Banks,Other Bank,,bse,2026-10-02T04:02:27
INE284S01014,,Consumer Discretionary,Automobile and Auto Components,Auto Components,Auto Components & Equipments,23.29,bse,2026-10-02T04:02:27
INE0D0K01022,,Healthcare,Healthcare,Pharmaceuticals & Biotechnology,Pharmaceuticals,-14.46,bse,2026-10-02T04:02:27
INE417T01026,,Financial Services,Financial Services,Financial Technology (Fintech),Financial Technology (Fintech),44.48,bse,2026-10-02T04:02:27
INE982J01020,,Financial Services,Financial Services,Financial Technology (Fintech),Financial Technology (Fintech),106.92,bse,2026-10-02T04:02:27
INE806T01020,,Consumer Discretionary,Consumer Services,Leisure Services,Restaurants,-296.79,bse,2026-10-02T04:02:27
INE0I7C01011,,Information Technology,Information Technology,IT - Software,Computers - Software & Consulting,16.19,bse,2026-10-02T04:02:27
INE144Z01023,,Healthcare,Healthcare,Healthcare Equipment & Supplies,Medical Equipment & Supplies,79.09,bse,2026-10-02T04:02:27
INE0BJS01011,,Consumer Discretionary,Consumer Services,Retailing,Speciality Retail,,bse,2026-10-02T04:02:27
INE106T01025,,Industrials,Capital Goods,Industrial Products,Iron & Steel Products,12.78,bse,2026-10-02T04:02:27
INE575P01011,,Financial Services,Financial Services,Insurance,General Insurance,,bse,2026-10-02T04:02:27
INE011K01018,,Industrials,Capital Goods,Industrial Manufacturing,Industrial Products,162.54,bse,2026-10-02T04:02:27
INE463V01026,,Financial Services,Financial Services,Capital Markets,Financial Products Distributor,52.91,bse,2026-10-02T04:02:27
INE0CLI01024,,Information Technology,Information Technology,IT - Software,Computers - Software & Consulting,31.44,bse,2026-10-02T04:02:27
INE217L01019,,Consumer Discretionary,Realty,Realty,"Residential, Commercial Projects",10.98,bse,2026-10-02T04:02:27
INE982V01025,,Services,Services,Transport Services,Logistics Solution Provider,6.76,bse,2026-10-02T04:02:27
INE0BV301023,,Information Technology,Information Technology,IT - Software,Software Products,22.86,bse,2026-10-02T04:02:27
INE317I01021,,Consumer Discretionary,Consumer Durables,Consumer Durables,Footwear,35.41,bse,2026-10-02T04:02:27
INE804L01022,,Consumer Discretionary,Consumer Services,Retailing,Pharmacy Retail,25.25,bse,2026-10-02T04:02:27
INE0IX101010,,Industrials,Capital Goods,Aerospace & Defense,Aerospace & Defense,,bse,2026-10-02T04:02:27
INE07RO01027,,Healthcare,Healthcare,Pharmaceuticals & Biotechnology,Pharmaceuticals,,bse,2026-10-02T04:02:27
INE925R01014,,Services,Services,Commercial Services & Supplies,Diversified Commercial Services,7.96,bse,2026-10-02T04:02:27
INE02WG01024,,Consumer Discretionary,Consumer Durables,Consumer Durables,Household Appliances,31.29,bse,2026-10-02T04:02:27
INE699H01024,,Fast Moving Consumer Goods,Fast Moving Consumer Goods,Agricultural Food & other Products,Edible Oil,7.52,bse,2026-10-02T04:02:27
INE825V01034,,Consumer Discretionary,Consumer Services,Retailing,Speciality Retail,,bse,2026-10-02T04:02:27
INE728Z01015,,Information Technology,Information Technology,IT - Software,Computers - Software & Consulting,57.08,bse,2026-10-02T04:02:27
INE0KCE01017,,Consumer Discretionary,Consumer Durables,Consumer Durables,Household Appliances,24.24,bse,2026-10-02T04:02:27
INE079J01017,,Services,Services,Transport Services,Logistics Solution Provider,6.86,bse,2026-10-02T04:02:27
INE0CU601026,,Utilities,Power,Power,Power Generation,19.07,bse,2026-10-02T04:02:27
INE0FS801015,,Consumer Discretionary,Automobile and Auto Components,Auto Components,Auto Components & Equipments,,bse,2026-10-02T04:02:27
INE0IQ001011,,Consumer Discretionary,Consumer Services,Other Consumer Services,E-Learning,11.6,bse,2026-10-02T04:02:27
INE00EV01017,,Industrials,Capital Goods,Industrial Products,Iron & Steel Products,9.91,bse,2026-10-02T04:02:27
INE278Y01022,,Consumer Discretionary,Consumer Durables,Consumer Durables,Footwear,,bse,2026-10-02T04:02:27
INE961O01016,,Healthcare,Healthcare,Healthcare Services,Hospital,31.09,bse,2026-10-02T04:02:27
INE625X01026,,Information Technology,Information Technology,IT - Software,Computers - Software & Consulting,3.12,bse,2026-10-02T04:02:27
INE0J1Y01017,,Financial Services,Financial Services,Insurance,Life Insurance,11.52,bse,2026-10-02T04:02:27
INE00F201020,,Financial Services,Financial Services,Capital Markets,Financial Products Distributor,36.45,bse,2026-10-02T04:02:27
INE0JA001018,,Industrials,Capital Goods,Industrial Products,Iron & Steel Products,,bse,2026-10-02T04:02:27
INE148O01028,,Services,Services,Transport Services,Logistics Solution Provider,133.9,bse,2026-10-02T04:02:27
INE088F01024,,Commodities,Chemicals,Fertilizers & Agrochemicals,Fertilizers,9.09,bse,2026-10-02T04:02:27
INE04TZ01018,,Consumer Discretionary,Consumer Durables,Consumer Durables,"Gems, Jewellery And Watches",43.59,bse,2026-10-02T04:02:27
INE01QM01018,,Information Technology,Information Technology,IT - Services,IT Enabled Services,28.15,bse,2026-10-02T04:02:27
INE0BWX01014,,Commodities,Chemicals,Chemicals & Petrochemicals,Specialty Chemicals,35.18,bse,2026-10-02T04:02:27
INE0L0L01012,,Consumer Discretionary,Realty,Realty,"Residential, Commercial Projects",55.96,bse,2026-10-02T04:02:27
INE0HR601026,,Commodities,Chemicals,Chemicals & Petrochemicals,Specialty Chemicals,,bse,2026-10-02T04:02:27
INE0DYJ01015,,Industrials,Capital Goods,Industrial Manufacturing,Industrial Products,58.98,bse,2026-10-02T04:02:27
INE0KKN01029,,Industrials,Capital Goods,Industrial Products,Iron & Steel Products,,bse,2026-10-02T04:02:27
INE0JS101016,,Services,Services,Transport Infrastructure,Airport & Airport services,-32.56,bse,2026-10-02T04:02:27
INE0I3401014,,Fast Moving Consumer Goods,Fast Moving Consumer Goods,Agricultural Food & other Products,Sugar,10.22,bse,2026-10-02T04:02:27
INE668A01016,,Financial Services,Financial Services,Banks,Private Sector Bank,,bse,2026-10-02T04:02:27
INE0I0T01010,,Consumer Discretionary,Consumer Durables,Consumer Durables,Diversified consumer products,40.86,bse,2026-10-02T04:02:27
INE0D6I01023,,Information Technology,Information Technology,IT - Software,Computers - Software & Consulting,10.74,bse,2026-10-02T04:02:27
INE0JUS01029,,Industrials,Capital Goods,Industrial Products,Other Industrial Products,19.07,bse,2026-10-02T04:02:27
INE0LGX01024,,Utilities,Power,Power,Power Generation,6.61,bse,2026-10-02T04:02:27
INE02YR01019,,Consumer Discretionary,Consumer Services,Retailing,Diversified Retail,30.49,bse,2026-10-02T04:02:27
INE0DK501011,,Healthcare,Healthcare,Pharmaceuticals & Biotechnology,Pharmaceuticals,-49.53,bse,2026-10-02T04:02:27
INE0A1101019,,Information Technology,Information Technology,IT - Hardware,Computers Hardware & Equipments,17.48,bse,2026-10-02T04:02:27
INE0HMF01019,,Services,Services,Commercial Services & Supplies,Data Processing Services,,bse,2026-10-02T04:02:27
INE117Z01029,,Fast Moving Consumer Goods,Fast Moving Consumer Goods,Food Products,Animal Feed,,bse,2026-10-02T04:02:27
INE344S01016,,Information Technology,Information Technology,IT - Software,Computers - Software & Consulting,2.33,bse,2026-10-02T04:02:27
INE0KL801015,,Industrials,Capital Goods,Aerospace & Defense,Aerospace & Defense,-94.23,bse,2026-10-02T04:02:27
INE139R01012,,Financial Services,Financial Services,Finance,Microfinance Institutions,,bse,2026-10-02T04:02:27
INE00E101023,,Fast Moving Consumer Goods,Fast Moving Consumer Goods,Food Products,Packaged Foods,33.6,bse,2026-10-02T04:02:27
INE474Q01031,,Healthcare,Healthcare,Healthcare Services,Hospital,45.27,bse,2026-10-02T04:02:27
INE128X01021,,Commodities,Chemicals,Chemicals & Petrochemicals,Specialty Chemicals,27.18,bse,2026-10-02T04:02:27
INE128S01021,,Financial Services,Financial Services,Finance,Non Banking Financial Company (NBFC),,bse,2026-10-02T04:02:27
INE918Z01012,,Industrials,Capital Goods,Industrial Manufacturing,Industrial Products,33.45,bse,2026-10-02T04:02:27
INE510W01014,,Services,Services,Commercial Services & Supplies,Diversified Commercial Services,37.71,bse,2026-10-02T04:02:27
INE263M01029,,Consumer Discretionary,Realty,Realty,"Residential, Commercial Projects",20.27,bse,2026-10-02T04:02:27
INE0D0U01013,,Services,Services,Commercial Services & Supplies,Consulting Services,,bse,2026-10-02T04:02:27
INE792Z01011,,Consumer Discretionary,Consumer Durables,Consumer Durables,Paints,23.65,bse,2026-10-02T04:02:27
INE00OQ01016,,Commodities,Chemicals,Fertilizers & Agrochemicals,Pesticides & Agrochemicals,9.6,bse,2026-10-02T04:02:27
INE324X01026,,Fast Moving Consumer Goods,Fast Moving Consumer Goods,Agricultural Food & other Products,Other Agricultural Products,8.58,bse,2026-10-02T04:02:27
INE244O01017,,Consumer Discretionary,Automobile and Auto Components,Auto Components,Auto Components & Equipments,14.92,bse,2026-10-02T04:02:27
INE142Q01026,,Fast Moving Consumer Goods,Fast Moving Consumer Goods,Beverages,Breweries & Distilleries,30.88,bse,2026-10-02T04:02:27
INE559R01029,,Consumer Discretionary,Automobile and Auto Components,Automobiles,Auto -Dealer,23.43,bse,2026-10-02T04:02:27
INE138Y01010,,Financial Services,Financial Services,Capital Markets,"Depositories, Clearing Houses and Other Intermediaries",27.91,bse,2026-10-02T04:02:27
INE050401020,,Consumer Discretionary,Consumer Durables,Consumer Durables,Household Appliances,81.94,bse,2026-10-02T04:02:27
INE855R01021,,Services,Services,Commercial Services & Supplies,Diversified Commercial Services,8.57,bse,2026-10-02T04:02:27
INE035801013,,Industrials,Capital Goods,Industrial Products,Packaging,70.18,bse,2026-10-02T04:02:27
INE0LRU01027,,Healthcare,Healthcare,Pharmaceuticals & Biotechnology,Pharmaceuticals,28.21,bse,2026-10-02T04:02:27
INE094B01013,,Financial Services,Financial Services,Finance,Non Banking Financial Company (NBFC),28.5,bse,2026-10-02T04:02:27
INE0EEJ01023,,Consumer Discretionary,"Media, Entertainment & Publication",Entertainment,Digital Entertainment,11.49,bse,2026-10-02T04:02:27
INE0NNS01018,,Commodities,Metals & Mining,Ferrous Metals,Iron & Steel,,bse,2026-10-02T04:02:27
INE753U01022,,Consumer Discretionary,Automobile and Auto Components,Auto Components,Auto Components & Equipments,,bse,2026-10-02T04:02:27
INE0LCL01028,,Industrials,Capital Goods,Electrical Equipment,Other Electrical Equipment,84.35,bse,2026-10-02T04:02:27
INE0N7W01012,,Financial Services,Financial Services,Finance,Investment Company,,bse,2026-10-02T04:02:27
INE634S01028,,Healthcare,Healthcare,Pharmaceuticals & Biotechnology,Pharmaceuticals,35.65,bse,2026-10-02T04:02:27
INE0ALR01029,,Consumer Discretionary,Realty,Realty,"Residential, Commercial Projects",11.1,bse,2026-10-02T04:02:27
INE557Z01018,,Industrials,Capital Goods,Electrical Equipment,Other Electrical Equipment,9.38,bse,2026-10-02T04:02:27
INE0A0S01028,,Information Technology,Information Technology,IT - Services,IT Enabled Services,1.07,bse,2026-10-02T04:02:27
INE0PA801013,,Consumer Discretionary,Textiles,Textiles & Apparels,Other Textile Products,,bse,2026-10-02T04:02:27
INE0LOJ01019,,Consumer Discretionary,Consumer Durables,Consumer Durables,Consumer Electronics,23.23,bse,2026-10-02T04:02:27
INE0ECP01024,,Fast Moving Consumer Goods,Fast Moving Consumer Goods,Food Products,Meat Products including Poultry,4.17,bse,2026-10-02T04:02:27
INE0Q0M01015,,Information Technology,Information Technology,IT - Services,IT Enabled Services,12.03,bse,2026-10-02T04:02:27
INE349Y01013,,Industrials,Capital Goods,Aerospace & Defense,Aerospace & Defense,-68.23,bse,2026-10-02T04:02:27
INE055S01018,,Industrials,Capital Goods,Aerospace & Defense,Aerospace & Defense,70.54,bse,2026-10-02T04:02:27
INE602W01027,,Consumer Discretionary,Consumer Durables,Consumer Durables,"Gems, Jewellery And Watches",5.53,bse,2026-10-02T04:02:27
INE758E01017,,Financial Services,Financial Services,Finance,Investment Company,52.62,bse,2026-10-02T04:02:27
INE735W01017,,Financial Services,Financial Services,Banks,Other Bank,,bse,2026-10-02T04:02:27
INE0NT901020,,Information Technology,Information Technology,IT - Services,IT Enabled Services,,bse,2026-10-02T04:02:27
INE0JO301016,,Healthcare,Healthcare,Healthcare Services,Hospital,38.43,bse,2026-10-02T04:02:27
INE342G01023,,Consumer Discretionary,Consumer Services,Other Consumer Services,Education,6.89,bse,2026-10-02T04:02:27
INE0NN701020,,Services,Services,Transport Infrastructure,Port & Port services,9.16,bse,2026-10-02T04:02:27
INE0O3901029,,Services,Services,Transport Services,Logistics Solution Provider,11.32,bse,2026-10-02T04:02:27
INE0LXT01019,,Consumer Discretionary,Consumer Durables,Consumer Durables,Footwear,16.4,bse,2026-10-02T04:02:27
INE423Y01016,,Financial Services,Financial Services,Finance,Non Banking Financial Company (NBFC),26.66,bse,2026-10-02T04:02:27
INE338H01029,,Healthcare,Healthcare,Pharmaceuticals & Biotechnology,Pharmaceuticals,37.8,bse,2026-10-02T04:02:27
INE395N01027,,Services,Services,Transport Services,Logistics Solution Provider,37.58,bse,2026-10-02T04:02:27
INE0MIS01010,,Industrials,Capital Goods,Industrial Products,Packaging,,bse,2026-10-02T04:02:27
INE024001021,,Industrials,Capital Goods,Industrial Products,Iron & Steel Products,74.25,bse,2026-10-02T04:02:27
INE0AE001013,,Industrials,Construction,Construction,Civil Construction,,bse,2026-10-02T04:02:27
INE0N2P01017,,Industrials,Capital Goods,Electrical Equipment,Other Electrical Equipment,18.92,bse,2026-10-02T04:02:27
INE05CZ01011,,Industrials,Capital Goods,Industrial Products,Iron & Steel Products,34.94,bse,2026-10-02T04:02:27
INE682M01020,,Healthcare,Healthcare,Healthcare Services,Hospital,6.24,bse,2026-10-02T04:02:27
INE777K01022,,Industrials,Capital Goods,Industrial Products,Cables - Electricals,28.94,bse,2026-10-02T04:02:27
INE0OV601013,,Utilities,Utilities,Other Utilities,Waste Management,13.97,bse,2026-10-02T04:02:27
INE08U801020,,Consumer Discretionary,Consumer Services,Leisure Services,Hotels & Resorts,3.99,bse,2026-10-02T04:02:27
INE07K301024,,Information Technology,Information Technology,IT - Services,IT Enabled Services,9.86,bse,2026-10-02T04:02:27
INE980Y01015,,Services,Services,Commercial Services & Supplies,Diversified Commercial Services,10.48,bse,2026-10-02T04:02:27
INE531F01023,,Financial Services,Financial Services,Capital Markets,Stockbroking & Allied,19.43,bse,2026-10-02T04:02:27
INE438K01021,,Consumer Discretionary,Consumer Services,Retailing,Speciality Retail,,bse,2026-10-02T04:02:27
INE903U01023,,Consumer Discretionary,Realty,Realty,"Residential, Commercial Projects",10.04,bse,2026-10-02T04:02:27
INE0JR601024,,Consumer Discretionary,Consumer Services,Leisure Services,"Tour, Travel Related Services",27.87,bse,2026-10-02T04:02:27
INE880J01026,,Services,Services,Transport Infrastructure,Port & Port services,36.7,bse,2026-10-02T04:02:27
INE0KNT01012,,Consumer Discretionary,Consumer Durables,Consumer Durables,"Gems, Jewellery And Watches",,bse,2026-10-02T04:02:27
INE851I01011,,Services,Services,Commercial Services & Supplies,Diversified Commercial Services,11.69,bse,2026-10-02T04:02:27
INE0JWS01017,,Healthcare,Healthcare,Pharmaceuticals & Biotechnology,Pharmaceuticals,61.57,bse,2026-10-02T04:02:27
INE0INJ01017,,Industrials,Capital Goods,Industrial Products,Cables - Electricals,,bse,2026-10-02T04:02:27
INE07U701015,,Energy,"Oil, Gas & Consumable Fuels",Gas,LPG/CNG/PNG/LNG Supplier,10.46,bse,2026-10-02T04:02:27
INE03EI01018,,Consumer Discretionary,Realty,Realty,"Residential, Commercial Projects",379.35,bse,2026-10-02T04:02:27
INE0KBH01020,,Healthcare,Healthcare,Pharmaceuticals & Biotechnology,Pharmaceuticals,,bse,2026-10-02T04:02:27
INE0LMW01024,,Consumer Discretionary,Consumer Durables,Consumer Durables,Houseware,15.04,bse,2026-10-02T04:02:27
INE0J5401028,,Fast Moving Consumer Goods,Fast Moving Consumer Goods,Personal Products,Personal Care,40.94,bse,2026-10-02T04:02:27
INE818W01011,,Financial Services,Financial Services,Banks,Other Bank,,bse,2026-10-02T04:02:27
INE004A01022,,Information Technology,Information Technology,IT - Services,IT Enabled Services,20.15,bse,2026-10-02T04:02:27
INE491J01022,,Consumer Discretionary,Automobile and Auto Components,Auto Components,Auto Components & Equipments,26.31,bse,2026-10-02T04:02:27
INE202E01016,,Financial Services,Financial Services,Finance,Financial Institution,11.13,bse,2026-10-02T04:02:27
INE007N01010,,Financial Services,Financial Services,Finance,Non Banking Financial Company (NBFC),,bse,2026-10-02T04:02:27
INE142M01025,,Information Technology,Information Technology,IT - Services,IT Enabled Services,38.62,bse,2026-10-02T04:02:27
INE717W01049,,Energy,"Oil, Gas & Consumable Fuels",Petroleum Products,Lubricants,6.67,bse,2026-10-02T04:02:27
INE00Y201027,,Fast Moving Consumer Goods,Fast Moving Consumer Goods,Household Products,Stationary,11.73,bse,2026-10-02T04:02:27
INE0KQN01018,,Industrials,Capital Goods,Electrical Equipment,Heavy Electrical Equipment,76.93,bse,2026-10-02T04:02:27
INE922K01024,,Financial Services,Financial Services,Finance,Housing Finance Company,15.71,bse,2026-10-02T04:02:27
INE321T01012,,Fast Moving Consumer Goods,Fast Moving Consumer Goods,Household Products,Stationary,36.78,bse,2026-10-02T04:02:27
INE616N01034,,Industrials,Capital Goods,Industrial Products,Other Industrial Products,43.62,bse,2026-10-02T04:02:27
INE0FRK01020,,Consumer Discretionary,Consumer Durables,Consumer Durables,"Gems, Jewellery And Watches",,bse,2026-10-02T04:02:27
INE843S01025,,Consumer Discretionary,Realty,Realty,"Residential, Commercial Projects",6.93,bse,2026-10-02T04:02:27
INE046W01019,,Financial Services,Financial Services,Finance,Microfinance Institutions,,bse,2026-10-02T04:02:27
INE330T01021,,Industrials,Capital Goods,Industrial Products,Castings & Forgings,40.07,bse,2026-10-02T04:02:27
INE220Q01020,,Consumer Discretionary,Consumer Services,Retailing,Speciality Retail,,bse,2026-10-02T04:02:27
INE0PEQ01016,,Consumer Discretionary,Consumer Durables,Consumer Durables,"Gems, Jewellery And Watches",,bse,2026-10-02T04:02:27
INE02IJ01035,,Industrials,Capital Goods,Electrical Equipment,Heavy Electrical Equipment,90.79,bse,2026-10-02T04:02:27
INE0Q3R01026,,Consumer Discretionary,Automobile and Auto Components,Auto Components,Auto Components & Equipments,18.44,bse,2026-10-02T04:02:27
INE0DUT01020,,Healthcare,Healthcare,Pharmaceuticals & Biotechnology,Pharmaceuticals,24.97,bse,2026-10-02T04:02:27
INE980O01024,,Industrials,Capital Goods,Industrial Manufacturing,Industrial Products,48.87,bse,2026-10-02T04:02:27
INE456Z01021,,Financial Services,Financial Services,Insurance,Insurance Distributors,18.36,bse,2026-10-02T04:02:27
INE0G5901015,,Consumer Discretionary,Consumer Durables,Consumer Durables,Household Appliances,93.45,bse,2026-10-02T04:02:27
INE0NLT01010,,Information Technology,Information Technology,IT - Services,IT Enabled Services,28.38,bse,2026-10-02T04:02:27
INE988S01028,,Consumer Discretionary,Consumer Services,Leisure Services,Hotels & Resorts,24.73,bse,2026-10-02T04:02:27
INE0KGZ01021,,Consumer Discretionary,"Media, Entertainment & Publication",Media,Advertising & Media Agencies,13.13,bse,2026-10-02T04:02:27
INE953L01027,,Financial Services,Financial Services,Banks,Other Bank,,bse,2026-10-02T04:02:27
INE0J1F01024,,Information Technology,Information Technology,IT - Hardware,Computers Hardware & Equipments,11.47,bse,2026-10-02T04:02:27
INE646H01017,,Financial Services,Financial Services,Banks,Other Bank,,bse,2026-10-02T04:02:27
INE010601016,,Consumer Discretionary,Consumer Services,Retailing,Pharmacy Retail,31.6,bse,2026-10-02T04:02:27
INE696F01016,,Consumer Discretionary,Consumer Services,Leisure Services,Hotels & Resorts,19.82,bse,2026-10-02T04:02:27
INE486R01017,,Healthcare,Healthcare,Healthcare Services,Hospital,,bse,2026-10-02T04:02:27
INE777F01014,,Industrials,Capital Goods,Electrical Equipment,Heavy Electrical Equipment,-5.06,bse,2026-10-02T04:02:27
INE0PT501018,,Commodities,Chemicals,Chemicals & Petrochemicals,Specialty Chemicals,14.79,bse,2026-10-02T04:02:27
INE0CG401037,,Fast Moving Consumer Goods,Fast Moving Consumer Goods,Food Products,Animal Feed,4.61,bse,2026-10-02T04:02:27
INE0MB501011,,Commodities,Chemicals,Chemicals & Petrochemicals,Commodity Chemicals,17.19,bse,2026-10-02T04:02:27
INE0L9R01028,,Fast Moving Consumer Goods,Fast Moving Consumer Goods,Food Products,Packaged Foods,,bse,2026-10-02T04:02:27
INE0PB301013,,Financial Services,Financial Services,Finance,Investment Company,,bse,2026-10-02T04:02:27
INE0QN801017,,Services,Services,Commercial Services & Supplies,Diversified Commercial Services,8.76,bse,2026-10-02T04:02:27
INE0R6Z01013,,Industrials,Construction,Construction,Civil Construction,5.91,bse,2026-10-02T04:02:27
INE266Y01019,,Consumer Discretionary,Consumer Durables,Consumer Durables,"Gems, Jewellery And Watches",,bse,2026-10-02T04:02:27
INE343G01021,,Telecommunication,Telecommunication,Telecom - Services,Telecom - Cellular & Fixed line services,,bse,2026-10-02T04:02:27
INE0OAF01028,,Industrials,Capital Goods,Industrial Manufacturing,Industrial Products,26.03,bse,2026-10-02T04:02:27
INE065X01017,,Healthcare,Healthcare,Healthcare Services,"Healthcare Research, Analytics & Technology",23.0,bse,2026-10-02T04:02:27
INE673O01025,,Consumer Discretionary,Consumer Services,Leisure Services,"Tour, Travel Related Services",41.19,bse,2026-10-02T04:02:27
INE883F01010,,Financial Services,Financial Services,Finance,Housing Finance Company,19.67,bse,2026-10-02T04:02:27
INE03JT01014,,Financial Services,Financial Services,Insurance,General Insurance,,bse,2026-10-02T04:02:27
INE108V01019,,Services,Services,Commercial Services & Supplies,Diversified Commercial Services,14.44,bse,2026-10-02T04:02:27
INE02L001032,,Industrials,Capital Goods,Industrial Products,Glass - Industrial,20.96,bse,2026-10-02T04:02:27
INE0ATZ01017,,Commodities,Chemicals,Chemicals & Petrochemicals,Specialty Chemicals,,bse,2026-10-02T04:02:27
INE0HV901016,,Consumer Discretionary,Consumer Services,Leisure Services,"Tour, Travel Related Services",54.79,bse,2026-10-02T04:02:27
INE841L01016,,Industrials,Capital Goods,Industrial Manufacturing,Industrial Products,44.67,bse,2026-10-02T04:02:27
INE916Y01027,,Financial Services,Financial Services,Finance,Non Banking Financial Company (NBFC),,bse,2026-10-02T04:02:27
INE01A001028,,Consumer Discretionary,Consumer Durables,Consumer Durables,"Furniture, Home Furnishing",58.06,bse,2026-10-02T04:02:27
INE552Z01027,,Fast Moving Consumer Goods,Fast Moving Consumer Goods,Beverages,Breweries & Distilleries,57.71,bse,2026-10-02T04:02:27
INE375Y01018,,Financial Services,Financial Services,Finance,Other Financial Services,5.49,bse,2026-10-02T04:02:27
INE0B9K01025,,Industrials,Capital Goods,Industrial Products,Iron & Steel Products,22.49,bse,2026-10-02T04:02:27
INE168P01015,,Healthcare,Healthcare,Pharmaceuticals & Biotechnology,Pharmaceuticals,25.16,bse,2026-10-02T04:02:27
INE08NE01025,,Fast Moving Consumer Goods,Fast Moving Consumer Goods,Agricultural Food & other Products,Other Agricultural Products,,bse,2026-10-02T04:02:27
INE09XN01023,,Healthcare,Healthcare,Pharmaceuticals & Biotechnology,Pharmaceuticals,30.12,bse,2026-10-02T04:02:27
INE0AG901020,,Industrials,Construction,Construction,Civil Construction,14.89,bse,2026-10-02T04:02:27
INE0LXG01040,,Consumer Discretionary,Automobile and Auto Components,Automobiles,2/3 Wheelers,-5.74,bse,2026-10-02T04:02:27
INE02RE01045,,Consumer Discretionary,Consumer Services,Retailing,E-Retail/ E-Commerce,-31.91,bse,2026-10-02T04:02:27
INE00U401027,,Information Technology,Information Technology,IT - Software,Software Products,27.63,bse,2026-10-02T04:02:27
INE0PQ101010,,Consumer Discretionary,Textiles,Textiles & Apparels,Garments & Apparels,,bse,2026-10-02T04:02:27
INE00M901018,,Industrials,Construction,Construction,Civil Construction,,bse,2026-10-02T04:02:27
INE0PPK01015,,Information Technology,Information Technology,IT - Services,IT Enabled Services,-214.12,bse,2026-10-02T04:02:27
INE0BS701011,,Industrials,Capital Goods,Electrical Equipment,Other Electrical Equipment,16.77,bse,2026-10-02T04:02:27
INE06HJ01020,,Services,Services,Transport Services,Road Transport,7.3,bse,2026-10-02T04:02:27
INE02ID01020,,Consumer Discretionary,Textiles,Textiles & Apparels,Other Textile Products,57.6,bse,2026-10-02T04:02:27
INE01FR01028,,Consumer Discretionary,Consumer Services,Retailing,Speciality Retail,41.22,bse,2026-10-02T04:02:27
INE0RE001014,,Industrials,Capital Goods,Industrial Manufacturing,Industrial Products,17.79,bse,2026-10-02T04:02:27
INE0UOS01011,,Healthcare,Healthcare,Pharmaceuticals & Biotechnology,Pharmaceuticals,,bse,2026-10-02T04:02:27
INE377Y01014,,Financial Services,Financial Services,Finance,Housing Finance Company,,bse,2026-10-02T04:02:27
INE0O6601022,,Consumer Discretionary,Automobile and Auto Components,Auto Components,Auto Components & Equipments,,bse,2026-10-02T04:02:27
INE0RWQ01014,,Consumer Discretionary,Automobile and Auto Components,Auto Components,Tyres & Rubber Products,6.44,bse,2026-10-02T04:02:27
INE953R01016,,Consumer Discretionary,Consumer Durables,Consumer Durables,"Gems, Jewellery And Watches",12.49,bse,2026-10-02T04:02:27
INE0CJF01024,,Services,Services,Transport Services,Logistics Solution Provider,16.29,bse,2026-10-02T04:02:27
INE850M01015,,Financial Services,Financial Services,Finance,Non Banking Financial Company (NBFC),7.53,bse,2026-10-02T04:02:27
INE0QRL01017,,Consumer Discretionary,Realty,Realty,"Residential, Commercial Projects",34.24,bse,2026-10-02T04:02:27
INE939X01013,,Financial Services,Financial Services,Finance,Non Banking Financial Company (NBFC),,bse,2026-10-02T04:02:27
INE0Q3J01015,,Industrials,Capital Goods,Industrial Products,Other Industrial Products,66.68,bse,2026-10-02T04:02:27
INE184O01015,,Industrials,Capital Goods,Industrial Products,Other Industrial Products,21.99,bse,2026-10-02T04:02:27
INE0JVO01026,,Industrials,Construction,Construction,Civil Construction,8.15,bse,2026-10-02T04:02:27
INE0APB01032,,Fast Moving Consumer Goods,Fast Moving Consumer Goods,Agricultural Food & other Products,Other Agricultural Products,8.13,bse,2026-10-02T04:02:27
INE0V6F01027,,Consumer Discretionary,Automobile and Auto Components,Automobiles,Passenger Cars & Utility Vehicles,21.78,bse,2026-10-02T04:02:27
INE377N01017,,Industrials,Capital Goods,Electrical Equipment,Other Electrical Equipment,11.46,bse,2026-10-02T04:02:27
INE0PK601023,,Commodities,Chemicals,Chemicals & Petrochemicals,Commodity Chemicals,,bse,2026-10-02T04:02:27
INE497S01012,,Fast Moving Consumer Goods,Fast Moving Consumer Goods,Diversified FMCG,Diversified FMCG,-155.45,bse,2026-10-02T04:02:27
INE101I01011,,Industrials,Construction,Construction,Civil Construction,23.62,bse,2026-10-02T04:02:27
INE00YB01025,,Industrials,Construction,Construction,Civil Construction,,bse,2026-10-02T04:02:27
INE0W2G01015,,Information Technology,Information Technology,IT - Services,IT Enabled Services,14.32,bse,2026-10-02T04:02:27
INE622W01025,,Utilities,Power,Power,Power Generation,36.09,bse,2026-10-02T04:02:27
INE00H001014,,Consumer Discretionary,Consumer Services,Retailing,E-Retail/ E-Commerce,-10.93,bse,2026-10-02T04:02:27
INE995S01015,,Financial Services,Financial Services,Insurance,General Insurance,,bse,2026-10-02T04:02:27
INE0UIZ01018,,Services,Services,Transport Services,Transport Related Services,36.82,bse,2026-10-02T04:02:27
INE0ONG01011,,Utilities,Power,Power,Power Generation,91.02,bse,2026-10-02T04:02:27
INE0LLY01014,,Utilities,Utilities,Other Utilities,Water Supply & Management,9.79,bse,2026-10-02T04:02:27
INE013P01021,,Healthcare,Healthcare,Pharmaceuticals & Biotechnology,Pharmaceuticals,-57.69,bse,2026-10-02T04:02:27
INE877V01027,,Healthcare,Healthcare,Healthcare Services,Healthcare Service Provider,20.97,bse,2026-10-02T04:02:27
INE0OJW01016,,Industrials,Capital Goods,Aerospace & Defense,Aerospace & Defense,166.43,bse,2026-10-02T04:02:27
INE403Y01018,,Information Technology,Information Technology,IT - Software,Computers - Software & Consulting,11.69,bse,2026-10-02T04:02:27
INE0HLU01028,,Financial Services,Financial Services,Financial Technology (Fintech),Financial Technology (Fintech),-13.7,bse,2026-10-02T04:02:27
INE570L01029,,Healthcare,Healthcare,Pharmaceuticals & Biotechnology,Pharmaceuticals,61.83,bse,2026-10-02T04:02:27
INE01EA01019,,Consumer Discretionary,Consumer Services,Retailing,Diversified Retail,33.01,bse,2026-10-02T04:02:27
INE115Q01022,,Information Technology,Information Technology,IT - Services,IT Enabled Services,27.73,bse,2026-10-02T04:02:27
INE00GK01023,,Industrials,Capital Goods,Electrical Equipment,Other Electrical Equipment,,bse,2026-10-02T04:02:27
INE0Q9301021,,Services,Services,Commercial Services & Supplies,Diversified Commercial Services,15.09,bse,2026-10-02T04:02:27
INE0JPD01013,,Consumer Discretionary,Textiles,Textiles & Apparels,Other Textile Products,44.12,bse,2026-10-02T04:02:27
INE037Z01029,,Utilities,Utilities,Other Utilities,Waste Management,175.33,bse,2026-10-02T04:02:27
INE284H01025,,Financial Services,Financial Services,Capital Markets,Stockbroking & Allied,11.2,bse,2026-10-02T04:02:27
INE454P01035,,Industrials,Capital Goods,Electrical Equipment,Heavy Electrical Equipment,6.16,bse,2026-10-02T04:02:27
INE0TO701015,,Industrials,Capital Goods,Industrial Manufacturing,Industrial Products,50.91,bse,2026-10-02T04:02:27
INE0RB801010,,Healthcare,Healthcare,Pharmaceuticals & Biotechnology,Pharmaceuticals,33.48,bse,2026-10-02T04:02:27
INE0V7W01012,,Consumer Discretionary,Automobile and Auto Components,Auto Components,Auto Components & Equipments,15.49,bse,2026-10-02T04:02:27
INE781S01027,,Consumer Discretionary,Consumer Services,Leisure Services,Hotels & Resorts,16.93,bse,2026-10-02T04:02:27
INE0U3I01011,,Industrials,Capital Goods,Aerospace & Defense,Aerospace & Defense,96.36,bse,2026-10-02T04:02:27
INE379A01028,,Consumer Discretionary,Consumer Services,Leisure Services,Hotels & Resorts,21.23,bse,2026-10-02T04:02:27
INE622H01018,,Industrials,Capital Goods,"Agricultural, Commercial & Construction Vehicles",Construction Vehicles,17.66,bse,2026-10-02T04:02:27
INE0M4D01010,,Industrials,Capital Goods,Industrial Manufacturing,Industrial Products,63.92,bse,2026-10-02T04:02:27
INE0LRY01011,,Industrials,Capital Goods,Industrial Products,Cables - Electricals,,bse,2026-10-02T04:02:27
INE0WO601020,,Healthcare,Healthcare,Healthcare Equipment & Supplies,Medical Equipment & Supplies,25.84,bse,2026-10-02T04:02:27
INE0RYC01010,,Commodities,Chemicals,Chemicals & Petrochemicals,Industrial Gases,,bse,2026-10-02T04:02:27
INE526E01018,,Consumer Discretionary,Automobile and Auto Components,Auto Components,Auto Components & Equipments,14.48,bse,2026-10-02T04:02:27
INE0R4L01018,,Utilities,Utilities,Other Utilities,Water Supply & Management,8.01,bse,2026-10-02T04:02:27
INE943P01029,,Healthcare,Healthcare,Healthcare Services,Hospital,57.89,bse,2026-10-02T04:02:27
INE03CC01015,,Commodities,Chemicals,Chemicals & Petrochemicals,Specialty Chemicals,15.65,bse,2026-10-02T04:02:27
INE274Y01021,,Industrials,Capital Goods,"Agricultural, Commercial & Construction Vehicles",Construction Vehicles,,bse,2026-10-02T04:02:27
INE093A01041,,Information Technology,Information Technology,IT - Software,Computers - Software & Consulting,14.61,bse,2026-10-02T04:02:27
INE0O9T01021,,Industrials,Capital Goods,Industrial Manufacturing,Industrial Products,19.7,bse,2026-10-02T04:02:27
INE0SII01026,,Industrials,Capital Goods,Electrical Equipment,Heavy Electrical Equipment,41.16,bse,2026-10-02T04:02:27
INF769K01ON4,,Financial Services,Financial Services,Capital Markets,Mutual Fund Scheme - ETF,,bse,2026-10-02T04:02:27
INE0I0M01023,,Energy,"Oil, Gas & Consumable Fuels",Oil,Oil Exploration & Production,1749.34,bse,2026-10-02T04:02:27
INE01EO01010,,Industrials,Capital Goods,Industrial Manufacturing,Industrial Products,81.51,bse,2026-10-02T04:02:27
INE1NPP01017,,Industrials,Capital Goods,Electrical Equipment,Heavy Electrical Equipment,,bse,2026-10-02T04:02:27
INE1VXE01018,,Telecommunication,Telecommunication,Telecom - Services,Other Telecom Services,-10.23,bse,2026-10-02T04:02:27
INE0FFK01017,,Financial Services,Financial Services,Financial Technology (Fintech),Financial Technology (Fintech),57.83,bse,2026-10-02T04:02:27
INE0LEZ01016,,Consumer Discretionary,Automobile and Auto Components,Automobiles,2/3 Wheelers,,bse,2026-10-02T04:02:27
INE039O01029,,Industrials,Capital Goods,Industrial Manufacturing,Industrial Products,38.83,bse,2026-10-02T04:02:27
INE14LE01019,,Consumer Discretionary,Consumer Services,Retailing,Speciality Retail,28.07,bse,2026-10-02T04:02:27
INE16SF01016,,Consumer Discretionary,Textiles,Textiles & Apparels,Other Textile Products,,bse,2026-10-02T04:02:27
INE894V01022,,Consumer Discretionary,Automobile and Auto Components,Auto Components,Auto Components & Equipments,31.03,bse,2026-10-02T04:02:27
INE1ABX01018,,Information Technology,Information Technology,IT - Services,IT Enabled Services,,bse,2026-10-02T04:02:27
INE0INX01018,,Energy,"Oil, Gas & Consumable Fuels",Oil,Oil Storage & Transportation,54.46,bse,2026-10-02T04:02:27
INE0AQ201015,,Consumer Discretionary,Consumer Services,Leisure Services,Hotels & Resorts,31.67,bse,2026-10-02T04:02:27
INE0BX301013,,Industrials,Capital Goods,Electrical Equipment,Other Electrical Equipment,15.2,bse,2026-10-02T04:02:27
INE090501011,,Industrials,Capital Goods,Industrial Products,Iron & Steel Products,,bse,2026-10-02T04:02:27
INE0U4701011,,Information Technology,Information Technology,IT - Services,IT Enabled Services,167.25,bse,2026-10-02T04:02:27
INE0U4101014,,Services,Services,Commercial Services & Supplies,Diversified Commercial Services,-46.19,bse,2026-10-02T04:02:27
INE0GGO01015,,Fast Moving Consumer Goods,Fast Moving Consumer Goods,Food Products,Other Food Products,29.62,bse,2026-10-02T04:02:27
INE0BYP01024,,Industrials,Capital Goods,Industrial Products,"Compressors, Pumps & Diesel Engines",5.77,bse,2026-10-02T04:02:27
INE0H9P01028,,Commodities,Construction Materials,Other Construction Materials,Other Construction Materials,9.43,bse,2026-10-02T04:02:27
INE1SY401010,,Consumer Discretionary,Realty,Realty,"Residential, Commercial Projects",11.21,bse,2026-10-02T04:02:27
INE236E01022,,Commodities,Chemicals,Chemicals & Petrochemicals,Industrial Gases,,bse,2026-10-02T04:02:27
INE227J01012,,Consumer Discretionary,Realty,Realty,"Residential, Commercial Projects",-348.98,bse,2026-10-02T04:02:27
INE756I01012,,Financial Services,Financial Services,Finance,Non Banking Financial Company (NBFC),,bse,2026-10-02T04:02:27
INE12NJ01018,,Industrials,Capital Goods,Industrial Products,Iron & Steel Products,21.38,bse,2026-10-02T04:02:27
INE05J901018,,Commodities,Chemicals,Fertilizers & Agrochemicals,Pesticides & Agrochemicals,7.38,bse,2026-10-02T04:02:27
INE0S4R01014,,Consumer Discretionary,Consumer Services,Retailing,Internet & Catalogue Retail,9.29,bse,2026-10-02T04:02:27
INE103V01028,,Consumer Discretionary,Consumer Services,Leisure Services,Restaurants,22.16,bse,2026-10-02T04:02:27
INE28GN01010,,Consumer Discretionary,Consumer Services,Leisure Services,Hotels & Resorts,6.49,bse,2026-10-02T04:02:27
INE0NAZ01010,,Services,Services,Commercial Services & Supplies,Diversified Commercial Services,290.39,bse,2026-10-02T04:02:27
INE124Y01028,,Consumer Discretionary,Textiles,Textiles & Apparels,Other Textile Products,37.19,bse,2026-10-02T04:02:27
INE0CZ201020,,Healthcare,Healthcare,Pharmaceuticals & Biotechnology,Biotechnology,40.51,bse,2026-10-02T04:02:27
INE06ST01018,,Services,Services,Commercial Services & Supplies,Diversified Commercial Services,,bse,2026-10-02T04:02:27
INE18JU01028,,Information Technology,Information Technology,IT - Hardware,Computers Hardware & Equipments,33.25,bse,2026-10-02T04:02:27
INE219Y01026,,Industrials,Capital Goods,Industrial Products,Plastic Products - Industrial,6.3,bse,2026-10-02T04:02:27
INE03NU01014,,Consumer Discretionary,Consumer Services,Leisure Services,Hotels & Resorts,20.72,bse,2026-10-02T04:02:27
INE06ZD01017,,Consumer Discretionary,Consumer Durables,Consumer Durables,"Gems, Jewellery And Watches",,bse,2026-10-02T04:02:27
INE1P1A01018,,Consumer Discretionary,Consumer Services,Retailing,Speciality Retail,,bse,2026-10-02T04:02:27
INE06WU01026,,Financial Services,Financial Services,Finance,Non Banking Financial Company (NBFC),,bse,2026-10-02T04:02:27
INE819V01029,,Industrials,Capital Goods,Industrial Manufacturing,Industrial Products,57.75,bse,2026-10-02T04:02:27
INE0V9Q01010,,Consumer Discretionary,Realty,Realty,"Residential, Commercial Projects",30.96,bse,2026-10-02T04:02:27
INE08N601015,,Industrials,Construction,Construction,Civil Construction,8.85,bse,2026-10-02T04:02:27
INE0J5801029,,Consumer Discretionary,Consumer Services,Leisure Services,Wellness,16.87,bse,2026-10-02T04:02:27
INE00RL01028,,Services,Services,Transport Infrastructure,"Road Assets–Toll, Annuity, Hybrid-Annuity",8.18,bse,2026-10-02T04:02:27
INE0GV601021,,Consumer Discretionary,Consumer Durables,Consumer Durables,Houseware,22.01,bse,2026-10-02T04:02:27
INE718I01012,,Commodities,Construction Materials,Cement & Cement Products,Cement & Cement Products,-99.22,bse,2026-10-02T04:02:27
INE304W01038,,Consumer Discretionary,Consumer Durables,Consumer Durables,"Gems, Jewellery And Watches",79.91,bse,2026-10-02T04:02:27
INE0MHO01029,,Fast Moving Consumer Goods,Fast Moving Consumer Goods,Agricultural Food & other Products,Other Agricultural Products,,bse,2026-10-02T04:02:27
INE0R8B01010,,Consumer Discretionary,Consumer Services,Retailing,Diversified Retail,,bse,2026-10-02T04:02:27
INE078V01014,,Industrials,Capital Goods,Electrical Equipment,Other Electrical Equipment,7.99,bse,2026-10-02T04:02:27
INE1B6101010,,Services,Services,Transport Services,Shipping,55.05,bse,2026-10-02T04:02:27
INE06XZ01023,,Commodities,Chemicals,Chemicals & Petrochemicals,Specialty Chemicals,-77.88,bse,2026-10-02T04:02:27
INE0PKD01011,,Industrials,Capital Goods,Electrical Equipment,Other Electrical Equipment,,bse,2026-10-02T04:02:27
INE01R501028,,Industrials,Construction,Construction,Civil Construction,12.96,bse,2026-10-02T04:02:27
INE0Y8W01025,,Healthcare,Healthcare,Pharmaceuticals & Biotechnology,Pharmaceuticals,90.49,bse,2026-10-02T04:02:27
INE084K01015,,Healthcare,Healthcare,Pharmaceuticals & Biotechnology,Pharmaceuticals,,bse,2026-10-02T04:02:27
INE1B3L01017,,Consumer Discretionary,Consumer Durables,Consumer Durables,"Gems, Jewellery And Watches",,bse,2026-10-02T04:02:27
INE0VOV01021,,Services,Services,Commercial Services & Supplies,Diversified Commercial Services,36.35,bse,2026-10-02T04:02:27
INE0CAZ01013,,Consumer Discretionary,Consumer Services,Retailing,E-Retail/ E-Commerce,-64.46,bse,2026-10-02T04:02:27
INE24OJ01011,,Consumer Discretionary,Consumer Services,Retailing,Speciality Retail,16.02,bse,2026-10-02T04:02:27
INE198501012,,Consumer Discretionary,Consumer Durables,Consumer Durables,Plywood Boards/ Laminates,13.7,bse,2026-10-02T04:02:27
INE056801025,,Information Technology,Information Technology,IT - Hardware,Computers Hardware & Equipments,9.22,bse,2026-10-02T04:02:27
INE1AG301022,,Industrials,Construction,Construction,Civil Construction,7.16,bse,2026-10-02T04:02:27
INE13B501022,,Industrials,Capital Goods,Electrical Equipment,Other Electrical Equipment,11.07,bse,2026-10-02T04:02:27
INE0Z4F01028,,Industrials,Capital Goods,Electrical Equipment,Heavy Electrical Equipment,30.33,bse,2026-10-02T04:02:27
INE652V01016,,Fast Moving Consumer Goods,Fast Moving Consumer Goods,Food Products,Packaged Foods,,bse,2026-10-02T04:02:27
INE549H01021,,Financial Services,Financial Services,Capital Markets,Stockbroking & Allied,17.23,bse,2026-10-02T04:02:27
INE0TY101024,,Industrials,Construction,Construction,Civil Construction,6.09,bse,2026-10-02T04:02:27
INE04VU01023,,Financial Services,Financial Services,Financial Technology (Fintech),Financial Technology (Fintech),13.27,bse,2026-10-02T04:02:27
INE00YJ01010,,Consumer Discretionary,Consumer Services,Other Consumer Services,E-Learning,,bse,2026-10-02T04:02:27
INE0YD401026,,Commodities,Metals & Mining,Diversified Metals,Diversified Metals,17.91,bse,2026-10-02T04:02:27
INE0MLS01022,,Industrials,Capital Goods,Industrial Manufacturing,Industrial Products,15.45,bse,2026-10-02T04:02:27
INE965W01036,,Commodities,Metals & Mining,Metals & Minerals Trading,Trading - Metals,,bse,2026-10-02T04:02:27
INE0MWH01014,,Fast Moving Consumer Goods,Fast Moving Consumer Goods,Agricultural Food & other Products,Other Agricultural Products,13.31,bse,2026-10-02T04:02:27
INE0S3G01027,,Telecommunication,Telecommunication,Telecom - Services,Telecom - Infrastructure,8.06,bse,2026-10-02T04:02:27
INE0TQE01026,,Services,Services,Transport Services,Logistics Solution Provider,25.31,bse,2026-10-02T04:02:27
INE0HF201011,,Healthcare,Healthcare,Healthcare Equipment & Supplies,Medical Equipment & Supplies,17.22,bse,2026-10-02T04:02:27
INE1B0W01010,,Commodities,Chemicals,Fertilizers & Agrochemicals,Pesticides & Agrochemicals,,bse,2026-10-02T04:02:27
INE1B3501014,,Consumer Discretionary,Automobile and Auto Components,Automobiles,2/3 Wheelers,,bse,2026-10-02T04:02:27
INE0SUM01015,,Fast Moving Consumer Goods,Fast Moving Consumer Goods,Food Products,Meat Products including Poultry,,bse,2026-10-02T04:02:27
INE1TAE01010,,Industrials,Capital Goods,"Agricultural, Commercial & Construction Vehicles",Commercial Vehicles,24.31,bse,2026-10-02T04:02:27
INE085001019,,Services,Services,Commercial Services & Supplies,Diversified Commercial Services,100.77,bse,2026-10-02T04:02:27
INE2J8701016,,Industrials,Capital Goods,Industrial Products,Abrasives & Bearings,,bse,2026-10-02T04:02:27
INE976I01016,,Financial Services,Financial Services,Finance,Non Banking Financial Company (NBFC),121.18,bse,2026-10-02T04:02:27
INE324D01010,,Consumer Discretionary,Consumer Durables,Consumer Durables,Household Appliances,,bse,2026-10-02T04:02:27
INE506V01022,,Healthcare,Healthcare,Pharmaceuticals & Biotechnology,Pharmaceuticals,66.59,bse,2026-10-02T04:02:27
INE218I01013,,Financial Services,Financial Services,Capital Markets,Asset Management Company,,bse,2026-10-02T04:02:27
INE01TY01017,,Financial Services,Financial Services,Insurance,Life Insurance,,bse,2026-10-02T04:02:27
INE0XAD01024,,Consumer Discretionary,Consumer Durables,Consumer Durables,Granites & Marbles,21.02,bse,2026-10-02T04:02:27
INE16NZ01023,,Fast Moving Consumer Goods,Fast Moving Consumer Goods,Food Products,Other Food Products,17.09,bse,2026-10-02T04:02:27
INE202B01038,,Financial Services,Financial Services,Finance,Non Banking Financial Company (NBFC),20.23,bse,2026-10-02T04:02:27
INE00Q601028,,Consumer Discretionary,Automobile and Auto Components,Auto Components,Auto Components & Equipments,13.56,bse,2026-10-02T04:02:27
INE956O01016,,Consumer Discretionary,Consumer Services,Retailing,Speciality Retail,139.15,bse,2026-10-02T04:02:27
INE1YPB01014,,Services,Services,Transport Services,Logistics Solution Provider,,bse,2026-10-02T04:02:27
INE0HOQ01053,,Financial Services,Financial Services,Capital Markets,Stockbroking & Allied,33.6,bse,2026-10-02T04:02:27
INE15B701018,,Financial Services,Financial Services,Financial Technology (Fintech),Financial Technology (Fintech),110.81,bse,2026-10-02T04:02:27
INE1C6T01020,,Industrials,Capital Goods,Electrical Equipment,Other Electrical Equipment,12.29,bse,2026-10-02T04:02:27
INE0LP301011,,Consumer Discretionary,Consumer Services,Other Consumer Services,E-Learning,-3425.81,bse,2026-10-02T04:02:27
INE1I1301016,,Information Technology,Information Technology,IT - Software,Computers - Software & Consulting,,bse,2026-10-02T04:02:27
INE19RI01016,,Consumer Discretionary,Automobile and Auto Components,Auto Components,Auto Components & Equipments,22.47,bse,2026-10-02T04:02:27
INE12UR01024,,Industrials,Capital Goods,Electrical Equipment,Other Electrical Equipment,,bse,2026-10-02T04:02:27
INE0ILV01024,,Information Technology,Information Technology,IT - Software,Software Products,106.92,bse,2026-10-02T04:02:27
INE1SPP01016,,Consumer Discretionary,Consumer Durables,Consumer Durables,Footwear,,bse,2026-10-02T04:02:27
INE606N01019,,Information Technology,Information Technology,IT - Services,IT Enabled Services,11.36,bse,2026-10-02T04:02:27
INE0QPI01025,,Commodities,Chemicals,Chemicals & Petrochemicals,Specialty Chemicals,43.57,bse,2026-10-02T04:02:27
INE2KCE01013,,Fast Moving Consumer Goods,Fast Moving Consumer Goods,Food Products,Dairy Products,,bse,2026-10-02T04:02:27
INE985W01018,,Services,Services,Commercial Services & Supplies,Trading & Distributors,15.11,bse,2026-10-02T04:02:27
INE0VDM01015,,Consumer Discretionary,Consumer Services,Retailing,E-Retail/ E-Commerce,-26.95,bse,2026-10-02T04:02:27
INE14UN01029,,Industrials,Capital Goods,Industrial Products,"Aluminium, Copper & Zinc Products",21.44,bse,2026-10-02T04:02:27
INE947N01017,,Industrials,Capital Goods,Aerospace & Defense,Aerospace & Defense,-88.09,bse,2026-10-02T04:02:27
INE0E7301029,,Consumer Discretionary,Consumer Durables,Consumer Durables,"Furniture, Home Furnishing",,bse,2026-10-02T04:02:27
INE02ZQ01018,,Healthcare,Healthcare,Pharmaceuticals & Biotechnology,Pharmaceuticals,43.33,bse,2026-10-02T04:02:27
INE119201023,,Healthcare,Healthcare,Healthcare Services,Hospital,28.15,bse,2026-10-02T04:02:27
INE428V01029,,Healthcare,Healthcare,Healthcare Services,Healthcare Service Provider,,bse,2026-10-02T04:02:27
INE346A01027,,Financial Services,Financial Services,Capital Markets,Asset Management Company,,bse,2026-10-02T04:02:27
INE987S01020,,Industrials,Capital Goods,Industrial Products,"Aluminium, Copper & Zinc Products",,bse,2026-10-02T04:02:27
INE0V0W01025,,Healthcare,Healthcare,Healthcare Services,Hospital,33.03,bse,2026-10-02T04:02:27
INE05XR01022,,Energy,"Oil, Gas & Consumable Fuels",Consumable Fuels,Coal,,bse,2026-10-02T04:02:27
INE121R01077,,Information Technology,Information Technology,IT - Services,IT Enabled Services,87.69,bse,2026-10-02T04:02:27
INE12UN01015,,Services,Services,Transport Services,Logistics Solution Provider,,bse,2026-10-02T04:02:27
INE501X01029,,Financial Services,Financial Services,Finance,Non Banking Financial Company (NBFC),,bse,2026-10-02T04:02:27
INE212S01015,,Information Technology,Information Technology,IT - Software,Computers - Software & Consulting,27.24,bse,2026-10-02T04:02:27
INE0OU201013,,Consumer Discretionary,Textiles,Textiles & Apparels,Other Textile Products,-15.04,bse,2026-10-02T04:02:27
INE0P8B01020,,Healthcare,Healthcare,Healthcare Services,Healthcare Service Provider,26.71,bse,2026-10-02T04:02:27
INE647U01026,,Utilities,Power,Power,Power Generation,94.1,bse,2026-10-02T04:02:27
INE1RDG01013,,Consumer Discretionary,Consumer Durables,Consumer Durables,"Gems, Jewellery And Watches",,bse,2026-10-02T04:02:27
INE0UH301010,,Industrials,Capital Goods,Industrial Manufacturing,Industrial Products,57.33,bse,2026-10-02T04:02:27
INE00XB01019,,Consumer Discretionary,Automobile and Auto Components,Auto Components,Auto Components & Equipments,,bse,2026-10-02T04:02:27
INE0J0B01017,,Energy,"Oil, Gas & Consumable Fuels",Petroleum Products,Refineries & Marketing,,bse,2026-10-02T04:02:27
INE313L01016,,Industrials,Capital Goods,Industrial Products,Iron & Steel Products,,bse,2026-10-02T04:02:27
INE0ADB01012,,Services,Services,Transport Infrastructure,"Road Assets–Toll, Annuity, Hybrid-Annuity",9.75,bse,2026-10-02T04:02:27
INE713R01022,,Commodities,Chemicals,Fertilizers & Agrochemicals,Pesticides & Agrochemicals,18.37,bse,2026-10-02T04:02:27
INE05HV01027,,Services,Services,Commercial Services & Supplies,Consulting Services,,bse,2026-10-02T04:02:27
INE0H9F01037,,Healthcare,Healthcare,Pharmaceuticals & Biotechnology,Pharmaceuticals,,bse,2026-10-02T04:02:27
INE05TO01019,,Fast Moving Consumer Goods,Fast Moving Consumer Goods,Agricultural Food & other Products,Other Agricultural Products,,bse,2026-10-02T04:02:27
INE921L01032,,Industrials,Capital Goods,Electrical Equipment,Heavy Electrical Equipment,13.62,bse,2026-10-02T04:02:27
INE840Y01029,,Services,Services,Commercial Services & Supplies,Business Process Outsourcing (BPO)/ Knowledge Process Outsourcing (KPO),53.01,bse,2026-10-02T04:02:27
INE25E901019,,Industrials,Construction,Construction,Civil Construction,,bse,2026-10-02T04:02:27
INE12F801023,,Financial Services,Financial Services,Finance,Other Financial Services,,bse,2026-10-02T04:02:27
INE368U01029,,Consumer Discretionary,Textiles,Textiles & Apparels,Other Textile Products,,bse,2026-10-02T04:02:27
INE0JYY01029,,Industrials,Capital Goods,Industrial Products,Iron & Steel Products,,bse,2026-10-02T04:02:27
INE1L3801017,,Consumer Discretionary,Consumer Services,Leisure Services,Restaurants,,bse,2026-10-02T04:02:27
INE1T6L01010,,Consumer Discretionary,Consumer Durables,Consumer Durables,"Gems, Jewellery And Watches",,bse,2026-10-02T04:02:27
INE00WV01027,,Industrials,Capital Goods,Industrial Products,"Aluminium, Copper & Zinc Products",,bse,2026-10-02T04:02:27
INE1CDF01017,,Commodities,Metals & Mining,Non - Ferrous Metals,Aluminium,,bse,2026-10-02T04:02:27
INE694L01019,,Utilities,Power,Power,Power Generation,,bse,2026-10-02T04:02:27
INE704J01044,,Energy,"Oil, Gas & Consumable Fuels",Oil,Oil Exploration & Production,,bse,2026-10-02T04:02:27
INE255Z01027,,Information Technology,Information Technology,IT - Services,IT Enabled Services,,bse,2026-10-02T04:02:27
INE1CLE01013,,Commodities,Metals & Mining,Ferrous Metals,Iron & Steel,,bse,2026-10-02T04:02:27
INE0JUI01012,,Fast Moving Consumer Goods,Fast Moving Consumer Goods,Food Products,Other Food Products,,bse,2026-10-02T04:02:27
INE0OC301013,,Financial Services,Financial Services,Financial Technology (Fintech),Financial Technology (Fintech),,bse,2026-10-02T04:02:27
INE1TUG01013,,Energy,"Oil, Gas & Consumable Fuels",Gas,LPG/CNG/PNG/LNG Supplier,,bse,2026-10-02T04:02:27
INE0LZF01039,,Consumer Discretionary,Consumer Services,Leisure Services,"Tour, Travel Related Services",,bse,2026-10-02T04:02:27
INE1SJO01012,,Consumer Discretionary,Consumer Durables,Consumer Durables,"Gems, Jewellery And Watches",,bse,2026-10-02T04:02:27
INE0ZK601013,,Information Technology,Information Technology,IT - Software,Computers - Software & Consulting,,bse,2026-10-02T04:02:27
INE2FMX01012,,Consumer Discretionary,Textiles,Textiles & Apparels,Other Textile Products,,bse,2026-10-02T04:02:27
INE17QZ01016,,Industrials,Capital Goods,Industrial Products,Packaging,,bse,2026-10-02T04:02:27
INE0ISX01025,,Consumer Discretionary,Textiles,Textiles & Apparels,Other Textile Products,,bse,2026-10-02T04:02:27
INE17IR01028,,Industrials,Capital Goods,Industrial Products,Cables - Electricals,,bse,2026-10-02T04:02:27
INE1JCQ01037,,Consumer Discretionary,Textiles,Textiles & Apparels,Other Textile Products,,bse,2026-10-02T04:02:27
INE640G01020,,Financial Services,Financial Services,Capital Markets,Asset Management Company,,bse,2026-10-02T04:02:27
INE11XY01018,,Energy,"Oil, Gas & Consumable Fuels",Consumable Fuels,Coal,,bse,2026-10-02T04:02:27
INE084101034,,Industrials,Capital Goods,Industrial Manufacturing,Industrial Products,,bse,2026-10-02T04:02:27
INE0NG701011,,Information Technology,Information Technology,IT - Services,IT Enabled Services,,bse,2026-10-02T04:02:27
INE0QJW01029,,Industrials,Capital Goods,Industrial Manufacturing,Industrial Products,,bse,2026-10-02T04:02:27
INE459N01021,,Healthcare,Healthcare,Healthcare Services,Hospital,,bse,2026-10-02T04:02:27
INE0OWZ01020,,Industrials,Capital Goods,Industrial Manufacturing,Industrial Products,,bse,2026-10-02T04:02:27
INE05C901015,,Utilities,Power,Power,Power Generation,,bse,2026-10-02T04:02:27
INE0XNF01022,,Commodities,Metals & Mining,Diversified Metals,Diversified Metals,,bse,2026-10-02T04:02:27
INE0GMR01016,,Consumer Discretionary,Textiles,Textiles & Apparels,Other Textile Products,,bse,2026-10-02T04:02:27
INE880Y01017,,Industrials,Capital Goods,Electrical Equipment,Other Electrical Equipment,,bse,2026-10-02T04:02:27
INE1D0W01018,,Utilities,Utilities,Other Utilities,Water Supply & Management,,bse,2026-10-02T04:02:27
INE00GO01025,,Services,Services,Commercial Services & Supplies,Diversified Commercial Services,,bse,2026-10-02T04:02:27
INE869T01028,,Healthcare,Healthcare,Healthcare Equipment & Supplies,Medical Equipment & Supplies,,bse,2026-10-02T04:02:27
INE01NH01023,,Consumer Discretionary,Automobile and Auto Components,Auto Components,Auto Components & Equipments,,bse,2026-10-02T04:02:27
INE00IT01020,,Fast Moving Consumer Goods,Fast Moving Consumer Goods,Food Products,Dairy Products,,bse,2026-10-02T04:02:27
INE1EEM01017,,Industrials,Capital Goods,Industrial Products,Iron & Steel Products,,bse,2026-10-02T04:02:27
INE0FOO01011,,Consumer Discretionary,Consumer Services,Retailing,E-Retail/ E-Commerce,,bse,2026-10-02T04:02:27
INE0K9O01026,,Consumer Discretionary,Consumer Durables,Consumer Durables,"Gems, Jewellery And Watches",,bse,2026-10-02T04:02:27
INE685T01010,,Consumer Discretionary,Realty,Realty,"Residential, Commercial Projects",,bse,2026-10-02T04:02:27
INE1B3O01011,,Consumer Discretionary,"Media, Entertainment & Publication",Entertainment,"Film Production, Distribution & Exhibition",,bse,2026-10-02T04:02:27
INE1WFC01025,,Consumer Discretionary,Consumer Durables,Consumer Durables,"Gems, Jewellery And Watches",,bse,2026-10-02T04:02:27
INE18UN01038,,Financial Services,Financial Services,Capital Markets,Asset Management Company,,bse,2026-10-02T04:02:27
INE1KZI01025,,Industrials,Capital Goods,Industrial Manufacturing,Industrial Products,,bse,2026-10-02T04:02:27
INE16W401027,,Commodities,Metals & Mining,Non - Ferrous Metals,Precious Metals,,bse,2026-10-02T04:02:27
INE899I01028,,Healthcare,Healthcare,Pharmaceuticals & Biotechnology,Pharmaceuticals,,bse,2026-10-02T04:02:27
INE0PX301025,,Services,Services,Transport Services,Logistics Solution Provider,,bse,2026-10-02T04:02:27
INE0LEG01024,,Industrials,Capital Goods,Industrial Products,Other Industrial Products,,bse,2026-10-02T04:02:27
INE103001017,,Industrials,Construction,Construction,Civil Construction,,bse,2026-10-02T04:02:27
INE185Q01025,,Industrials,Capital Goods,Industrial Products,Cables - Electricals,,bse,2026-10-02T04:02:27
INE0DRI01029,,Information Technology,Information Technology,IT - Services,IT Enabled Services,,bse,2026-10-02T04:02:27
INE15EH01014,,Consumer Discretionary,Consumer Durables,Consumer Durables,"Gems, Jewellery And Watches",,bse,2026-10-02T04:02:27
INE0I1B01016,,Consumer Discretionary,Consumer Services,Retailing,Speciality Retail,,bse,2026-10-02T04:02:27
INE1M2N01020,,Consumer Discretionary,Consumer Durables,Consumer Durables,"Gems, Jewellery And Watches",,bse,2026-10-02T04:02:27
INE1FCO01014,,Healthcare,Healthcare,Healthcare Services,Hospital,,bse,2026-10-02T04:02:27
INE0H4201019,,Consumer Discretionary,Realty,Realty,"Residential, Commercial Projects",,bse,2026-10-02T04:02:27
INE877D01025,,Industrials,Capital Goods,Electrical Equipment,Heavy Electrical Equipment,,bse,2026-10-02T04:02:27
INE455U01024,,Commodities,Chemicals,Chemicals & Petrochemicals,Specialty Chemicals,,bse,2026-10-02T04:02:27
INE644Q01039,,Commodities,Construction Materials,Other Construction Materials,Other Construction Materials,,bse,2026-10-02T04:02:27
INE0FRO01022,,Commodities,Chemicals,Chemicals & Petrochemicals,Industrial Gases,,bse,2026-10-02T04:02:27
INE08T701025,,Services,Services,Commercial Services & Supplies,Diversified Commercial Services,,bse,2026-10-02T04:02:27
INE241U01028,,Financial Services,Financial Services,Financial Technology (Fintech),Financial Technology (Fintech),,bse,2026-10-02T04:02:27
INE590T01012,,Industrials,Capital Goods,Electrical Equipment,Heavy Electrical Equipment,,bse,2026-10-02T04:02:27
INE1FPN01026,,Industrials,Construction,Construction,Civil Construction,,bse,2026-10-02T04:02:27
INE148G01016,,Financial Services,Financial Services,Finance,Other Financial Services,,bse,2026-10-02T04:02:27
INE1JTV01015,,Consumer Discretionary,Realty,Realty,"Residential, Commercial Projects",,bse,2026-10-02T04:02:27
INE0KWF01020,,Industrials,Capital Goods,Industrial Products,Plastic Products - Industrial,,bse,2026-10-02T04:02:27
INE1EQW01028,,Consumer Discretionary,Consumer Services,Retailing,Speciality Retail,,bse,2026-10-02T04:02:27
INE1DLO01028,,Industrials,Capital Goods,Industrial Products,Iron & Steel Products,,bse,2026-10-02T04:02:27
INE012G01022,,Consumer Discretionary,Automobile and Auto Components,Auto Components,Auto Components & Equipments,,bse,2026-10-02T04:02:27
INE0LLZ01011,,Consumer Discretionary,Textiles,Textiles & Apparels,Other Textile Products,,bse,2026-10-02T04:02:27
INE1JJP01018,,Consumer Discretionary,Textiles,Textiles & Apparels,Other Textile Products,,bse,2026-10-02T04:02:27
INE0M5301040,,Consumer Discretionary,Consumer Durables,Consumer Durables,Ceramics,,bse,2026-10-02T04:02:27
INE147X01013,,Services,Services,Commercial Services & Supplies,Diversified Commercial Services,,bse,2026-10-02T04:02:27
INE0WOK01014,,Consumer Discretionary,Textiles,Textiles & Apparels,Other Textile Products,,bse,2026-10-02T04:02:27
INE1QJA01015,,Industrials,Construction,Construction,Civil Construction,,bse,2026-10-02T04:02:27
INE505M01015,,Consumer Discretionary,Automobile and Auto Components,Auto Components,Auto Components & Equipments,,bse,2026-10-02T04:02:27
INE0TWE01016,,Information Technology,Information Technology,IT - Services,IT Enabled Services,,bse,2026-10-02T04:02:27
INE0OTC01025,,Industrials,Capital Goods,Industrial Products,Iron & Steel Products,,bse,2026-10-02T04:02:27
INE0PTN01011,,Financial Services,Financial Services,Financial Technology (Fintech),Financial Technology (Fintech),,bse,2026-10-02T04:02:27
INF346A01034,,Financial Services,Financial Services,Capital Markets,Mutual Fund Scheme - ETF,,bse,2026-10-02T04:02:27
INE036D01028,,Financial Services,Financial Services,Banks,Private Sector Bank,,bse,2026-10-02T04:02:27
INE484C01030,,Energy,"Oil, Gas & Consumable Fuels",Petroleum Products,Lubricants,7.55,bse,2026-10-02T04:02:27
INE098F01031,,Healthcare,Healthcare,Pharmaceuticals & Biotechnology,Pharmaceuticals,,bse,2026-10-02T04:02:27
INE445C01015,,Industrials,Capital Goods,Industrial Products,Packaging,78.42,bse,2026-10-02T04:02:27
INE838B01021,,Commodities,Chemicals,Fertilizers & Agrochemicals,Pesticides & Agrochemicals,1.9,bse,2026-10-02T04:02:27
INE188A01015,,Commodities,Chemicals,Fertilizers & Agrochemicals,Fertilizers,,bse,2026-10-02T04:02:27
INE147A01011,,Commodities,Chemicals,Fertilizers & Agrochemicals,Fertilizers,,bse,2026-10-02T04:02:27
INE244A01016,,Industrials,Capital Goods,Industrial Products,Electrodes & Refractories,,bse,2026-10-02T04:02:27
INE641C01019,,Industrials,Capital Goods,Aerospace & Defense,Aerospace & Defense,-468.77,bse,2026-10-02T04:02:27
INE667G01023,,Information Technology,Information Technology,IT - Software,Computers - Software & Consulting,9.61,bse,2026-10-02T04:02:27
INE715B01021,,Commodities,Chemicals,Chemicals & Petrochemicals,Commodity Chemicals,,bse,2026-10-02T04:02:27
INE805C01028,,Commodities,Construction Materials,Cement & Cement Products,Cement & Cement Products,5.67,bse,2026-10-02T04:02:27
INE660A01013,,Financial Services,Financial Services,Finance,Non Banking Financial Company (NBFC),18.45,bse,2026-10-02T04:02:27
INE715A01015,,Consumer Discretionary,Automobile and Auto Components,Auto Components,Auto Components & Equipments,23.1,bse,2026-10-02T04:02:27
INE683C01011,,Commodities,Metals & Mining,Ferrous Metals,Ferro & Silica Manganese,3.15,bse,2026-10-02T04:02:27
INE725E01024,,Commodities,Metals & Mining,Minerals & Mining,Industrial Minerals,,bse,2026-10-02T04:02:27
INF204KB14I2,,Financial Services,Financial Services,Capital Markets,Mutual Fund Scheme - ETF,,bse,2026-10-02T04:02:27
INF732E01045,,Financial Services,Financial Services,Capital Markets,Mutual Fund Scheme - ETF,,bse,2026-10-02T04:02:27
INF204KB15I9,,Financial Services,Financial Services,Capital Markets,Mutual Fund Scheme - ETF,,bse,2026-10-02T04:02:27
INF174KA1A86,,Financial Services,Financial Services,Capital Markets,Mutual Fund Scheme - ETF,,bse,2026-10-02T04:02:27
INF204KB16I7,,Financial Services,Financial Services,Capital Markets,Mutual Fund Scheme - ETF,,bse,2026-10-02T04:02:27
INF732E01128,,Financial Services,Financial Services,Capital Markets,Mutual Fund Scheme - ETF,,bse,2026-10-02T04:02:27
INF204KB19I1,,Financial Services,Financial Services,Capital Markets,Mutual Fund Scheme - ETF,,bse,2026-10-02T04:02:27
INE118H01025,BSE Ltd.,,Financial Services,Unclassified,Unclassified,,nse_index,2026-10-02T11:16:26
INE736A01011,Central Depository Services (India) Ltd.,,Financial Services,Unclassified,Unclassified,,nse_index,2026-10-02T11:16:26
INE900L01028,Madhya Bharat Agro Products Ltd.,,Chemicals,Unclassified,Unclassified,,nse_index,2026-10-02T11:16:26
