isin,scrip_cd,mcap_cr
INE117A01022,500002,145250.48
INE208C01025,500003,49166.33
INE885A01032,500008,13684.81
INE432A01017,500009,290.59
INE714B01016,500012,329.86
INE436A01026,500013,62.02
INE096A01010,500014,21.66
INE957C01019,500016,24.61
INE032A01023,500020,2120.08
INE363A01022,500023,1484.06
INE100A01010,500027,17240.65
INE447A01015,500028,118.98
INE193E01025,500031,3464.44
INE306A01021,500032,4594.86
INE451A01017,500033,21895.27
INE296A01032,500034,591061.23
INE119A01028,500038,13725.27
INE213C01025,500039,8421.32
INE055A01016,500040,12304.4
INE459A01010,500041,4184.06
INE373A01013,500042,14766.46
INE176A01028,500043,7875.53
INE258A01024,500048,16331.31
INE263A01024,500049,280330.02
INE099C01010,500051,17.83
INE922A01025,500052,3082.11
INE819C01011,500058,110.05
INE071A01013,500059,13.24
INE800A01015,500060,1151.7
INE472A01039,500067,30328.18
INE131C01011,500068,1649.46
INE418C01012,500069,230.25
INE110A01019,500074,224.55
INE959C01023,500078,1803.66
INE281A01026,500083,200.53
INE486A01021,500084,17431.25
INE085A01013,500085,16002.05
INE302A01020,500086,34794.75
INE059A01026,500087,108808.05
INE303A01010,500089,559.92
INE007A01025,500092,32372.46
INE067A01029,500093,138127.58
INE016A01026,500096,66878.18
INE495A01022,500097,3213.29
INE034A01011,500101,14548.73
INE257A01026,500103,146943.07
INE094A01015,500104,73622.66
INE039A01010,500106,17558.85
INE153A01019,500108,1556.1
INE103A01014,500109,28865.3
INE178A01016,500110,20046.45
INE062A01020,500112,880615.15
INE114A01011,500113,71863.6
INE280A01028,500114,402611.02
INE008A01015,500116,93298.59
INE500A01029,500117,1316.1
INE041A01016,500119,1099.32
INE591D01014,500120,236.3
INE280B01018,500123,10656.55
INE089A01031,500124,100165.3
INE126A01031,500125,12003.11
INE199A01012,500126,8903.83
INE086A01029,500128,4609.18
INE284A01012,500133,8477.47
INE255A01020,500135,7462.3
INE778B01029,500136,996.54
INE512A01016,500142,9.9
INE160F01013,500143,400.39
INE235A01022,500144,22285.56
INE515A01019,500147,3938.18
INE516A01017,500148,4689.77
INE519A01011,500150,4816.01
INE973A01010,500151,41.73
INE388A01029,500153,891.23
INE085D01033,500159,168.92
INE043A01012,500160,107.75
INE260B01028,500163,28930.72
INE233A01035,500164,34399.23
INE531A01024,500165,14177.89
INE300A01016,500166,471.1
INE533A01012,500168,1604.04
INE537A01013,500170,45.88
INE539A01019,500171,3706.88
INE538A01037,500173,602.97
INE540A01017,500174,14.92
INE905C01034,500178,43.19
INE236A01020,500179,331.84
INE040A01034,500180,1109136.8
INE158A01026,500182,103533.05
INE548A01028,500183,36420.69
INE019C01026,500184,33602.12
INE549A01026,500185,5301.8
INE345A01011,500186,2212.43
INE415A01038,500187,5113.68
INE267A01025,500188,235286.89
INE353A01023,500189,417.53
INE262A01018,500191,8813.25
INE962B01011,500192,11.9
INE102A01024,500193,415.99
INE204A01010,500199,1752.38
INE560A01023,500201,2001.42
INE333C01013,500202,10.76
INE680B01019,500206,28.82
INE156A01020,500207,2501.46
INE009A01021,500209,420031.63
INE177A01018,500210,13152.49
INE262B01016,500213,226.2
INE570A01022,500214,5962.0
INE209A01019,500215,2864.21
INE175A01038,500219,1953.03
INE711C01028,500220,194.83
INE197D01010,500227,2860.79
INE019A01038,500228,300790.84
INE217B01036,500233,19259.45
INE437B01014,500234,81.78
INE907A01026,500235,3980.29
INE252C01023,500236,119.09
INE716A01013,500238,10937.62
INE104A01012,500239,37.17
INE266B01017,500240,657.17
INE732A01036,500241,14030.37
INE250A01039,500243,3659.17
INE884B01025,500245,7687.83
INE601C01013,500246,27.84
INE237A01036,500247,417612.06
INE073A01019,500248,3.32
INE999A01023,500249,14038.0
INE337A01034,500250,5448.5
INE849A01020,500251,138501.73
INE269B01029,500252,17702.21
INE115A01026,500253,28080.72
INE326A01037,500257,92784.14
INE933A01014,500259,298.19
INE331A01037,500260,19614.63
INE965B01022,500262,50.13
INE270B01035,500264,825.01
INE271B01025,500265,9358.65
INE288A01013,500266,14149.6
INE201B01022,500267,384.65
INE201A01024,500268,1342.28
INE461A01024,500270,274.25
INE180A01020,500271,47846.71
INE401C01018,500277,9.45
INE831A01028,500279,1161.8
INE485A01015,500280,1172.17
INE794W01014,500282,165.7
INE846D01012,500284,395.85
INE285B01017,500285,1419.27
INE083A01026,500288,7326.14
INE883A01011,500290,52185.31
INE578A01017,500292,2964.1
INE868B01028,500294,8168.28
INE205A01025,500295,98502.68
INE290A01027,500296,925.44
INE585A01020,500298,356.75
INE047A01021,500300,202245.6
INE161A01038,500304,1165.82
INE903A01025,500306,2627.24
INE910A01012,500307,5425.56
INE213A01029,500312,280162.82
INE591A01010,500313,405.73
INE750A01020,500314,2502.17
INE142A01012,500317,448.48
INE557C01017,500319,123.64
INE167E01037,500322,87.63
INE002A01018,500325,1577894.01
INE600A01035,500327,171.79
INE301A01014,500330,7939.58
INE318A01026,500331,149725.4
INE751B01018,500333,2456.08
INE340A01012,500335,6394.52
INE335A01020,500336,4806.49
INE032B01021,500337,1016.37
INE010A01011,500338,5217.29
INE855B01025,500339,7011.13
INE024D01016,500342,43.54
INE606A01024,500343,152.64
INE609A01010,500346,66.97
INE611A01016,500350,956.16
INE562B01019,500354,92.32
INE613A01020,500355,3884.52
INE278B01020,500356,428.4
INE425E01013,500357,16.85
INE350D01015,500360,144.92
INE731F01037,500365,3483.35
INE642C01025,500367,347.8
INE619A01035,500368,38736.67
INE924A01013,500370,22.63
INE538C01017,500371,39.59
INE324A01032,500378,17289.11
INE786A01032,500380,5922.31
INE070A01015,500387,78915.09
INE970C01012,500388,108.48
INE036A01016,500390,1898.5
INE629B01032,500399,127.65
INE245A01021,500400,111836.88
INE937A01023,500402,1350.72
INE387A01021,500403,23587.96
INE947A01014,500404,7791.79
INE663A01033,500405,14717.06
INE277A01016,500407,4304.7
INE670A01012,500408,19308.55
INE012A01025,500410,22218.05
INE152A01029,500411,40085.37
INE338A01024,500412,1767.3
INE332A01027,500413,4739.08
INE064A01026,500414,7376.42
INE932C01012,500418,65.92
INE685A01028,500420,181122.79
INE578C01021,500421,77.94
INE019B01010,500422,508.14
INE079A01024,500425,90198.86
INE184E01024,500426,4.61
INE037A01022,500429,603.17
INE701A01023,500439,1081.93
INE038A01020,500440,212228.07
INE976A01021,500444,4813.31
INE048A01011,500449,354.94
INE844C01027,500450,25.09
INE818B01023,500456,620.28
INE601A01017,500458,70.2
INE179A01014,500459,21579.41
INE304A01026,500460,2497.61
INE676A01027,500463,14150.22
INE139B01016,500464,305.17
INE544A01019,500467,330.35
INE171A01029,500469,78241.2
INE081A01020,500470,223578.46
INE640A01023,500472,7175.18
INE208A01029,500477,88665.83
INE298A01020,500480,134709.5
INE151A01013,500483,48051.19
INE358A01014,500488,57016.34
INE118A01012,500490,117278.32
INE465A01025,500493,91190.83
INE042A01014,500495,29816.54
INE253A01025,500500,309.02
INE018A01030,500510,507086.1
INE101A01026,500520,354536.29
INE323A01026,500530,134501.77
INE342A01018,500540,8.17
INE029A01011,500547,130587.92
INE003A01024,500550,134969.67
INE155A01022,500570,103123.78
INE226A01021,500575,34875.25
INE017A01032,500620,22489.55
INE501A01019,500645,16428.59
INE369A01029,500650,1158.7
INE291A01017,500655,16078.44
INE159A01016,500660,47001.7
INE113A01013,500670,8662.15
INE234A01025,500672,4858.78
INE058A01010,500674,6981.66
INE182A01018,500680,17635.98
INE026A01025,500690,5859.61
INE030A01027,500696,432559.75
INE133A01011,500710,13756.59
INE163A01018,500730,2816.88
INE092A01019,500770,15486.63
INE148A01019,500777,1108.45
INE217A01012,500780,840.13
INE239A01024,500790,251413.62
INE192A01025,500800,93922.07
INE021A01026,500820,230806.97
INE216A01030,500825,115492.73
INE259A01022,500830,47189.51
INE230A01023,500840,18635.85
INE053A01029,500850,101939.1
INE172A01027,500870,19683.54
INE154A01025,500875,322034.29
INE438A01022,500877,25750.17
INE482A01020,500878,13296.15
INE832A01018,500890,300.49
INE183A01024,500940,9338.18
INE371U01015,501110,0.37
INE598F01014,501111,0.95
INE422D01012,501148,11.61
INE660C01027,501150,971.71
INE524U01019,501151,170.8
INE911B01018,501242,18.67
INE567L01025,501261,3388.66
INE825M01017,501270,0.39
INE886A01014,501295,295.94
INE620D01011,501298,1047.4
INE672A01026,501301,31128.76
INE998D01011,501311,7.0
INE286N01028,501314,22.83
INE861B01023,501343,97.75
INE154M01012,501351,17.63
INE695D01021,501370,37.17
INE094R01019,501386,0.59
INE855A01019,501391,126.02
INE314H01012,501421,2304.87
INE151G01028,501423,13848.94
INE050A01025,501425,9308.62
INE691K01017,501430,60.8
INE224A01026,501455,5267.03
INE003F01015,501477,12.52
INE02ZA01012,501479,11.13
INE131H01028,501700,25.37
INE377E01024,501831,240.02
INE490A01015,501833,73.67
INE446C01013,501848,123.57
INE758D01027,501945,3358.53
INE443A01030,502015,204.2
INE229C01021,502090,1965.84
INE583C01021,502137,768.8
INE347A01017,502157,2708.21
INE732C01016,502168,772.58
INE626A01014,502175,593.27
INE232A01011,502180,986.88
INE06AE01018,502216,0.0
INE666D01022,502219,6329.46
INE347D01011,502250,28.77
INE094C01011,502281,9.21
INE416N01013,502294,76.86
INE435A01051,502330,1418.8
INE787D01026,502355,40244.77
INE592A01026,502420,343.53
INE906D01014,502445,29.8
INE927A01040,502448,118.06
INE630A01024,502450,1510.8
INE777A01023,502587,95.0
INE464D01014,502589,28.06
INE498A01018,502820,136.63
INE837X01027,502850,3.01
INE518A01013,502865,373.22
INE950C01014,502873,33.74
INE706D01018,502893,11.5
INE462D01034,502901,51.25
INE498G01015,502933,27.74
INE087A01019,502937,328.97
INE938C01019,502958,548.78
INE825A01020,502986,15340.33
INE138A01028,503031,483.66
INE909B01020,503092,34.69
INE211B01039,503100,68954.93
INE182D01020,503101,2623.93
INE491N01016,503127,123.75
INE750D01016,503162,85.58
INE301D01026,503169,1657.96
INE167H01014,503229,44.71
INE665A01038,503310,8540.13
INE203D01016,503349,81.56
INE404N01019,503622,13.18
INE406N01014,503624,10.28
INE733N01011,503626,16.23
INE315N01017,503635,254.48
INE314N01028,503639,90.44
INE945J01027,503641,12.74
INE255E01030,503657,19.09
INE948K01011,503659,16.79
INE026L01022,503663,168.47
INE130N01010,503671,0.09
INE786K01023,503675,5.89
INE927X01018,503681,2040.0
INE828I01019,503685,19.98
INE160N01017,503689,0.08
INE475V01012,503696,2.06
INE629D01020,503722,363.37
INE380D01012,503772,5.46
INE170C01019,503776,49.54
INE204C01024,503804,206.1
INE647A01010,503806,73809.78
INE076B01028,503811,2403.25
INE243N01029,503816,125.46
INE796C01011,503837,40.82
INE632A01012,503863,7.48
INE07MC01015,503893,0.64
INE464A01036,503960,2339.29
INE579B01039,504000,2953.17
INE064H01021,504028,649.97
INE835D01023,504036,4005.4
INE567A01028,504058,242.1
INE520A01027,504067,9862.21
INE511D01012,504076,98.78
INE581L01018,504080,100.71
INE813G01023,504084,256.89
INE716F01012,504092,1679.29
INE795A01017,504093,179.55
INE045B01015,504112,2028.56
INE418E01018,504132,736.84
INE783E01023,504176,512.78
INE502C01039,504180,21.63
INE279A01012,504212,5037.25
INE100D01014,504220,402.62
INE872E01016,504240,596.72
INE284C01018,504258,188.17
INE064R01012,504273,163.33
INE393A01011,504286,57.66
INE180M01033,504340,11.22
INE206N01018,504341,2913.9
INE507F01023,504351,179.22
INE017P01014,504356,4.04
INE07LK01010,504365,0.49
INE927M01029,504369,6.66
INE0LKP01014,504370,0.0
INE459E01012,504375,13505.28
INE812K01027,504378,5.97
INE952M01019,504380,81.39
INE537L01010,504392,49.68
INE932M01011,504397,8.91
INE361D01012,504605,902.38
INE385C01021,504614,17430.54
INE106G01014,504646,207.39
INE089T01023,504648,21.89
INE255C01026,504697,23.8
INE566M01017,504731,468.7
INE323C01030,504741,1823.05
INE359D01024,504746,61.55
INE155E01016,504786,1594.15
INE123E01014,504810,31.69
INE375D01012,504840,123.75
INE569C01020,504879,529.52
INE166R01015,504882,231.2
INE336C01016,504903,176.53
INE340F01011,504908,119.07
INE149K01016,504918,8647.8
INE755D01015,504959,334.5
INE149A01033,504973,25750.86
INE380G01015,504988,38.32
INE187U01015,504998,0.37
INE449A01011,505010,2543.92
INE446A01025,505029,59.51
INE451C01013,505036,997.56
INE878E01021,505075,246.0
INE187D01029,505160,2584.56
INE116C01012,505163,639.67
INE294B01019,505192,9051.73
INE806C01018,505196,2058.64
INE066A01021,505200,190788.47
INE280F01019,505212,40.47
INE782D01027,505216,214.07
INE232E01013,505232,1013.33
INE221B01012,505242,9362.21
INE631D01026,505250,40.17
INE541A01023,505255,6490.25
INE811A01038,505283,8857.08
INE731D01024,505299,164.56
INE718M01022,505302,161.7
INE867A01022,505324,50.82
INE098E01026,505336,23.34
INE811D01024,505343,19.69
INE317F01035,505355,7244.69
INE984B01023,505358,620.51
INE617A01013,505368,77.53
INE435C01024,505400,1526.57
INE274C01019,505412,1624.55
INE953M01033,505502,10.32
INE809Q01020,505504,1900.98
INE688D01026,505509,4300.4
INE203N01015,505515,38.85
INE721U01011,505520,2.55
INE272E01027,505523,17.39
INE966A01022,505526,1110.38
INE274F01020,505533,9188.54
INE256A01028,505537,6906.13
INE735U01011,505585,3.14
INE308E01029,505590,40.1
INE886E01016,505594,6.17
INE178E01026,505650,37.81
INE469A01019,505681,244.8
INE614R01014,505685,23.47
INE561C01019,505688,152.02
INE856A01017,505690,144.63
INE501N01020,505693,131.14
INE205B01031,505700,9879.21
INE266D01021,505710,3711.63
INE705G01021,505712,261.79
INE524A01029,505714,23319.93
INE688E01024,505720,346.08
INE598D01035,505725,1897.12
INE559A01017,505726,4746.98
INE638A01035,505729,464.59
INE403C01014,505737,104.53
INE529A01010,505744,2470.07
INE636D01041,505750,254.98
INE513A01022,505790,60741.95
INE860N01012,505797,14.41
INE384A01010,505800,2163.37
INE775R01013,505807,37.58
INE568F01017,505827,159.58
INE058D01030,505840,26.31
INE545L01039,505850,462.4
INE391D01019,505854,214.93
INE765D01022,505872,4234.03
INE717A01029,505890,9407.24
INE724D01011,505893,114.81
INE440G01017,505978,553.44
INE618D01015,506003,39.45
INE603A01013,506022,2124.81
INE219D01012,506024,0.0
INE821R01015,506042,12.85
INE968D01022,506074,22.4
INE536A01023,506076,21892.11
INE651C01018,506079,5.69
INE441L01015,506105,28.47
INE727B01026,506109,1881.57
INE07I701011,506120,0.58
INE820M01026,506122,21.61
INE383L01019,506128,132.08
INE512D01028,506134,139.51
INE370E01029,506146,14.93
INE073I01012,506161,0.72
INE122V01010,506162,
INE070K01014,506166,701.16
INE092P01017,506178,13.56
INE668L01013,506180,181.85
INE879E01037,506184,26.71
INE403B01016,506186,95.52
INE978L01016,506190,1.31
INE643K01018,506194,950.2
INE965V01020,506196,0.26
INE416D01022,506197,7275.13
INE189B01011,506222,3609.45
INE426A01027,506235,2674.38
INE275D01022,506248,899.85
INE489G01022,506260,870.75
INE737D01021,506261,1571.55
INE462A01022,506285,15978.94
INE789D01014,506313,9.39
INE320M01019,506365,11.85
INE492A01029,506390,842.83
INE169A01031,506395,52072.35
INE288B01029,506401,20373.03
INE505A01010,506405,773.51
INE225B01021,506414,1622.68
INE077F01035,506480,1740.99
INE693E01016,506520,18.83
INE138C01024,506525,836.29
INE881E01017,506528,1387.32
INE060E01018,506530,118.63
INE265B01019,506532,1511.5
INE468C01017,506543,5.94
INE321D01016,506579,127.07
INE615W01011,506580,0.0
INE602A01031,506590,12661.63
INE841D01013,506597,865.2
INE752B01024,506605,74.02
INE277B01014,506618,1262.15
INE218N01021,506640,48.71
INE888C01040,506642,764.11
INE659A01023,506655,9905.07
INE014B01011,506680,17.62
INE405A01021,506685,1185.37
INE687A01016,506687,731.71
INE351A01035,506690,3770.23
INE741A01011,506734,80.78
INE150B01039,506767,8906.18
INE400A01014,506808,655.48
INE203A01020,506820,15076.13
INE607A01022,506852,618.7
INE639B01023,506854,6912.09
INE636P01011,506858,30.66
INE716M01034,506863,82.3
INE942C01045,506879,4976.35
INE467X01023,506906,9.04
INE987A01010,506919,107.21
INE423K01015,506935,12.4
INE684U01011,506945,2.98
INE334N01018,506947,78.2
INE374C01017,506975,19.65
INE046E01025,506979,79.86
INE472D01017,506981,22.07
INE574A01016,507155,614.86
INE133B01027,507180,127.91
INE133E01013,507205,13434.83
INE044N01021,507265,435.54
INE615A01025,507300,30.29
INE623A01011,507315,208.1
INE711A01022,507410,1332.29
INE076C01018,507438,805.38
INE991B01010,507474,59.94
INE470N01010,507486,21.97
INE075D01018,507488,2173.88
INE625B01014,507490,200.56
INE544C01023,507498,81.04
INE480C01038,507514,1471.88
INE557D01015,507515,11.86
INE073G01016,507526,1234.27
INE04VT01017,507530,4.67
INE495D01018,507543,0.2
INE976E01023,507552,363.98
INE043C01018,507580,235.23
INE014E01015,507598,71.4
INE286E01019,507609,8.79
INE588G01021,507621,214.11
INE339F01021,507645,141.36
INE131O01024,507663,1.88
INE075A01022,507685,157988.67
INE247F01018,507690,34.98
INE435G01025,507717,4157.6
INE910C01018,507747,1433.31
INE284B01028,507753,1247.6
INE891G01011,507759,9.3
INE694E01014,507779,600.84
INE123C01018,507785,188.78
INE048B01035,507789,1527.24
INE745B01028,507794,479.71
INE357P01014,507808,9.75
INE296D01010,507813,27.73
INE322A01010,507815,22493.25
INE469D01013,507817,50.93
INE880B01015,507828,34.47
INE607B01012,507833,9.78
INE435D01014,507836,891.75
INE757C01021,507852,82.98
INE746D01014,507864,97.19
INE372I01018,507872,81.35
INE694A01020,507878,1032.78
INE054A01027,507880,3988.87
INE296C01020,507910,75.61
INE724A01017,507912,1205.12
INE706N01017,507917,12.31
INE798E01013,507938,14.31
INE704G01024,507944,695.55
INE845A01028,507946,46.1
INE130F01016,507948,43.08
INE02BV01019,507952,0.4
INE621C01011,507960,68.55
INE455H01021,507962,125.0
INE651D01016,507966,21.74
INE289M01016,507968,106.31
INE143I01013,507970,16.75
INE726D01016,507981,42.7
INE990E01016,507987,0.4
INE657D01021,507998,259.84
INE489D01011,508136,119.37
INE979B01015,508486,4248.73
INE712A01012,508494,52.12
INE788M01017,508571,25.28
INE553F01035,508664,24.43
INE605D01012,508670,206.68
INE684B01029,508807,740.67
INE757A01017,508814,2171.9
INE800K01014,508867,99.54
INE437A01024,508869,116695.63
INE861H01020,508875,243.18
INE641A01013,508905,89.23
INE295A01018,508906,751.09
INE791H01011,508918,73.0
INE193B01039,508933,1657.52
INE013E01017,508941,188.81
INE734I01027,508954,1005.11
INE549B01016,508956,13.24
INE753D01010,508961,26.03
INE668Y01024,508963,8.14
INE673M01029,508969,25.12
INE977E01013,508980,17.2
INE060A01024,508989,2743.04
INE074J01018,509003,0.08
INE218C01016,509009,190.66
INE190F01028,509015,16.14
INE413B01023,509020,114.94
INE088E01019,509024,11.75
INE117F01013,509026,120.38
INE763D01019,509038,9.29
INE040F01033,509040,46.79
INE778N01016,509046,23.0
INE572G01025,509048,235.44
INE300B01022,509051,90.42
INE521L01030,509053,61.27
INE392A01021,509055,720.79
INE669A01022,509069,27.1
INE525B01016,509073,9.32
INE742B01025,509079,4193.81
INE107J01016,509084,105.58
INE137I01015,509152,1006.99
INE802D01023,509162,276.81
INE159E01026,509196,36.61
INE034D01049,509220,501.05
INE421C01016,509243,3323.5
INE367E01033,509423,40.97
INE664D01019,509438,1329.9
INE026I01010,509449,9.0
INE01TL01014,509470,268.53
INE145E01017,509472,89.42
INE463A01038,509480,52738.31
INE479A01018,509486,162.84
INE371A01025,509488,15356.52
INE686A01026,509496,20217.68
INE515H01014,509525,636.66
INE214F01026,509546,223.9
INE276A01018,509557,7501.83
INE925D01014,509563,10.95
INE426D01013,509567,367.96
INE722D01015,509597,57.2
INE545A01024,509631,4615.06
INE310C01029,509635,546.67
INE083O01019,509650,0.09
INE557A01011,509675,1050.98
INE061A01014,509692,108.13
INE575C01027,509709,510.82
INE364A01020,509715,242.98
INE972A01020,509732,1598.18
INE370A01019,509760,9.47
INE848M01019,509762,56.78
INE880P01015,509782,0.0
INE275B01026,509820,1761.17
INE940N01012,509835,7.28
INE712Z01019,509845,13.72
INE02C301011,509870,0.98
INE849C01026,509874,654.04
INE896E01023,509887,27.04
INE832D01020,509895,26.11
INE532U01012,509910,0.06
INE881P01013,509917,1.99
INE195A01028,509930,42893.8
INE077P01034,509945,104.93
INE961E01017,509953,138.0
INE726E01014,509960,837.0
INE710A01016,509966,3415.06
INE804A01025,510245,33.12
INE856D01011,511000,38.92
INE457N01025,511012,52.44
INE946K01023,511016,26.65
INE679T01013,511018,97.37
INE742C01031,511034,1699.74
INE955S01019,511038,0.09
INE175Q01018,511048,0.12
INE122N01017,511060,0.0
INE302E01014,511066,159.95
INE407F01018,511074,24.26
INE065D01027,511076,1377.77
INE047E01031,511092,20.06
INE747V01014,511096,
INE705C01020,511108,215.57
INE848D01018,511110,7.88
INE527B01020,511116,52.04
INE609B01018,511122,9.74
INE344D01018,511131,23.11
INE520G01024,511144,3025.13
INE549D01012,511147,77.64
INE096I01021,511153,46.14
INE552N01023,511169,32.97
INE635I01018,511176,30.05
INE381N01019,511185,21.83
INE570N01025,511187,7.6
INE613B01010,511194,62.14
INE477A01020,511196,9444.66
INE910G01027,511200,86.87
INE050B01023,511208,244.95
INE721A01047,511218,221845.09
INE121A01024,511243,135237.37
INE910D01024,511246,17.6
INE771Z01015,511254,1.98
INE088P01015,511260,108.23
INE709A01018,511333,705.45
INE429D01017,511355,57.63
INE556D01017,511359,38.99
INE240B01012,511377,14.7
INE661M01016,511391,84.29
INE410E01015,511401,5.76
INE472C01027,511411,72.28
INE559D01011,511413,1025.19
INE051B01021,511431,555.68
INE034B01019,511441,6.3
INE706F01021,511447,25.89
INE899D01011,511451,6.09
INE191N01012,511463,7.45
INE841B01017,511473,111.57
INE488C01015,511493,12.33
INE900A01013,511501,15.14
INE707C01018,511505,65.11
INE697C01011,511507,6.81
INE380K01017,511509,38.3
INE882C01035,511523,99.75
INE376A01032,511525,17.89
INE135C01012,511533,26.15
INE026C01013,511535,13.68
INE533B01028,511539,35.25
INE777C01011,511543,27.54
INE367A01015,511549,27.72
INE903D01011,511551,2709.97
INE732K01027,511557,157.63
INE289C01025,511559,217.63
INE654D01010,511563,39.44
INE754C01010,511571,165.8
INE304E01010,511577,62.37
INE425F01028,511585,3.46
INE323B01024,511589,366.28
INE212B01011,511593,23.47
INE216B01012,511601,17.24
INE420B01036,511605,967.55
INE569B01022,511609,28.66
INE891B01012,511611,9.56
INE229D01011,511626,68.58
INE417D01020,511628,1282.62
INE699B01027,511630,104.16
INE113B01037,511644,140.38
INE309D01011,511654,42.16
INE027D01019,511658,33.17
INE443D01018,511664,7.79
INE099G01011,511672,296.14
INE289B01019,511676,714.07
INE759C01027,511692,34.5
INE953B01010,511696,75.29
INE625D01028,511700,76.09
INE290E01011,511702,722.25
INE717D01023,511710,37.86
INE452B01013,511712,40.25
INE875B01015,511714,359.33
INE359A01012,511716,34.41
INE020D01022,511724,158.61
INE946H01037,511726,148.71
INE006C01015,511728,4.71
INE527C01010,511734,12.6
INE241B01010,511738,6.49
INE239B01014,511740,23.83
INE583D01011,511742,1282.68
INE861D01011,511754,239.97
INE195I01013,511756,18.63
INE094E01017,511758,20.27
INE819K01014,511764,44.73
INE296G01013,511766,351.65
INE677D01037,511768,1001.1
INE582V01015,512004,0.0
INE886D01026,512008,2540.98
INE754D01018,512014,1364.61
INE135H01029,512018,89.89
INE967G01019,512020,1150.72
INE837E01019,512022,30.62
INE767M01029,512025,1048.0
INE603D01017,512026,330.93
INE393H01016,512036,22.25
INE887D01024,512038,1130.93
INE510H01015,512047,59.57
INE195E01020,512048,55.42
INE139J01019,512060,0.0
INE896J01014,512062,721.7
INE048E01013,512063,1.11
INE762D01011,512064,11.62
INE738D01029,512065,5476.89
INE945F01025,512068,3933.0
INE628A01036,512070,44065.64
INE425H01016,512091,1.87
INE234B01023,512093,125.73
INE092G01024,512097,4.54
INE750G01019,512099,103.15
INE331E01013,512101,0.43
INE276H01013,512103,195.88
INE461H01011,512109,208.61
INE649C01012,512115,23.99
INE436U01016,512117,0.82
INE529F01035,512131,203.06
INE956V01011,512147,0.0
INE758A01072,512149,158.55
INE808W01012,512153,6.6
INE123V01018,512157,
INE650K01021,512161,56.73
INE365O01028,512165,192.65
INE968E01012,512169,87.44
INE685D01022,512175,16.29
INE805D01034,512179,4105.7
INE496M01017,512195,
INE798C01017,512197,1.63
INE02BR01017,512213,0.52
INE730E01016,512217,39.33
INE177E01010,512221,2.83
INE379J01029,512229,397.19
INE070D01027,512237,1571.82
INE552F01011,512245,
INE894A01026,512247,22.59
INE895A01023,512257,29.16
INE553H01015,512261,
INE471D01019,512265,0.0
INE200D01020,512267,1776.14
INE552H01017,512271,8.65
INE340U01010,512277,87.02
INE497M01015,512291,0.93
INE458B01036,512296,1349.4
INE417N01011,512301,29.45
INE776V01013,512303,0.0
INE2L3M01012,512307,0.0
INE385F01024,512329,9357.87
INE068C01015,512344,7.35
INE745A01012,512345,101.95
INE093G01022,512359,6.3
INE108G01010,512361,216.03
INE495M01019,512367,1.38
INE664N01018,512377,0.59
INE716D01033,512379,92.67
INE992I01013,512381,296.27
INE037B01020,512393,505.35
INE017I01027,512399,384.05
INE523W01017,512404,0.02
INE728J01019,512408,1.25
INE319T01016,512415,4.91
INE242B01018,512425,27.71
INE416X01012,512431,0.0
INE508W01018,512433,0.0
INE412D01013,512437,192.23
INE0HMN01013,512439,0.0
INE993I01029,512441,18.13
INE162L01017,512443,5.96
INE07LH01016,512445,
INE564J01026,512453,591.12
INE281B01032,512455,100090.48
INE07NX01019,512461,
INE080I01025,512463,11901.43
INE765L01017,512477,75.0
INE661K01010,512479,115.94
INE977F01010,512485,62.48
INE876A01023,512489,64.47
INE590B01010,512493,97.92
INE435E01020,512499,23.62
INE721V01019,512505,
INE442U01014,512511,0.21
INE132V01019,512517,0.0
INE668D01028,512519,415.74
INE091C01017,512527,331.15
INE807F01027,512529,10236.93
INE655A01013,512531,640.5
INE058B01018,512553,104.74
INE080B01012,512559,111.25
INE581D01015,512565,17.7
INE871C01038,512573,9685.7
INE077B01018,512587,35.33
INE579D01019,512589,41.99
INE183U01022,512591,16.71
INE348N01042,512595,477.91
INE681C01015,512597,136.74
INE423A01024,512599,382249.29
INE307N01014,512600,304.58
INE772B01014,512604,11.2
INE474E01029,512608,94.23
INE629C01014,512618,9.15
INE769D01016,512624,17.36
INE231G01010,512626,626.09
INE104E01014,512634,190.97
INE114E01013,513005,17.46
INE987E01012,513012,0.0
INE725A01030,513023,15645.94
INE582K01018,513039,2.05
INE158G01015,513043,265.09
INE736H01024,513059,25.98
INE360D01014,513063,13.09
INE386D01027,513097,6135.14
INE524B01027,513108,1191.5
INE991A01020,513117,8.46
INE173M01012,513119,1257.75
INE730A01022,513121,771.58
INE950D01012,513149,51.28
INE205F01016,513173,19.12
INE932A01024,513228,2350.18
INE197A01024,513250,1063.55
INE289D01015,513252,299.73
INE802C01033,513262,6146.71
INE993A01026,513269,6921.88
INE611C01020,513295,16.79
INE001F01019,513303,19.46
INE363L01045,513307,1300.56
INE145J01032,513337,57.09
INE534A01028,513343,103.43
INE298G01035,513349,2348.76
INE105D01013,513353,229.73
INE072A01029,513361,1059.29
INE013J01016,513369,148.23
INE120A01034,513375,23621.72
INE123F01029,513377,8428.5
INE457E01016,513397,4.26
INE728B01032,513418,90.88
INE373E01015,513422,19.26
INE501L01024,513430,16.5
INE640C01011,513436,170.26
INE594D01018,513452,4.67
INE791E01018,513456,121.31
INE257F01017,513460,5.25
INE658D01029,513472,529.67
INE387D01025,513488,7.78
INE235U01012,513496,418.6
INE308N01012,513498,23.16
INE927K01023,513502,178.44
INE276I01011,513507,103.58
INE314G01014,513509,346.68
INE798F01010,513511,531.33
INE570B01012,513513,4.33
INE124E01038,513517,3611.32
INE450D01021,513519,4231.32
INE741B01027,513528,207.34
INE770A01010,513532,768.52
INE207H01018,513536,1487.55
INE176E01012,513540,15.37
INE277E01026,513544,404.71
INE385M01012,513548,82.75
INE451L01014,513554,1948.54
INE608C01026,513566,46.08
INE067E01013,513575,12.01
INE617C01027,513579,4.82
INE531E01026,513599,44671.67
INE463D01016,513629,47.13
INE197C01012,513642,48.06
INE589A01014,513683,35081.91
INE848B01012,513687,2.77
INE434C01027,513693,103.44
INE584G01012,513699,13.99
INE960A01017,513709,84.87
INE146C01019,513713,12.22
INE614F01019,513721,5.49
INE210C01013,513729,34.43
INE723D01021,514010,266.7
INE376L01013,514028,13.85
INE272C01013,514030,105.97
INE970D01010,514036,98.83
INE049A01027,514043,807.52
INE594B01012,514045,121.55
INE229N01010,514060,30.51
INE501F01018,514087,44.02
INE207C01019,514113,15.33
INE132C01027,514138,162.12
INE592B01024,514142,204.32
INE192B01031,514162,22584.31
INE862B01013,514165,76.46
INE845D01014,514167,2611.13
INE760J01012,514171,54.82
INE835A01029,514175,275.32
INE351D01013,514177,24.39
INE761G01016,514183,565.59
INE110Q01023,514197,12.45
INE235C01036,514211,726.01
INE410D01017,514223,43.49
INE495C01010,514234,3183.12
INE664X01025,514236,0.0
INE874A01010,514238,401.56
INE979D01011,514240,9.01
INE377C01010,514248,11.62
INE899E01019,514260,30.91
INE707B01010,514264,13.1
INE106C01013,514266,25.03
INE436C01014,514272,112.54
INE273D01027,514274,324.94
INE589J01015,514280,85.09
INE440A01010,514286,294.39
INE156C01018,514300,61.61
INE660D01017,514302,106.66
INE156E01014,514312,29.55
INE969C01022,514316,303.61
INE722N01014,514318,260.79
INE535C01013,514322,60.98
INE814D01010,514324,313.08
INE790C01014,514326,18.74
INE670O01013,514330,1031.09
INE216I01017,514332,22.69
INE194N01016,514336,187.83
INE309M01020,514354,952.11
INE339D01034,514358,67.64
INE078T01026,514360,67.45
INE564C01013,514378,6.67
INE004C01028,514386,23.07
INE340D01016,514400,11.05
INE638N01012,514402,66.4
INE114D01015,514414,7.41
INE370D01013,514418,374.52
INE074C01013,514428,199.15
INE439N01031,514440,423.0
INE009C01019,514442,55.38
INE577D01013,514448,1004.7
INE112D01035,514450,186.6
INE410M01018,514454,22.08
INE837B01031,514470,154.79
INE219W01012,515008,1996.07
INE277C01012,515018,84.85
INE439A01020,515030,24077.87
INE692B01014,515037,169.53
INE068B01017,515043,992.14
INE242C01024,515055,20844.07
INE469C01023,515059,17.8
INE298E01022,515085,74.0
INE925C01016,515093,32.62
INE506D01020,515147,788.27
INE932D01010,516003,105.34
INE231C01019,516016,172.33
INE112C01011,516020,5.97
INE733A01018,516022,238.81
INE551D01018,516030,346.79
INE385D01029,516032,63.25
INE737E01011,516038,1476.63
INE497C01016,516062,6.48
INE570D01018,516064,1306.62
INE270I01022,516072,4434.06
INE699D01015,516078,77.54
INE740D01017,516082,1129.56
INE105C01023,516092,53.46
INE384D01022,516096,25.1
INE810C01044,516098,15.68
INE538D01015,516106,14.62
INE088G01014,516108,221.25
INE146N01016,516110,9.51
INE707A01012,517015,3099.89
INE302D01024,517035,1408.83
INE045A01017,517041,2732.94
INE457F01013,517059,937.72
INE919C01019,517063,70.95
INE115E01010,517077,11.62
INE273A01015,517096,180.53
INE834B01012,517119,46.99
INE228A01035,517146,14987.2
INE287B01021,517168,4475.82
INE125G01014,517170,64.19
INE443P01038,517172,1090.15
INE671A01010,517174,29618.7
INE311D01017,517201,40.43
INE162B01018,517206,5189.11
INE927C01020,517214,348.96
INE766A01026,517230,5.09
INE216C01010,517236,89.51
INE083E01010,517238,92.01
INE788D01016,517246,626.92
INE143C01024,517258,264.51
INE087E01011,517264,30.14
INE292B01021,517271,21604.57
INE902B01017,517273,369.51
INE335Q01026,517286,949.25
INE541F01022,517288,48.68
INE162A01010,517300,2715.5
INE898E01011,517320,10.75
INE775A01035,517334,166226.72
INE834C01028,517336,396.19
INE110B01017,517344,485.07
INE176B01034,517354,65304.07
INE167B01025,517356,27.84
INE689V01018,517360,19.0
INE437C01012,517370,36.53
INE877E01015,517372,146.41
INE188B01013,517380,1256.64
INE225D01027,517385,3921.14
INE043B01028,517393,52.23
INE648E01010,517397,10.1
INE756A01019,517399,7.29
INE635A01023,517411,11.91
INE791B01014,517415,41.22
INE082C01024,517417,201.09
INE295F01017,517421,990.35
INE576B01019,517429,80.91
INE060D01028,517431,81.7
INE940C01015,517437,61.8
INE165B01029,517447,77.26
INE437D01010,517449,550.32
INE415B01044,517467,1966.24
INE033C01019,517477,119.2
INE258C01038,517494,69.09
INE855C01023,517498,2984.01
INE535D01037,517500,1180.24
INE690A01028,517506,6942.14
INE589D01018,517514,204.8
INE451D01029,517522,2298.66
INE130B01031,517530,214.23
INE229A01017,517536,650.13
INE320B01020,517544,6937.41
INE209C01015,517546,34.73
INE141C01036,517554,168.0
INE362A01016,517556,1316.08
INE948A01012,517562,159.1
INE878B01027,517569,43096.75
INE145L01012,518011,32.39
INE827D01020,518053,29.54
INE069E01019,518075,282.72
INE071F01012,518091,281.67
INE537F01012,519003,425.8
INE100E01012,519014,6.35
INE455D01012,519031,766.36
INE488B01017,519091,2431.2
INE534D01014,519097,80.93
INE488D01021,519105,1338.73
INE254N01026,519126,6978.91
INE289A01011,519136,553.03
INE693D01018,519152,854.04
INE694D01016,519156,5166.61
INE709D01012,519174,5.77
INE982B01027,519183,3081.67
INE601N01010,519191,4.71
INE188E01017,519214,3.39
INE601B01023,519216,172.72
INE210A01017,519224,23.13
INE102C01020,519230,8.6
INE843L01012,519234,41.63
INE233P01017,519238,102.75
INE995U01011,519242,127.73
INE890C01046,519260,36.07
INE297D01018,519262,8.1
INE110C01015,519279,2.48
INE906C01016,519285,8.05
INE617B01011,519287,153.35
INE921D01013,519295,199.34
INE543F01028,519299,194.6
INE706A01022,519307,16.56
INE923K01014,519331,54.7
INE856E01019,519353,5.51
INE809E01018,519359,33.11
INE213P01027,519367,6.16
INE087B01017,519383,122.39
INE220Z01013,519397,623.51
INE673U01014,519413,28.1
INE873N01015,519415,26.52
INE953E01022,519421,560.0
INE062E01014,519439,10.23
INE295C01014,519457,71.46
INE678B01039,519463,40.66
INE072V01017,519471,112.13
INE975C01011,519475,40.89
INE052V01019,519477,2842.67
INE112B01013,519479,7.15
INE358D01018,519483,15.4
INE542C01019,519494,37.12
INE356C01022,519500,13.24
INE630N01019,519506,20.15
INE369C01017,519528,107.1
INE822B01017,519532,21.45
INE978A01027,519552,3728.08
INE354D01017,519566,82.3
INE092301014,519574,16.41
INE421D01022,519600,14083.19
INE164B01030,519602,655.01
INE565E01016,519604,13.23
INE177M01021,519606,248.26
INE734D01010,519612,21.84
INE209B01025,520008,1647.09
INE090B01011,520021,433.43
INE577A01027,520043,491.94
INE039C01032,520051,5281.8
INE105A01035,520056,24047.35
INE643A01035,520057,3212.71
INE672B01032,520059,1041.0
INE571B01036,520066,1420.24
INE704B01017,520073,1816.72
INE706B01012,520075,108.96
INE315F01013,520081,8.47
INE075B01020,520086,693.33
INE703B01027,520111,18347.98
INE386A01023,520113,8217.88
INE900C01027,520119,677.73
INE276D01012,520121,6.86
INE125D01011,520123,33.59
INE654B01014,520127,28.16
INE229E01019,520131,9.04
INE441C01014,520141,12.82
INE757B01015,520151,351.32
INE580C01019,520155,56.67
INE02Z901011,521003,7.67
INE807M01031,521005,83.84
INE022C01012,521014,11.55
INE483B01026,521016,8793.61
INE882A01013,521018,240.75
INE314C01013,521034,255.61
INE695C01015,521036,79.81
INE900E01015,521048,16.65
INE092E01011,521054,4.61
INE814L01013,521062,12.87
INE064C01022,521064,11313.02
INE689E01014,521068,20.36
INE270A01029,521070,3505.46
INE604F01010,521080,9.25
INE484D01012,521097,101.08
INE482O01021,521105,13.88
INE123B01028,521109,65.97
INE691D01012,521113,331.67
INE363D01018,521131,20.81
INE165F01020,521133,26.39
INE958A01011,521137,37.31
INE122D01026,521141,23.77
INE419E01024,521149,21.66
INE953D01016,521151,45.51
INE456D01010,521161,11.33
INE206B01013,521163,182.87
INE485D01043,521167,667.68
INE306D01017,521178,44.15
INE662A01027,521180,41.8
INE923A01015,521194,454.56
INE713B01026,521200,105.33
INE931D01020,521206,9.83
INE117C01010,521210,16.67
INE220C01012,521216,55.16
INE497D01022,521220,60.58
INE602D01027,521222,14.05
INE980D01019,521226,19.75
INE083G01031,521228,31.39
INE124M01015,521232,34.23
INE443E01016,521234,11.35
INE893C01032,521238,1100.69
INE304D01012,521240,45.38
INE676G01024,521244,81.18
INE162C01024,521246,67.51
INE602G01020,521248,2320.19
INE608B01010,522001,63.37
INE177C01022,522004,389.05
INE759F01012,522005,57.99
INE961D01019,522014,486.87
INE459C01016,522017,355.11
INE279D01016,522027,59.25
INE052A01021,522029,3039.64
INE631A01022,522034,4390.06
INE338P01014,522036,23.13
INE634A01018,522064,1933.29
INE127B01011,522073,1116.5
INE285A01027,522074,18543.93
INE890G01047,522091,243.49
INE338F01015,522101,2937.5
INE372E01025,522105,384.48
INE384C01016,522108,1529.49
INE325A01013,522113,23327.21
INE285C01015,522122,621.99
INE133D01023,522134,577.43
INE281H01013,522150,14.91
INE410A01013,522152,40.88
INE989C01038,522163,20720.17
INE867D01018,522165,105.63
INE478D01014,522183,116.32
INE572D01014,522195,1673.97
INE074A01025,522205,5569.54
INE682D01011,522207,35.0
INE429B01011,522209,10.56
INE461D01028,522215,3069.2
INE826C01016,522217,421.4
INE692C01020,522229,831.44
INE714D01020,522231,53.9
INE097E01028,522235,83.28
INE092H01014,522237,9.93
INE227C01017,522241,2743.12
INE040D01038,522249,3098.82
INE627F01011,522251,78.8
INE535F01024,522257,945.91
INE920A01037,522261,2513.89
INE466D01019,522267,19.65
INE868C01018,522273,239.06
INE200A01026,522275,109331.87
INE207E01023,522281,5758.7
INE854B01010,522285,8837.06
INE220B01022,522287,23180.67
INE169F01014,522289,11.4
INE713D01055,522292,169.61
INE811B01010,522294,105.69
INE663B01015,522295,985.08
INE142E01022,522650,439.96
INE030C01015,523007,65.72
INE080A01014,523011,108.49
INE710D01028,523019,69.51
INE989D01010,523021,33.19
INE985A01022,523023,396.55
INE429E01023,523025,6766.77
INE626H01019,523054,114.8
INE584C01011,523062,14.38
INE124B01018,523100,204.75
INE293E01031,523105,214.2
INE425D01015,523113,5.72
INE391G01012,523116,121.5
INE628D01014,523120,97.35
INE276C01014,523127,1808.59
INE442D01010,523144,33.24
INE599F01020,523160,1094.69
INE00FM01013,523186,43.4
INE421A01028,523204,89.36
INE760A01029,523207,762.21
INE173J01018,523222,23.74
INE415D01024,523229,1286.14
INE369D01023,523232,57.92
INE006F01018,523242,4.86
INE082B01018,523248,172.17
INE844A01013,523260,28.8
INE398A01010,523261,2262.85
INE199C01026,523269,433.91
INE395B01048,523277,74.59
INE712B01010,523283,169.01
INE763B01013,523289,179.91
INE822C01015,523301,3593.27
INE241V01018,523309,105.45
INE898O01010,523315,0.3
INE164A01016,523319,2728.37
INE177F01017,523323,6567.0
INE668G01021,523329,758.08
INE809F01015,523343,
INE888N01013,523351,7.02
INE499A01024,523367,14098.74
INE843D01027,523369,328.57
INE636A01039,523371,545.48
INE281E01028,523373,94.98
INE843B01013,523384,147.26
INE310A01015,523385,2801.03
INE982C01033,523387,33.18
INE308A01027,523391,540.08
INE470A01017,523395,34634.18
INE782A01015,523398,5356.2
INE780C01023,523405,11804.66
INE833A01016,523411,1031.07
INE141D01018,523419,53.08
INE459D01014,523425,6.63
INE046A01015,523445,1004.91
INE473A01011,523457,53207.55
INE969D01012,523465,54.0
INE250C01027,523467,29.0
INE026D01011,523475,697.53
INE883C01025,523483,93.05
INE889F01017,523489,27.34
INE951C01012,523519,10.58
INE170D01025,523537,124.24
INE372C01037,523539,9158.68
INE951B01014,523550,47.62
INE010C01025,523558,330.12
INE199D01016,523566,22.17
INE623B01027,523574,22.29
INE826B01026,523586,241.5
INE638D01021,523594,18.94
INE109A01011,523598,12443.82
INE438E01032,523606,2146.91
INE248A01017,523610,23195.81
INE506A01018,523618,2507.26
INE486I01016,523620,63.08
INE870D01012,523630,3138.72
INE558A01019,523638,182.85
INE603J01030,523642,34060.72
INE083C01022,523648,507.18
INE823D01011,523650,64.12
INE054C01015,523660,188.12
INE954B01018,523672,62.79
INE798D01015,523676,213.69
INE116A01032,523694,3077.52
INE842B01015,523696,77.38
INE759A01021,523704,4824.9
INE158B01016,523708,1304.17
INE318C01014,523710,534.3
INE365D01021,523716,3832.01
INE119B01018,523722,13.26
INE866A01016,523732,155.56
INE477B01010,523736,981.74
INE502D01011,523752,19.89
INE215D01010,523754,265.81
INE844D01017,523782,12.3
INE344E01016,523790,12.22
INE885E01042,523792,584.53
INE048C01025,523796,981.27
INE959D01013,523826,16.21
INE071D01033,523828,1617.03
INE862C01029,523832,16.56
INE610B01024,523836,21.45
INE059B01024,523838,1963.54
INE965C01038,523840,31.77
INE460D01038,523842,86.81
INE537B01011,523844,58.89
INE767C01012,523850,708.79
INE926B01016,523862,1818.17
INE191C01023,523874,140.18
INE317D01014,523888,562.04
INE891A01022,523890,9.21
INE511C01022,524000,38125.65
INE473D01015,524019,8924.19
INE637N01014,524031,2.95
INE809A01032,524037,428.75
INE204D01022,524038,20.9
INE704F01018,524046,0.0
INE633B01018,524051,3222.75
INE181D01014,524055,12.24
INE155C01010,524075,485.74
INE681F01018,524080,27.88
INE482D01024,524091,2971.4
INE900B01029,524109,2665.45
INE250B01029,524129,395.9
INE417E01010,524136,125.49
INE034F01010,524156,35.89
INE485C01029,524164,6147.93
INE133C01033,524174,111.27
INE410B01037,524200,12531.62
INE058I01013,524202,132.69
INE757D01011,524204,64.54
INE769A01020,524208,16859.54
INE702E01015,524210,20.7
INE107F01022,524212,695.84
INE486D01017,524218,227.47
INE036B01030,524226,7265.34
INE027A01015,524230,5894.79
INE659F01022,524238,134.48
INE082A01010,524280,1364.0
INE008B01013,524288,42.3
INE499G01013,524314,27.39
INE323K01017,524322,44.36
INE573R01012,524324,35.18
INE785A01026,524330,631.05
INE412G01024,524332,924.16
INE065E01017,524336,203.87
INE803D01021,524342,1512.4
INE767A01016,524348,3852.05
INE338D01028,524370,2418.13
INE191A01027,524372,5937.92
INE579C01029,524394,2609.13
INE829A01014,524396,48.24
INE806D01016,524400,22.79
INE750C01026,524404,14736.89
INE113E01015,524408,83.96
INE198H01019,524412,292.19
INE744C01029,524414,16.3
INE810M01019,524434,22.84
INE198C01010,524440,58.29
INE313M01030,524444,377.34
INE319N01019,524458,7.33
INE312C01025,524470,2253.18
INE249D01019,524480,673.81
INE038B01010,524488,46.97
INE571A01038,524494,49218.77
INE729D01010,524500,755.34
INE548H01015,524502,162.34
INE683E01017,524506,195.99
INE276N01011,524514,19.45
INE711D01018,524516,39.15
INE268B01013,524518,149.63
INE879K01018,524520,2804.25
INE919B01011,524522,23.43
INE972C01018,524534,54.81
INE450E01029,524542,473.66
INE465H01012,524548,34.62
INE794A01010,524558,27579.51
INE052E01015,524564,62.24
INE371C01013,524570,272.68
INE117D01018,524572,106.33
INE737C01023,524576,17.12
INE686C01014,524580,5.96
INE314D01011,524582,115.79
INE263B01022,524592,219.22
INE994D01010,524594,49.5
INE542B01011,524598,298.75
INE875N01036,524602,36.47
INE415H01017,524606,12.83
INE056E01024,524614,69.76
INE532B01020,524622,314.71
INE076D01016,524624,8.51
INE750B01010,524628,9.65
INE551C01044,524632,2718.58
INE058F01019,524634,493.2
INE102E01018,524636,177.52
INE078I01011,524640,126.86
INE760F01028,524648,989.73
INE936B01015,524654,168.97
INE331C01025,524661,25.95
INE994B01014,524663,35.32
INE035D01020,524667,4999.43
INE782E01017,524669,1820.98
INE645C01010,524675,33.97
INE473E01021,524687,99.06
INE751D01014,524703,35.29
INE295D01020,524709,3061.56
INE427C01021,524711,38.22
INE044A01036,524715,434269.4
INE150C01029,524717,1617.62
INE491D01017,524723,576.26
INE004E01016,524727,16.67
INE354A01013,524731,408.41
INE475B01022,524735,2689.81
INE475E01026,524742,20008.94
INE771F01041,524743,2192.63
INE302F01011,524748,11.65
INE643N01012,524752,6.06
INE634B01016,524768,11.49
INE887E01022,524774,1807.38
INE334C01029,524790,213.44
INE406A01037,524804,96375.8
INE037C01010,524808,7.33
INE987B01026,524816,16120.1
INE457C01010,524818,36.69
INE305C01029,524820,2945.74
INE083D01012,524824,168.12
INE278D01018,524828,277.62
INE593O01017,526001,12.9
INE064L01015,526025,160.2
INE144D01012,526027,236.62
INE809B01014,526043,26.34
INE395F01023,526071,535.48
INE020S01012,526073,307.82
INE092O01028,526075,30.06
INE895E01017,526081,278.83
INE427E01027,526095,62.45
INE602H01010,526113,10.1
INE327D01013,526115,5.85
INE011D01013,526117,82.91
INE00HZ01011,526125,2248.78
INE881B01054,526133,6.68
INE278C01010,526137,89.49
INE773D01018,526139,15.78
INE343A01016,526143,7.43
INE926C01022,526159,373.29
INE175C01018,526161,37.54
INE678F01014,526169,213.21
INE449C01025,526173,1221.4
INE983C01015,526179,355.3
INE293C01019,526187,6.47
INE618A01011,526193,46.65
INE170U01011,526211,267.35
INE120D01012,526217,584.15
INE816B01035,526227,4727.0
INE307D01015,526231,183.61
INE902C01015,526237,42.83
INE762C01021,526241,176.34
INE863B01029,526247,3654.42
INE033E01015,526251,17.08
INE835B01035,526263,586.76
INE293N01016,526269,41.66
INE356A01018,526299,43058.12
INE410G01010,526315,69.82
INE609C01024,526325,76.09
INE875S01019,526331,56.67
INE115F01017,526335,53.85
INE744D01019,526345,37.37
INE218T01010,526349,0.34
INE138B01018,526355,30.05
INE967A01012,526365,79.64
INE460C01014,526367,5826.26
INE584A01023,526371,65938.63
INE908C01012,526373,16.61
INE529D01014,526381,85.37
INE137C01018,526397,165.07
INE299D01022,526407,222.11
INE301C01028,526409,61.71
INE870B01024,526415,113.96
INE479D01038,526423,317.34
INE662D01013,526431,9.86
INE867C01010,526433,9632.52
INE759I01024,526435,53.11
INE267C01013,526439,4.85
INE515B01025,526441,6.89
INE072B01027,526443,159.27
INE007C01021,526445,75.17
INE940E01011,526468,10.96
INE391C01011,526471,52.13
INE152E01013,526473,9.6
INE765B01018,526479,74.75
INE245B01011,526481,46.76
INE432N01010,526488,32.91
INE206C01029,526490,24.28
INE582D01013,526492,109.51
INE818D01011,526494,10.94
INE398F01019,526500,7.55
INE356B01024,526506,1024.04
INE825D01016,526508,16.81
INE840D01015,526519,165.86
INE550D01010,526525,6.24
INE670C01026,526530,804.1
INE716K01020,526532,15.89
INE967B01028,526544,57.61
INE493D01013,526546,126.21
INE652F01027,526550,211.2
INE159C01012,526554,21.03
INE519N01022,526570,4903.49
INE439G01019,526574,7.16
INE413G01022,526582,534.24
INE813B01016,526588,6.6
INE557B01019,526596,369.51
INE845B01018,526604,149.87
INE822G01016,526608,947.94
INE233B01017,526612,10687.3
INE561D01025,526614,208.36
INE233D01013,526616,35.61
INE244C01020,526622,15.49
INE863E01015,526628,24.92
INE594V01028,526638,90.58
INE008C01011,526640,51.78
INE771A01026,526642,381.44
INE305A01023,526650,6430.75
INE403F01017,526654,130.86
INE610C01014,526662,9.96
INE828A01016,526666,1322.94
INE967C01018,526668,698.97
INE008N01018,526675,13.07
INE055C01020,526677,29.12
INE423D01010,526703,223.51
INE095B01010,526705,50.98
INE839A01021,526709,73.84
INE627D01016,526711,25.4
INE136C01044,526717,366.41
INE653C01022,526721,378.89
INE920C01017,526723,184.83
INE583B01015,526725,751.61
INE797D01017,526727,65.16
INE025B01025,526729,4678.56
INE630D01010,526731,136.78
INE869A01010,526739,265.3
INE078D01012,526747,235.31
INE915E01013,526751,6.21
INE548D01014,526755,22.12
INE931B01016,526761,16.31
INE760B01019,526775,1971.7
INE934C01018,526783,2503.98
INE007G01014,526795,4.71
INE461C01038,526797,3794.52
INE497B01018,526807,4055.8
INE753B01014,526813,5.48
INE974B01016,526817,680.7
INE928C01010,526821,231.17
INE882D01025,526827,310.26
INE552D01024,526829,2858.27
INE413C01013,526839,5.31
INE794C01016,526841,25.54
INE338C01012,526847,28.74
INE655B01011,526849,78.31
INE480H01011,526851,46.06
INE986A01012,526853,227.68
INE973B01026,526859,7.03
INE988D01012,526861,145.24
INE966C01010,526865,4.4
INE795E01019,526869,12.01
INE017E01018,526871,27.0
INE184D01026,526873,455.09
INE797C01019,526877,9.47
INE111B01023,526881,3694.58
INE453D01025,526885,731.67
INE147D01015,526887,4.31
INE944C01017,526891,7.9
INE552B01010,526899,66.99
INE344I01017,526901,29.52
INE743D01011,526905,4.68
INE253B01015,526921,39.69
INE400G01011,526931,60.43
INE377D01026,526935,387.61
INE116E01018,526941,2.67
INE945B01016,526945,26.06
INE059D01020,526947,1731.05
INE239C01020,526951,5413.38
INE411B01019,526953,2385.21
INE374J01020,526959,9.21
INE404B01022,526961,191.05
INE372D01019,526965,44.47
INE025D01013,526967,3.71
INE313G01016,526971,154.54
INE318P01016,526977,12.12
INE402H01015,526981,156.38
INE550C01020,526987,454.52
INE348A01023,527001,4680.3
INE847D01010,527005,69.37
INE186A01019,530001,4437.43
INE383A01012,530005,9151.26
INE573A01042,530007,9811.93
INE173A01025,530017,102.6
INE700A01033,530019,15938.47
INE924D01017,530023,478.9
INE607G01011,530025,17.31
INE563D01013,530027,7.17
INE618F01010,530037,29.53
INE326C01017,530043,92.7
INE090D01017,530045,96.24
INE055E01034,530053,45.0
INE984E01035,530057,6.8
INE095C01018,530063,6.99
INE689J01013,530065,10.81
INE718F01018,530067,472.51
INE989A01032,530073,3714.98
INE818A01017,530075,3906.36
INE795D01011,530077,125.03
INE963C01033,530079,1066.69
INE069B01023,530109,30.93
INE639C01013,530111,15.37
INE959A01019,530117,13946.75
INE444D01016,530119,14.35
INE103E01016,530125,71.94
INE446D01011,530127,14.26
INE445D01013,530129,374.04
INE924B01011,530133,27.36
INE350C01017,530135,7198.91
INE302C01018,530139,171.87
INE487G01018,530141,16.05
INE017C01012,530145,258.04
INE817B01025,530163,190.96
INE153K01018,530167,17.87
INE388C01017,530169,36.46
INE108C01019,530171,15.24
INE213B01019,530175,62.88
INE758B01013,530177,14.41
INE015F01019,530179,59.8
INE936A01025,530185,100.82
INE354E01031,530187,8.26
INE365H01014,530197,343.81
INE083B01024,530199,1050.86
INE629F01025,530201,10.61
INE899B01015,530207,7.38
INE501D01013,530213,55.26
INE050N01010,530215,173.99
INE295B01016,530217,31.12
INE536C01029,530219,299.7
INE690D01014,530231,20.78
INE292C01011,530233,151.95
INE533C01018,530235,28.95
INE495B01038,530239,8717.06
INE032E01017,530245,771.56
INE958C01025,530249,30.87
INE001O01029,530251,7.02
INE497E01020,530253,38.81
INE961B01013,530255,34.1
INE003B01014,530259,25.71
INE062C01042,530263,18.32
INE584B01013,530265,42.2
INE021N01011,530267,21.39
INE652D01014,530271,7.47
INE373C01019,530281,13.04
INE102F01015,530289,32.75
INE791C01012,530291,30.52
INE418K01015,530295,10.4
INE823A01017,530299,383.02
INE546C01010,530305,5726.06
INE419D01026,530307,1404.25
INE368D01025,530309,28.46
INE285U01025,530313,146.67
INE428D01019,530315,114.5
INE362C01012,530317,119.55
INE001E01012,530331,130.54
INE596B01017,530341,87.83
INE955D01029,530343,8518.79
INE276G01015,530355,2266.46
INE883D01023,530357,13.85
INE428P01013,530361,35.4
INE071E01023,530363,624.94
INE607D01018,530365,590.17
INE349A01021,530367,5269.2
INE380C01014,530369,16.41
INE937C01029,530377,261.54
INE921B01025,530393,110.25
INE526H01011,530401,22.26
INE356F01017,530405,23.98
INE932F01015,530407,23.36
INE886B01012,530419,34.65
INE430F01010,530421,9.0
INE865B01016,530427,116.9
INE831C01016,530429,9.51
INE960E01019,530433,37.97
INE140C01012,530439,4.39
INE293D01017,530443,6.29
INE764B01029,530445,9.65
INE347C01013,530449,99.39
INE959B01017,530457,143.13
INE808A01018,530459,32.18
INE440C01016,530461,48.73
INE015C01016,530475,1693.21
INE337E01010,530477,1272.82
INE473C01025,530495,159.73
INE701G01012,530499,1113.85
INE131B01039,530517,7113.42
INE467D01017,530521,484.64
INE786J01033,530525,32.6
INE390D01011,530533,79.8
INE948I01015,530537,17.0
INE949B01018,530545,74.46
INE395E01018,530547,4.5
INE790G01031,530549,20803.06
INE074B01023,530555,1848.58
INE132F01038,530557,113.03
INE149B01015,530565,4.82
INE335G01019,530571,7.15
INE519D01015,530577,53.42
INE152C01025,530579,436.98
INE906L01025,530581,3.9
INE691C01022,530585,293.44
INE573B01016,530589,151.58
INE381G01013,530595,14.48
INE582C01015,530601,92.76
INE194E01015,530615,156.7
INE375C01022,530617,55.68
INE864E01021,530621,92.19
INE834D01018,530627,494.94
INE316A01038,530643,757.78
INE127I01024,530655,4979.29
INE912B01032,530663,5.4
INE812B01026,530665,16.93
INE035401020,530669,7.91
INE057Q01018,530675,20.31
INE822E01011,530677,118.65
INE624M01014,530689,95.5
INE233C01023,530695,43.92
INE546F01013,530697,18.29
INE533D01032,530699,1127.74
INE161F01011,530705,68.58
INE225G01012,530709,70.51
INE144C01014,530711,41.54
INE041B01014,530723,89.06
INE897A01011,530735,9.28
INE812S01012,530741,247.02
INE366C01021,530745,541.42
INE807A01010,530747,26.0
INE715D01019,530755,4.65
INE0OUS01011,530757,58.58
INE334A01023,530759,817.2
INE510B01018,530765,6.98
INE118C01018,530779,20.89
INE055O01033,530787,32.84
INE358C01010,530789,52.65
INE584D01019,530795,5.93
INE400N01017,530797,10.5
INE336D01014,530799,8.9
INE354C01027,530803,1671.57
INE125F01032,530805,11.93
INE355C01016,530809,11.28
INE001B01026,530813,8593.67
INE838C01011,530821,17.03
INE789B01018,530825,29.11
INE830A01012,530829,18.07
INE011B01017,530839,14.82
INE509F01029,530843,42074.43
INE199E01014,530845,932.52
INE963A01011,530853,26.35
INE545E01018,530855,34.07
INE995D01025,530871,239.31
INE345H01024,530879,814.96
INE485K01022,530881,75.3
INE366G01022,530883,53.73
INE061B01038,530889,14.72
INE825C01018,530897,36.82
INE784M01016,530899,15.03
INE417F01017,530907,14.71
INE308B01017,530909,28.51
INE474H01014,530917,4.52
INE474C01023,530919,392.91
INE038N01015,530921,5.28
INE609D01014,530925,24.05
INE737G01016,530927,1034.18
INE457D01018,530931,7.62
INE416A01051,530943,394.04
INE357B01022,530951,36.81
INE224D01012,530953,22.23
INE012E01035,530959,40.55
INE806A01020,530961,180.41
INE242A01010,530965,186400.35
INE042C01010,530973,30.42
INE260E01014,530977,172.5
INE274E01015,530979,45.04
INE443C01010,530991,36.89
INE075H01019,530993,12.3
INE333E01019,530997,50.59
INE050E01027,530999,6647.71
INE595G01018,531003,26.33
INE154G01022,531015,16.8
INE190D01015,531017,10.66
INE309H01038,531025,16.93
INE267E01019,531027,9.5
INE101E01010,531033,14.09
INE432F01032,531035,363.66
INE0P4R01017,531039,3.22
INE823B01015,531041,225.93
INE239F01015,531043,9.24
INE741D01015,531049,34.56
INE153C01015,531051,4.84
INE080G01029,531067,29.4
INE362D01010,531069,199.55
INE997I01012,531080,100.8
INE914E01040,531082,205.27
INE876E01033,531083,4.63
INE858C01027,531091,11.72
INE239D01028,531092,729.79
INE396H01019,531099,17.43
INE561M01018,531109,127.07
INE538G01018,531111,41.82
INE011E01029,531112,5929.99
INE418D01010,531119,88.0
INE244B01030,531120,2573.62
INE237C01016,531126,62.68
INE148B01033,531127,163.27
INE635D01027,531129,22.19
INE503D01027,531137,9.64
INE158F01017,531144,49.51
INE646B01010,531146,427.64
INE062D01024,531147,1434.89
INE650C01036,531153,49.83
INE601F01016,531155,6.33
INE883B01027,531156,40.42
INE412E01011,531157,19.49
INE660B01011,531158,10.65
INE850B01026,531161,337.74
INE548C01032,531162,16349.15
INE971L01029,531163,53.15
INE771E01010,531168,44.04
INE709B01016,531169,64.27
INE121D01036,531173,186.58
INE186C01023,531176,51.46
INE930A01010,531178,12.34
INE109C01017,531179,1857.47
INE355H01015,531190,80.54
INE589N01017,531191,457.13
INE580D01017,531199,43.09
INE024F01011,531201,4608.11
INE819G01012,531203,14.15
INE179O01031,531205,39.65
INE096B01018,531209,1709.17
INE923C01011,531210,18.52
INE606C01012,531212,25.18
INE522D01027,531213,28950.34
INE005C01017,531215,104.66
INE819A01049,531216,198.68
INE861E01019,531219,3.59
INE262W01012,531221,9.06
INE364D01032,531223,40.61
INE547B01028,531225,383.59
INE907E01010,531227,24.01
INE821D01031,531228,15.91
INE822D01021,531233,41.03
INE962E01015,531234,112.77
INE494D01011,531235,12.04
INE972E01014,531237,55.9
INE802B01027,531241,518.8
INE723N01012,531246,17.6
INE342D01012,531253,261.99
INE031G01022,531254,108.27
INE015E01012,531255,23.25
INE530D01012,531257,8.0
INE328F01016,531259,29.81
INE060N01019,531262,10.46
INE764D01017,531266,3755.86
INE151B01011,531268,39.34
INE526C01012,531272,6.82
INE986B01044,531273,74.1
INE674M01019,531274,17.19
INE785D01012,531278,56.96
INE238C01022,531279,414.47
INE698B01011,531280,70.16
INE807H01023,531281,425.71
INE897D01015,531283,4.16
INE586D01014,531286,9.68
INE896D01017,531287,129.47
INE531D01010,531288,5.61
INE643C01015,531289,283.03
INE885B01014,531297,38.41
INE319M01011,531301,40.81
INE960H01012,531304,8.91
INE590D01016,531306,151.44
INE951M01037,531307,185.46
INE325G01010,531310,136.83
INE366H01012,531314,5.95
INE368C01019,531319,20.95
INE293B01029,531322,20.73
INE250D01017,531323,7.63
INE475C01012,531324,21.09
INE128R01023,531328,29.8
INE186E01011,531334,6.76
INE768C01028,531335,15698.05
INE151H01018,531338,10.53
INE348I01018,531340,28.96
INE373D01017,531341,10.55
INE111A01025,531344,33937.7
INE500D01015,531346,15.48
INE922B01023,531349,2192.16
INE328D01011,531352,7.64
INE763M01028,531357,705.75
INE102B01014,531358,16031.0
INE777G01012,531359,440.86
INE427D01011,531360,13.76
INE005E01013,531364,304.59
INE960B01015,531370,4.4
INE319B01014,531373,148.47
INE405H01018,531380,37.21
INE413D01011,531381,974.04
INE671D01014,531387,8.78
INE890B01014,531390,134.97
INE448D01025,531395,20.19
INE905B01010,531396,2.97
INE262C01014,531397,12.87
INE679C01027,531398,69.13
INE493B01017,531399,209.09
INE326B01035,531400,370.96
INE281M01013,531402,22.45
INE234J01018,531406,18.51
INE560D01027,531411,132.79
INE576N01014,531412,192.84
INE516D01011,531413,12.41
INE603F01012,531416,23.34
INE804B01023,531417,47.0
INE644K01016,531420,3.55
INE107A01015,531426,1024.32
INE908D01010,531431,5605.35
INE07P301011,531432,6.5
INE271D01013,531433,5.24
INE474D01013,531436,16.61
INE523I01016,531437,22.4
INE805A01014,531439,229.95
INE100F01019,531441,9.51
INE192H01020,531449,1614.37
INE954E01012,531453,31.87
INE323D01020,531454,47.67
INE952C01028,531456,6.37
INE109B01019,531458,7.08
INE545B01022,531460,10.14
INE317B01042,531465,5.94
INE397G01019,531471,87.95
INE183D01010,531472,38.55
INE600B01033,531486,7.58
INE084D01010,531489,75.68
INE268H01044,531494,95.38
INE472B01011,531495,41.52
INE378D01032,531497,28.71
INE343B01030,531500,1842.42
INE404L01039,531502,88.37
INE866D01010,531503,30.65
INE628F01019,531505,10.83
INE561E01015,531506,15.67
INE128A01029,531508,2302.73
INE623D01015,531509,17.27
INE681D01039,531512,15.51
INE735D01041,531515,12.55
INE767B01022,531518,13.38
INE971E01016,531521,15.33
INE849B01010,531525,245.16
INE562E01021,531529,71.67
INE658E01027,531530,3.75
INE473B01035,531531,24845.34
INE578B01015,531533,22.73
INE681K01026,531537,73.24
INE864D01015,531539,24.02
INE392G01028,531540,105.19
INE881A01015,531541,8.62
INE247D01039,531543,4582.89
INE355A01028,531548,2517.98
INE865D01012,531550,219.26
INE754B01012,531552,16.56
INE193D01019,531553,25.52
INE558D01021,531556,124.94
INE137E01014,531557,24.95
NA,531562,
INE860D01013,531569,202.81
INE863D01017,531572,15.95
INE192C01013,531574,10.39
INE580H01026,531578,8.1
INE508J01015,531582,15.5
INE483D01014,531583,17.68
INE455C01014,531585,7.72
INE802A01037,531591,59.69
INE861N01036,531592,59.25
INE507D01010,531594,9.09
INE180C01042,531595,24005.74
INE046M01036,531597,0.0
INE258B01022,531599,5463.09
INE832C01014,531600,35.31
INE792J01015,531608,22.0
INE902G01016,531609,92.75
INE832E01010,531610,0.0
INE100C01024,531613,14.73
INE695B01025,531624,49.43
INE628B01034,531626,27.43
INE173E01019,531628,45.5
INE405C01035,531633,1166.03
INE870J01019,531635,28.81
INE722B01019,531637,622.15
INE713C01016,531638,356.26
INE936N01010,531640,10.06
INE196A01026,531642,101428.92
INE546D01018,531644,13.2
INE654H01011,531651,24.21
INE528C01018,531652,293.16
INE454E01013,531658,125.77
INE863C01019,531661,8.37
INE139D01020,531663,81.59
INE117K01013,531667,38.95
INE661D01015,531668,4.39
INE214D01021,531671,62.14
INE067C01025,531673,93.76
INE554H01021,531676,395.66
INE799E01011,531680,19.32
INE673C01020,531681,5.15
INE776R01011,531685,15.31
INE621B01021,531688,87.98
INE593B01030,531692,2.77
INE230F01014,531694,144.69
INE489F01016,531696,0.0
INE843F01014,531716,1.99
INE632C01026,531717,1753.07
INE414D01027,531719,3047.87
INE224E01028,531723,103.85
INE316G01019,531726,135.47
INE650G01029,531727,364.29
INE429Q01019,531735,17.55
INE414C01045,531737,21.93
INE509C01026,531739,222.9
INE258Z01013,531743,53.14
INE548B01018,531744,31.88
INE505C01016,531746,143.93
INE703D01023,531752,28.43
INE131D01019,531758,12.84
INE126J01016,531761,2258.57
INE576D01015,531762,14.79
INE205C01021,531768,16606.56
INE600F01018,531769,3.36
INE311M01018,531771,626.62
INE059E01010,531778,13.66
INE630U01014,531779,10.57
INE229G01022,531780,29.78
INE469F01026,531784,20.44
INE951D01028,531795,1178.32
INE393D01015,531797,29.45
INE426H01014,531802,88.58
INE161E01014,531810,38.52
INE266C01023,531812,4.44
INE278O01015,531813,91.8
INE297J01023,531814,25.08
INE348D01019,531821,31.91
INE513E01024,531822,45.44
INE793H01017,531832,113.39
INE487B01019,531834,15.43
INE172B01017,531840,37.89
INE935D01013,531841,303.81
INE515C01023,531842,118.76
INE318D01020,531845,72.85
INE884X01011,531846,7.93
INE194D01017,531847,1079.1
INE457G01029,531859,832.2
INE024B01010,531861,65.65
INE842D01029,531862,115.81
INE929K01011,531867,2.99
INE433G01020,531869,46.0
INE370C01015,531870,21.0
INE283D01018,531878,8.21
INE763K01014,531885,2.69
INE687C01012,531888,125.35
INE882B01037,531889,466.38
INE060B01014,531892,25.18
INE248B01023,531893,16.02
INE778E01031,531900,42.22
INE755J01012,531902,20.03
INE587J01027,531909,7.13
INE312M01024,531910,1147.65
INE803L01016,531911,140.11
INE641H01018,531913,5.84
INE02XD01011,531918,78.08
INE204E01012,531921,576.17
INE956B01013,531923,126.12
INE545N01019,531925,4.05
INE595D01015,531928,6.65
INE214B01017,531929,3.18
INE074H01012,531930,23.23
INE531X01018,531931,40.89
INE185D01015,531944,6.31
INE669W01018,531946,8.93
INE316D01024,531950,22.87
INE811H01017,531952,63.52
INE997D01021,531959,96.05
INE914B01012,531962,18.99
INE786E01018,531968,23.49
INE167F01018,531971,138.11
INE558F01026,531977,102.09
INE540G01014,531978,861.76
INE227B01019,531979,56.61
INE547C01018,531982,43.37
INE132E01015,531989,4.76
INE735C01027,531991,6.26
INE706C01028,531994,92.54
INE839E01023,531996,61.75
INE164D01010,531997,121.23
INE146H01018,532001,25.11
INE653D01012,532005,41.58
INE981C01019,532007,28.03
INE147C01017,532011,420.11
INE995A01013,532015,106.96
INE176O01011,532016,220.85
INE938A01021,532019,65.92
INE185E01021,532022,158.35
INE056J01015,532024,8.99
INE325D01025,532029,4077.2
INE486F01012,532039,256.27
INE597C01021,532041,7.53
INE092D01013,532042,17.74
INE409B01013,532051,900.89
INE121B01014,532053,73.77
INE291D01011,532054,4821.5
INE398H01015,532056,124.12
INE516F01016,532057,99.71
INE994E01018,532067,1420.26
INE311N01016,532070,246.66
INE407E01029,532078,6.94
INE079N01019,532083,3.27
INE219M01021,532090,409.54
INE807D01030,532092,11.42
INE456B01014,532100,12.95
INE948G01019,532102,333.58
INE957E01031,532113,6.59
INE395A01016,532123,30.58
INE419H01019,532124,32.87
INE382B01012,532131,12.44
INE028A01039,532134,119846.32
INE440E01012,532138,0.0
INE154B01023,532140,49.24
INE666E01020,532141,366.38
INE411D01023,532143,1082.16
INE191B01025,532144,68758.35
INE731B01010,532145,18.02
INE084A01016,532149,58820.47
INE681B01017,532150,3105.42
INE560F01022,532154,23.1
INE129A01019,532155,112302.7
INE884A01027,532156,3427.53
INE088D01011,532159,49.49
INE944A01011,532160,83.68
INE789E01012,532162,6939.98
INE979A01025,532163,9519.0
INE501C01015,532167,9.81
INE737B01033,532172,76.15
INE214A01019,532173,407.71
INE090A01021,532174,937185.32
INE136B01020,532175,11581.12
INE510A01028,532178,17572.25
INE680A01011,532180,1060.56
INE131A01031,532181,15512.04
INE622E01023,532183,54.54
INE095A01012,532187,68564.37
INE353K01014,532189,5719.53
INE168A01041,532209,15422.06
INE491A01021,532210,22768.29
INE731A01020,532212,42.16
INE238A01034,532215,377987.84
INE550B01022,532216,40.68
INE027F01014,532217,21.54
INE683A01023,532218,12431.2
INE306C01019,532219,69.02
INE269A01021,532221,7122.79
INE665D01016,532230,123.38
INE139A01034,532234,61371.05
INE092B01025,532240,2784.81
INE023A01030,532256,2661.97
INE372A01015,532259,73899.02
INE920B01019,532262,108.51
INE793A01012,532268,1636.37
INE215B01022,532271,45.38
INE394C01023,532275,196.0
INE860A01027,532281,338122.67
INE389D01013,532284,25.16
INE007B01023,532285,2112.12
INE749A01030,532286,112107.68
INE791A01024,532290,88.5
INE935A01035,532296,65936.15
INE049B01025,532300,33902.61
INE934A01012,532303,3.0
INE602C01011,532304,21.17
INE915B01019,532305,3437.16
INE878A01011,532309,4564.07
INE879A01019,532310,577.92
INE813A01018,532313,7497.95
INE042B01012,532315,12.55
INE418B01048,532320,224.41
INE010B01027,532321,114239.13
INE555C01029,532323,394.71
INE039B01026,532324,78.11
INE781A01025,532326,194.11
INE310B01013,532329,730.58
INE031B01049,532331,44762.82
INE117B01020,532332,68.49
INE638B01025,532333,64.1
INE640B01021,532334,153.14
INE792B01012,532335,40.2
INE453B01029,532339,103.97
INE369B01019,532340,3.09
INE848A01014,532341,1285.91
INE494B01023,532343,191053.91
INE002B01016,532344,244.19
INE754A01055,532348,1088.04
INE688A01022,532349,6740.4
INE243B01016,532350,6.63
INE523B01011,532351,113.08
INE400B01020,532354,3.1
INE448B01029,532355,41.17
INE256C01024,532356,5098.1
INE374B01019,532357,119.84
INE309B01023,532359,12.83
INE099E01016,532362,219.22
INE417B01040,532365,1207.41
INE859A01011,532366,1291.39
INE425B01027,532368,1915.01
INE614A01028,532369,2627.83
INE246B01019,532370,2056.44
INE517B01013,532371,6807.06
INE539B01017,532372,147.31
INE434B01029,532373,124.06
INE089C01029,532374,49056.5
INE716B01029,532375,8228.52
INE398B01018,532376,169.0
INE464B01018,532378,4.95
INE683B01047,532379,14.03
INE893A01036,532380,79.22
INE794B01026,532382,1090.54
INE443B01012,532384,107.57
INE526B01014,532386,127.95
INE392B01011,532387,24.78
INE565A01014,532388,58482.26
INE586B01026,532390,1969.77
INE230B01021,532392,11.93
INE555B01013,532395,9800.78
INE971A01014,532397,10.13
INE240C01028,532398,11.46
INE836A01035,532400,7542.62
INE718B01017,532402,32.08
INE856B01023,532404,36.65
INE005B01027,532406,3990.62
INE935B01025,532407,3863.9
INE933B01012,532408,20345.26
INE330E01023,532410,77.92
INE747B01016,532416,24.48
INE178C01020,532419,212.52
INE102D01028,532424,86264.61
INE256D01014,532425,206.17
INE243D01012,532430,1899.01
INE854D01024,532432,97334.09
INE799C01049,532435,76.55
INE260D01016,532439,9006.31
INE943D01017,532440,4494.21
INE739E01017,532443,6576.84
INE541C01037,532444,3.78
INE397D01024,532454,1086471.23
INE655D01025,532455,91.24
INE070C01037,532456,9.78
INE255D01024,532457,1010.09
INE838E01017,532460,321.8
INE160A01022,532461,126307.45
INE881D01027,532466,90760.3
INE550F01049,532467,511.4
INE411F01010,532468,7251.99
INE095E01022,532470,2.53
INE266F01018,532475,504.62
INE692A01016,532477,128244.57
INE686F01025,532478,31416.62
INE781B01015,532481,67.03
INE101D01020,532482,20339.17
INE476A01022,532483,107487.22
INE525F01025,532485,1436.83
INE637C01025,532486,2167.18
INE361B01024,532488,246737.12
INE386C01029,532493,15416.22
INE944F01028,532497,57186.53
INE585B01010,532500,358418.93
INE296E01026,532503,679.57
INE048G01026,532504,41729.85
INE691A01018,532505,28815.91
INE116D01028,532507,88.47
INE220G01021,532508,60380.49
INE399C01030,532509,6604.5
INE236G01019,532513,739.58
INE203G01027,532514,20006.02
INE038F01029,532515,605.93
INE218G01033,532521,53.82
INE347G01014,532522,42975.0
INE376G01013,532523,60445.36
INE877F01012,532524,4583.69
INE457A01014,532525,61840.1
INE399G01023,532527,12660.82
INE365B01017,532528,4671.77
INE155G01029,532529,768.79
INE939A01011,532531,9981.84
INE481G01011,532538,318224.04
INE405E01023,532539,64387.53
INE467B01029,532540,752308.94
INE591G01025,532541,80852.36
INE586G01017,532543,318.4
INE348B01021,532548,14834.49
INE625G01013,532553,9978.25
INE733E01010,532555,307093.42
INE658G01014,532604,1425.81
INE927D01051,532605,12872.38
INE366A01041,532610,777.15
INE873D01024,532612,2323.28
INE450G01024,532613,184.68
INE692G01013,532616,671.76
INE796G01012,532624,1057.63
INE063E01061,532626,3334.5
INE351F01018,532627,10156.83
INE748C01038,532628,467.28
INE748A01024,532629,1646.17
INE887G01027,532630,5054.69
INE835G01018,532633,1153.39
INE530B01024,532636,24942.89
INE584F01014,532637,45.9
INE498B01024,532638,4449.0
INE278G01037,532640,37.68
INE875G01048,532641,370.46
INE824G01012,532642,12501.67
INE823G01014,532644,38256.84
INE052B01011,532645,3.68
INE528G01035,532648,64974.08
INE023H01027,532649,200.67
INE752G01015,532650,1853.43
INE978G01016,532651,85.03
INE614B01018,532652,12146.22
INE942G01012,532654,443.41
INE828G01013,532656,59.25
INE526G01021,532660,46.51
INE050H01012,532661,3716.5
INE501G01024,532662,519.78
INE231F01020,532663,2617.57
INE512B01022,532666,235.92
INE040H01021,532667,53555.3
INE132H01018,532668,3367.65
INE087H01022,532670,4535.81
INE157H01023,532673,255.48
INE186H01022,532674,181.42
INE160H01019,532676,8.65
INE212H01026,532683,35690.38
INE184H01027,532684,1190.52
INE202H01019,532686,2762.26
INE461B01014,532687,438.18
INE191H01014,532689,11942.1
INE855F01042,532694,178.79
INE185H01016,532695,40.28
INE229H01012,532698,3352.12
INE283H01019,532699,819.88
INE265F01028,532700,443.05
INE266H01014,532701,80.24
INE199G01027,532705,1337.7
INE256H01015,532707,275.29
INE251H01024,532708,394.8
INE226H01026,532710,116.67
INE330H01018,532712,237.84
INE190H01024,532713,238.29
INE389H01022,532714,9913.29
INE047B01011,532716,237.33
INE332H01014,532717,3558.55
INE350H01032,532719,1134.86
INE774D01024,532720,44500.02
INE286H01012,532721,522.66
INE858F01012,532722,2034.47
INE493H01014,532723,20.76
INE343H01029,532725,175145.31
INE297H01019,532726,12750.49
INE383H01017,532728,53.57
INE786F01031,532729,1056.43
INE353H01010,532730,23.14
INE401H01017,532732,2944.14
INE424H01027,532733,23572.17
INE177H01039,532734,14511.67
INE411H01032,532735,3130.07
INE296H01011,532737,791.01
INE388G01026,532738,121.21
INE397H01017,532740,872.52
INE390H01020,532741,1064.67
INE111F01024,532742,1596.17
INE302H01017,532744,10.1
INE367G01038,532748,23491.71
INE418H01029,532749,1520.25
INE776C01039,532754,98895.37
INE669C01036,532755,150846.48
INE536H01010,532756,14300.06
INE540H01012,532757,10513.05
INE285H01022,532759,290.87
INE596H01014,532761,52.51
INE731H01025,532762,14432.88
INE916G01016,532764,752.93
INE336H01023,532767,1040.96
INE737H01014,532768,4733.46
INE544H01014,532771,103.23
INE503A01015,532772,6425.86
INE792H01019,532773,182.49
INE020G01017,532774,336.27
INE221H01019,532775,1383.58
INE637H01024,532776,226.3
INE663F01032,532777,77590.01
INE813H01021,532779,62612.53
INE561H01026,532780,93.13
INE645H01027,532782,583.23
INE818H01020,532783,13834.56
INE671H01015,532784,12996.61
INE803H01014,532785,302.93
INE483C01032,532790,6469.22
INE966H01019,532794,471.91
INE965H01011,532795,42.73
INE872H01027,532796,13503.06
INE718H01014,532797,369.36
INE870H01013,532798,3925.93
INE703H01016,532799,2516.6
INE627H01017,532801,76.27
INE545H01011,532804,6561.73
INE891D01026,532805,31098.99
INE768E01024,532806,56.89
INE704H01022,532807,298.56
INE940H01022,532808,11683.44
INE684F01012,532809,17473.56
INE134E01011,532810,104943.24
INE758C01029,532811,3730.54
INE804H01012,532812,60.96
INE562A01011,532814,107750.38
INE812G01025,532815,4416.63
INE998H01012,532817,35.65
INE311H01018,532820,50.34
INE669E01016,532822,137053.94
INE702H01018,532825,9.87
INE952H01027,532826,55.7
INE761H01022,532827,40823.18
INE005I01014,532828,100.61
INE976H01018,532829,350.13
INE006I01046,532830,35972.26
INE069I01010,532832,7804.23
INE052I01032,532834,1750.58
INE725G01011,532835,4165.18
INE836F01026,532839,397.71
INE280H01015,532841,390.24
INE917H01012,532842,933.59
INE061F01013,532843,59332.16
INE797H01018,532845,27.65
INE788H01017,532847,86.52
INE124G01033,532848,1961.96
INE287C01037,532850,862.82
INE070I01018,532851,1650.72
INE228I01012,532853,438.13
INE928H01019,532855,73.13
INE508G01029,532856,8900.25
INE170I01016,532859,1706.83
INE189I01024,532864,1049.23
INE033B01011,532866,3.83
INE945H01021,532867,7358.39
INE271C01023,532868,164014.15
INE924H01018,532869,143.02
INE106I01010,532870,29.77
INE232I01014,532872,6303.83
INE191I01012,532873,69.2
INE102I01027,532875,603.61
INE385I01010,532878,126.22
INE800H01010,532880,1984.47
INE056I01025,532884,3725.07
INE483A01010,532885,27163.26
INE333I01044,532887,873.05
INE022I01019,532888,1424.86
INE930H01031,532889,36628.79
INE142I01023,532890,186.54
INE323I01011,532891,4830.74
INE338I01027,532892,59694.74
INE222F01029,532893,384.68
INE227G01018,532894,135.56
INE245I01016,532895,32.21
INE387I01016,532896,124.65
INE752E01010,532898,236839.88
INE455I01029,532899,3679.18
INE420C01059,532900,7303.14
INE429I01024,532902,603.13
INE550H01011,532904,647.26
INE215I01027,532906,598.35
INE369I01014,532907,499.7
INE272G01014,532911,27.45
INE621H01010,532915,7481.71
INE139I01011,532916,93.16
INE575I01016,532918,25.72
INE742F01042,532921,400416.57
INE532F01054,532922,13114.33
INE722H01024,532923,1753.43
INE094I01018,532924,3725.01
INE234I01028,532925,28.92
INE668F01031,532926,6721.86
INE738I01010,532927,16956.87
INE763I01026,532928,8422.65
INE791I01019,532929,18559.26
INE661I01014,532930,1729.71
INE817H01022,532931,21.84
INE015D01022,532932,382.06
INE386I01018,532933,97.62
INE095I01015,532934,338.26
INE298I01015,532935,616.41
INE529I01021,532937,670.36
INE614G01033,532939,8023.4
INE576I01022,532940,3470.02
INE792I01017,532941,416.15
INE634I01029,532942,3192.01
INE809I01019,532944,523.9
INE964H01014,532945,823.11
INE863I01016,532946,42.2
INE821I01022,532947,20532.6
INE871H01011,532951,27.28
INE049I01012,532952,408.61
INE951I01027,532953,12869.33
INE020B01018,532955,76126.51
INE642I01014,532957,37.51
INE615H01020,532966,10847.97
INE415I01015,532967,3544.49
INE865C01022,532974,632.9
INE778I01024,532975,52.91
INE091G01026,532976,5611.26
INE917I01010,532977,276723.34
INE918I01026,532978,277140.59
INE020J01029,532980,382.42
INE105J01010,532983,4857.1
INF174KA1JD7,532985,17.24
INE368I01016,532986,168.34
INE878I01022,532989,910.77
INE790D01020,532992,154.86
INE955I01044,532993,743.68
INE877I01016,532994,203.12
INE947I01017,532998,239.05
INE323J01019,533001,98.83
INE655I01032,533006,369.81
INE201J01017,533007,113.38
INE197J01017,533012,85.45
INE176J01011,533014,203.6
INE456H01029,533019,3.68
INE144J01027,533022,735.19
INE342J01019,533023,25518.61
INE773I01017,533029,87.16
INE858B01029,533033,6750.01
INE919H01018,533047,6335.02
INE065J01024,533048,54.81
INE359B01010,533056,53.19
INE893J01029,533080,2190.12
INE998I01010,533088,3944.38
INE688J01023,533090,152.36
INE294G01026,533093,63.48
INE083K01017,533095,6843.76
INE814H01029,533096,379812.06
INE848E01016,533098,72263.98
INE429K01012,533100,30.93
INE360J01011,533101,33.7
INE615I01010,533104,2478.05
INE274J01014,533106,71920.46
INE542F01020,533107,14212.85
INE274K01012,533108,229.12
INE318K01025,533110,4.77
INE201K01015,533121,1313.2
INE399K01017,533122,3619.45
INE947J01015,533137,1221.22
INE563J01010,533138,1579.41
INE250K01012,533146,1442.03
INE121E01018,533148,88923.91
INE143K01019,533149,7.72
INE484J01027,533150,48798.69
INE950I01011,533151,3074.89
INE912H01013,533152,362.11
INE797F01020,533155,29297.13
INE893I01013,533156,753.48
INE085J01014,533158,15125.6
INE879I01012,533160,4973.33
INE753K01015,533161,169.31
INE982F01036,533162,1651.51
INE141K01013,533164,158.03
INE108E01023,533166,50.7
INE312J01012,533167,181.39
INE847C01020,533168,188.29
INE949H01023,533169,5019.59
INE864J01012,533170,302.31
INE975G01012,533177,61.84
INE262H01021,533179,84490.9
INE566K01011,533181,161.32
INE790B01024,533192,305.23
INE134B01017,533193,798.96
INE639K01016,533202,47.54
INE747K01017,533203,24.08
INE002L01015,533206,22757.44
INE830C01026,533208,697.55
INE798K01010,533210,332.84
INE265D01015,533212,32.26
INE871K01015,533217,559.9
INE778K01012,533218,356.17
INE915K01010,533221,611.69
INE926K01017,533227,250.3
INE933K01021,533229,6517.13
INE696K01024,533239,61.95
INE517F01014,533248,8015.43
INE389K01018,533252,880.0
INE866K01023,533257,845.18
INE019J01013,533259,870.97
INE521J01018,533260,252.61
INE874I01013,533262,1893.6
INE999K01014,533263,1020.54
INE068L01024,533267,1879.76
INE351L01016,533268,3.49
INE956G01038,533269,12533.31
INE844K01012,533270,354.9
INE442H01029,533271,2965.84
INE209L01016,533272,9562.41
INE093I01010,533273,64539.4
INE811K01011,533274,64355.4
INE482J01021,533275,297.66
INE522F01014,533278,259759.0
INE024L01027,533282,10427.29
INE324L01013,533284,261.54
INE245L01028,533285,310.39
INE490G01020,533286,4725.94
INE565L01011,533287,207.13
INE096L01025,533289,63.37
INE619I01012,533292,255.81
INE146L01010,533293,32619.73
INE722J01012,533294,42.14
INE608A01012,533295,14886.54
INE360L01017,533296,49.85
INE272L01022,533298,119.08
INE268L01046,533301,105.62
INE029L01018,533302,2049.47
INE878K01010,533303,1616.51
INE519C01017,533306,1428.13
INE690J01011,533315,1461.16
INE577L01016,533316,1058.33
INE621L01012,533326,5146.84
INE611L01021,533329,149.06
INE045J01034,533333,6492.09
INE320L01011,533336,586.55
INE251B01027,533339,14203.58
INE597L01014,533343,100.36
INE560K01014,533344,1842.07
INF247L01AP3,533385,148.43
INE414G01012,533398,108424.59
INE672K01025,533407,599.82
INE932K01015,533427,44.79
INE725L01011,533451,42.03
INE726L01027,533452,167.27
INE573K01025,533470,468.29
INE130L01014,533477,701.02
INE524L01026,533482,17.34
INE878H01024,533506,90.3
INE498L01015,533519,66418.34
INE126M01010,533520,6868.34
INE040M01013,533540,24.16
INE650L01011,533543,162.52
INE895B01021,533552,1035.81
INE419M01035,533553,24759.08
INE901L01018,533573,16019.89
INE590L01019,533576,145.62
INE457L01029,533581,13811.66
INE050L01048,533602,23.0
INE023M01027,533605,8.17
INE123M01017,533608,282.99
INE440L01017,533629,18.69
INE912L01015,533632,155.04
INE060J01017,533638,9.95
INE899L01030,533644,2452.52
INE152M01016,533655,16854.98
INE337M01021,533676,456.64
INE122M01019,533704,354.96
INE702C01027,533758,58860.81
INE390G01014,533761,1503.11
INE258M01011,533896,73.3
INE480M01011,533941,440.04
INE482B01010,533982,263.06
INE793G01035,534060,136.01
INE241F01011,534063,48.02
INE123D01024,534064,119.67
INE743M01012,534076,7947.21
INE745G01043,534091,81673.89
INE883L01018,534109,11.23
INE839M01018,534139,30501.31
INE550L01013,534190,4.73
INE095N01031,534309,20992.5
INE472M01018,534312,12.71
INE750M01017,534328,852.7
INE393F01010,534338,16.23
INE760L01018,534369,4146.31
INE050M01012,534392,3707.52
INE204N01013,534422,10.15
INE247M01014,534425,721.36
INE142K01011,534532,12.97
INE958L01034,534535,891.75
INE834M01019,534597,3498.52
INE735M01018,534598,119.83
INE391J01032,534600,3389.15
INE436N01029,534612,26.16
INE553C01016,534615,195.42
INE299N01021,534618,8440.63
INE524N01014,534623,36.99
INE581M01016,534639,6.47
INE131N01018,534659,5.71
INE741L01018,534674,75.88
INE195N01013,534675,803.0
INE559N01010,534680,213.94
INE456N01019,534691,13.43
INE892L01019,534708,10.59
INE176N01039,534732,42.87
INE175N01023,534733,591.58
INE247C01023,534741,25.48
INE840M01016,534742,897.1
INE503B01021,534748,1431.13
INE234G01022,534755,15.42
INE198N01017,534796,197.41
INE752H01013,534804,4833.55
INE785M01021,534809,12488.07
INE121J01017,534816,99194.92
INE899M01020,534920,121.01
INE665J01013,534976,5940.7
INE149O01018,535136,1914.39
INE160O01031,535204,10.71
INE159O01033,535205,59.42
INE274M01026,535267,73.84
INF200K01VT2,535276,
INE583M01012,535279,12.04
INE612J01015,535322,2102.37
INE191O01010,535387,55.51
INE168O01026,535431,12.35
INE047O01014,535458,76.08
INE748D01010,535514,5.6
INE902D01013,535566,121.05
INE099F01013,535601,680.63
INE597I01028,535602,5342.07
INE160L01011,535620,86.22
INE159L01013,535621,239.51
INE807O01011,535647,11.72
INE599M01018,535648,5552.43
INE860E01011,535657,8.19
INE474O01010,535667,729.79
INE320I01017,535693,430.78
INE989J01017,535719,63.84
INE731G01027,535730,20.69
INE876N01018,535754,2382.31
INE647O01011,535755,5432.49
INE148I01020,535789,15390.45
INE340O01021,535910,6.12
INE030P01017,535916,220.24
INE200P01016,535917,3.74
INE418N01035,535958,177.28
INE890N01027,536073,13.58
INE906O01029,536264,272.88
INE690O01011,536493,135.38
INE452O01016,536507,22.2
INE314I01036,536565,190.89
INE428B01021,536659,32.31
INE962O01014,536672,10.45
INE138O01029,536709,19.37
INE326P01019,536710,17.5
INE218P01018,536737,81.46
INE325P01011,536738,12.36
INE147P01019,536773,958.69
INE156M01017,536846,36.4
INF247L01023,536960,
INE536P01021,536974,373.83
INF109K012R6,537007,
INF109KC16V9,537008,
INE185K01036,537069,42.18
INE671C01016,537253,69.94
INE140B01048,537254,751.47
INE442P01014,537259,806.49
INE448G01010,537291,265.58
INE449G01018,537292,52.79
INE212P01011,537326,102.86
INE392H01026,537392,1753.82
INF204K014N5,537483,
INE051G01012,537536,93.54
INE826P01018,537573,5.28
INE210P01015,537582,2.78
INE920P01019,537669,246.44
INE546I01025,537707,6.07
INF174K014P6,537708,
INE101H01013,537709,6.97
INE555P01013,537750,488.39
INE905P01028,537766,11.8
INE576P01019,537784,8.13
INE084Q01012,537785,195.52
INE717C01025,537800,75.53
INE159N01027,537820,334.82
INE977M01024,537839,141.13
INE463B01036,537985,16.09
INF457M01133,538057,
INE493N01012,538081,7.37
INE574G01013,538092,81.78
INE012Q01039,538119,242.93
INE909D01026,538212,7.75
INE066O01014,538268,3135.81
INE401B01010,538273,16.61
INE191P01017,538319,6.74
INE663P01015,538351,5.89
INE452L01012,538365,153.57
INE266P01017,538382,20.76
INE792G01011,538395,44.75
INE318N01011,538401,133.84
INE508N01025,538422,10.47
INE296Q01012,538446,373.48
INE114O01020,538451,103.06
INE901C01017,538464,6.39
INE172D01021,538476,354.22
INE849M01017,538496,8.71
INE857P01021,538520,14.75
INE969E01010,538521,50.86
INE075K01013,538539,25.51
INE516P01015,538540,109.97
INE634J01027,538542,4.92
INE319Q01012,538546,222.07
INE510P01018,538556,69.9
INE439E01022,538562,6117.79
INE673E01018,538563,596.58
INE718P01017,538564,110.97
INE878P01019,538565,100.43
INE635Q01029,538567,5414.19
INE836C01015,538568,13.74
INE916P01025,538569,5.44
INE336Q01016,538576,32.46
INE641Q01019,538579,12.06
INE222B01028,538596,12.53
INE404F01031,538597,18.04
INE755Q01025,538598,430.35
INE457P01020,538607,40.45
INE868G01019,538609,16.1
INE099D01026,538610,24.29
INE840I01014,538611,44.42
INE406F01010,538634,45.89
INE734N01019,538635,573.45
INE837C01013,538646,27.74
INE729C01020,538647,24.7
INE691J01019,538652,1.2
INE221J01015,538666,6408.36
INE785O01019,538667,6.69
INE898Q01015,538668,1469.83
INE158C01014,538674,3.8
INF204KA1UN7,538683,
INE363M01019,538685,336.72
INE010R01023,538706,96.15
INE929D01016,538707,10.08
INE937K01014,538708,11.86
INE011R01013,538713,156.43
INE475D01010,538714,176.48
INE260R01016,538715,518.75
INE229R01011,538716,501.84
INE111Q01021,538730,4924.94
INE982Q01017,538731,4.38
INE761Q01015,538732,106.52
INE016Q01014,538734,1366.92
INE516E01019,538742,12.04
INE491C01027,538743,21.5
INE401Q01018,538765,1.4
INE176L01017,538770,8.33
INE480D01010,538772,538.88
INE131Q01011,538777,35.37
INE149Q01021,538778,34.08
INE473L01018,538786,225.82
INE997C01015,538787,18.81
INE918C01029,538788,17.14
INE155R01018,538794,7.57
INE185C01017,538795,274.11
INE322R01022,538812,26.34
INE513R01026,538817,119.38
INE891N01017,538833,47.61
INE242Q01016,538834,35.04
INE306R01017,538835,8587.22
INE950M01013,538836,1081.07
INE237B01018,538837,170.1
INE407P01017,538838,22.49
INE892C01018,538857,8.42
INE655P01029,538860,112.35
INE232L01018,538862,57.98
INE985Q01010,538863,7.75
INE183Q01020,538868,66.91
INE370Q01015,538874,17.23
INE243E01010,538881,8.85
INE030Q01015,538882,202.82
INE227F01010,538890,266.42
INE613C01026,538891,1429.08
INE513C01010,538894,8.58
INE779Q01017,538895,11.45
INE081G01019,538896,165.81
INE201F01015,538897,9.92
INE341R01014,538902,165.54
INE661Q01017,538918,25.26
INE498Q01014,538920,2621.41
INE865P01016,538921,40.58
INE029B01019,538922,16.13
INE499Q01012,538923,45.7
INE223R01022,538926,82.51
INE554R01020,538928,13.97
INE723C01015,538935,33.9
INE689O01013,538942,246.22
INE321M01017,538943,116.8
INE211D01027,538952,5.5
INE949P01018,538961,272.04
INE842C01021,538962,15970.51
INE947G01011,538964,89.76
INE858L01010,538965,99.73
INE945P01024,538970,160.03
INE397C01026,538975,15.16
INE544R01021,538979,5448.68
INE717E01013,538987,332.18
INE002E01010,538992,3882.83
INE147J01012,538993,4.99
INE246D01015,539005,7.81
INE596F01018,539006,32989.6
INE777O01016,539011,25.23
INE756R01013,539012,24.15
INE776O01018,539013,25.99
INE059Q01014,539014,9.21
INE396C01010,539016,12.49
INE526R01028,539017,32.3
INE213D01015,539018,863.39
INE820R01017,539026,3.29
INF200KA1572,539031,
INE184Q01010,539032,7.11
INE812Q01016,539040,45.44
INE369Q01017,539041,56.59
INE976R01033,539042,3246.81
INE824Q01011,539044,696.63
INE859Q01017,539045,220.52
INE830Q01018,539046,1349.99
INE172N01012,539056,2855.9
INE066P01011,539083,11907.56
INE751R01014,539090,9.41
INE187R01029,539091,60.22
INE904R01027,539097,15.28
INE541R01019,539098,71.04
INE291R01011,539099,2.75
INE736P01019,539110,18.38
INE193R01019,539111,7.64
INE137M01017,539112,295.68
INE291E01019,539113,152.64
INE273F01022,539115,177.25
INE118Q01018,539116,21.17
INE029H01016,539117,7.04
INE366I01010,539118,4991.83
INE780Q01015,539119,7.2
INE578R01011,539120,38.25
INE239L01013,539121,73.38
INE104F01029,539122,27.7
INE334E01017,539123,11.67
INE822Q01015,539124,13.5
INE776I01010,539126,12.66
INE761D01021,539132,213.17
INE527H01019,539141,219.2
INE945O01019,539143,58.03
INE788J01021,539148,618.28
INE682B01023,539149,13.88
INE195J01029,539150,3540.24
INE784R01023,539151,1468.73
INE347L01022,539167,141.49
INE738P01015,539174,22.55
INE230I01018,539176,29.43
INE206F01022,539177,45802.98
INE578L01014,539189,14.27
INE848N01017,539190,14.42
INE035S01028,539195,422.57
INE829P01020,539196,150.47
INE618R01015,539199,4166.54
INE203Q01026,539200,11.4
INE170E01023,539201,684.5
INE574D01010,539206,8.82
INE653S01028,539216,63.6
INE606K01049,539217,42.18
INE563C01015,539218,82.68
INE150D01027,539219,93.11
INE540S01019,539220,62.15
INE885H01029,539221,2643.1
INE451S01027,539222,50.09
INE345Q01017,539224,12.23
INE023S01024,539225,0.14
INE027T01023,539226,186.74
INE876S01017,539227,146.2
INE480S01026,539228,6.77
INE829R01018,539230,31.82
INE875R01011,539251,51.39
INE979R01011,539252,109.31
INE446E01019,539253,12.75
INE931S01010,539254,162102.61
INE541K01014,539255,129.98
INE990S01016,539265,54.38
INE579N01018,539267,26.75
INE398R01022,539268,14570.44
INE484S01010,539273,22.92
INE829S01016,539275,158.11
INE587G01015,539276,466.26
INE653R01012,539278,4.76
INE749B01020,539287,12.11
INE898S01029,539289,1712.9
INE143A01010,539290,498.21
INE671K01027,539300,1110.04
INE034S01021,539301,2719.43
INE211R01019,539302,7837.36
INE230R01035,539309,732.95
INE365S01045,539310,27.02
INF789FB1X58,539312,
INF789F1AZC0,539313,
INE203T01012,539314,60.82
INE918N01018,539331,262.26
INE278M01019,539332,1281.82
INE712K01011,539334,1589.24
INE844O01030,539336,21579.31
INE725P01012,539337,215.15
INE764L01010,539346,91.58
INE212Q01019,539352,0.0
INE724G01014,539353,91.62
INE914G01029,539354,30.88
INE583R01029,539359,267.42
INE019D01016,539383,6.17
INE636B01011,539391,73.55
INE926E01010,539393,7.58
INE060T01024,539398,58.9
INE344T01014,539399,325.12
INE389C01015,539400,583.53
INE473T01011,539401,140.3
INE256S01012,539402,3.6
INE836B01017,539404,2509.9
INE183R01010,539405,4.18
INE150R01019,539406,9.05
INE854S01022,539407,229.43
INE594R01018,539408,23.78
INE894J01019,539409,19.02
INE030T01027,539428,25.47
INE661F01010,539434,3.18
INE201C01012,539435,18.05
INE335K01011,539436,627.21
INE092T01019,539437,69258.53
INE646L01027,539448,190286.37
INE099S01016,539449,6.39
INE500L01026,539450,1906.05
INE360S01012,539455,48.61
INE761R01013,539468,7.56
INE258R01028,539469,1574.68
INE051N01026,539470,18.74
INE910R01024,539479,345.29
INF767K01OS7,539480,
INE263R01010,539486,4.34
INF767K01OT5,539487,
INE027S01017,539488,0.0
INE721C01019,539492,10.43
INE766D01020,539494,24.18
INE176R01014,539495,4.8
INE805Q01028,539506,10.31
INE641R01017,539515,323.66
INF179KC1965,539516,
INF179KC1HX2,539517,
INE551B01012,539518,545.7
INE280E01038,539519,45.26
INE364T01012,539521,21.84
INE343C01012,539522,112.04
INE540L01014,539523,62652.06
INE600L01024,539524,33679.7
INE452S01025,539526,10.71
INE146E01015,539527,80.36
INE430R01023,539528,115.64
INE669R01026,539533,1245.23
INE150G01020,539542,3291.95
INE834E01016,539543,1.38
INE281P01016,539544,4.71
INE217S01014,539545,68.71
INE679E01015,539546,337.57
INE410P01011,539551,35596.59
INE108T01021,539552,53.45
INE005G01026,539559,23.35
INE994N01019,539560,0.0
INE549S01036,539561,22.93
INE750R01016,539562,152.06
INE728Q01014,539593,6.64
INE094S01041,539594,330.83
INE681Q01015,539596,5.55
INE727C01024,539598,211.3
INE079C01012,539599,18.11
INE373T01047,539607,1836.93
INE534E01020,539620,148.07
INE368E01023,539621,5.48
INE484I01029,539636,1046.74
INE985S01024,539658,1795.95
INE564S01019,539659,54.67
INE052T01021,539660,621.38
INE023R01018,539661,146.9
INE948Q01018,539662,6.33
INE684D01025,539669,31.51
INE792P01020,539673,2.49
INE306L01010,539678,749.25
INE332Q01023,539679,33.8
INE615T01017,539680,7.39
INE874E01012,539681,24.99
INE622Q01027,539682,2238.16
INE429R01017,539683,0.0
INE127T01021,539686,1480.37
INE836D01013,539691,0.0
INE064T01018,539692,8.13
INE966Q01010,539697,65.68
INE039D01014,539724,1656.1
INE314T01033,539725,6205.67
INE194R01017,539730,2237.6
INE748T01016,539742,28.11
INE773T01014,539760,35.22
INE427T01025,539761,24.59
INE250S01015,539762,34.22
INE216Q01010,539767,155.76
INE830S01014,539770,20.43
INE178T01024,539773,61.46
INF767K01PC8,539784,
INE865T01018,539785,909.81
INE075I01017,539787,9974.88
INE030U01025,539788,261.1
INE173U01015,539798,33.27
INE316L01019,539799,1100.18
INE043U01010,539800,6.57
INE483S01020,539807,5337.25
INE204S01012,539814,24.56
INE967S01014,539819,2.37
INE119R01014,539834,372.08
INE574R01028,539835,4.86
INE912T01018,539837,8347.46
INE399S01010,539839,11.84
INE359U01028,539841,411.56
INE395U01014,539843,1499.64
INE115S01010,539854,298.33
INE009U01011,539864,10.63
INE594H01019,539871,8505.79
INE411U01027,539872,1088.73
INE616F01022,539875,115.22
INE299U01018,539876,13013.52
INE417C01014,539883,4326.98
INE671T01028,539884,20.71
INE883N01014,539889,3314.84
INE631R01026,539894,197.06
INE631E01024,539895,1944.97
INE642P01019,539900,17.68
INE730R01042,539911,28.21
INE440T01028,539921,3001.04
INE364S01022,539922,293.21
INE920T01011,539927,310.64
INE858Q01019,539938,23.79
INE571U01010,539939,53.68
INF109KC11V0,539945,
INE217E01014,539946,20.12
INE919T01013,539947,18.57
INE524T01029,539956,1474.11
INE002S01010,539957,10325.24
INE819S01025,539963,130.23
INE615P01015,539978,5005.18
INE731U01028,539979,98.62
INF109KC10W0,539980,
INE403L01015,539983,0.0
INE799B01025,539984,1117.33
INE120V01014,539985,12.45
INE073V01015,539986,1056.89
INE700F01024,539991,113.59
INE093R01011,539992,15224.72
INE552U01010,539997,3706.74
INE214T01019,540005,119152.78
INE595R01023,540006,29.72
INF209KB10E8,540008,
INE621I01042,540023,18.12
INE837H01020,540025,3072.63
INE213U01019,540026,11.64
INE917M01012,540047,6480.74
INE212I01016,540048,2364.31
INE412U01025,540061,544.93
INE222U01010,540062,170.36
INE976G01028,540065,63927.67
INE345U01019,540066,15.85
INE191V01015,540072,13.88
INE153T01027,540073,8891.54
INE317V01016,540078,241.61
INE537U01037,540079,25.36
INE715T01031,540080,44.02
INE367U01013,540082,326.24
INE871L01013,540083,10.11
INE890S01026,540097,252.6
INE010V01017,540115,34649.9
INE934S01014,540124,2497.71
INE583V01021,540125,813.73
INE400R01018,540132,15.69
INE726G01019,540133,65196.54
INE202R01026,540135,40.09
INE495S01016,540136,1711.36
INE184B01012,540143,58.68
INE746V01016,540144,18.25
INE565V01010,540145,1341.04
INE427V01013,540146,51.2
INE700V01021,540147,16.13
INE564V01013,540148,12.79
INE957U01011,540150,22.54
INE942P01013,540151,219.46
INE913H01037,540153,36609.62
INF194KA1T91,540154,
INE905R01016,540159,5.25
INE268T01015,540168,164.96
INE572E01012,540173,28428.93
INE298B01010,540174,10.37
INE964R01013,540175,430.77
INE200M01039,540180,143519.25
INE894E01028,540181,56.18
INE448F01012,540189,6.33
INE789R01022,540190,23.91
INE341H01023,540192,118.65
INE186R01013,540198,122.58
INE850R01014,540199,310.43
INE916U01025,540203,6738.94
INE666Q01016,540204,69.82
INE679V01027,540205,7377.01
INE759V01019,540210,14.13
INE586V01016,540212,1942.58
INE508R01018,540221,10.53
INE947Q01028,540222,107468.1
INE835U01027,540243,11.39
INE607V01028,540252,109.6
INE245H01018,540254,61.62
INE118R01032,540259,10.77
INE804Q01013,540266,11.43
INE318U01016,540267,5.26
INE615R01029,540268,49.92
INE459U01018,540269,19.52
INE923R01019,540270,0.0
INE726V01018,540293,8961.34
INE181U01018,540310,82.18
INE863T01013,540311,703.77
INE249U01013,540318,0.0
INE978V01015,540332,55.34
INE655V01019,540358,214.97
INE715Q01029,540360,55.79
INE575D01041,540361,44.49
INE919I01024,540366,203.95
INE192R01011,540376,248486.15
INE714U01024,540377,38.6
INE989S01042,540386,12.06
INE017W01010,540393,102.43
INE298W01016,540395,115.36
INE784W01015,540396,433.89
INE544W01021,540401,202.42
INE800W01019,540402,162.24
INE201M01029,540403,306.76
INE442V01012,540404,217.67
INE711V01010,540405,56.14
INE208U01019,540416,21.32
INE274V01019,540425,303.0
INE953W01016,540455,122.28
INE808R01012,540467,103.84
INE870V01014,540468,43.82
INE949C01016,540481,65.84
INE594W01042,540492,339.17
INE807K01035,540497,515.68
INE453S01015,540515,6.77
INE343X01026,540519,60.08
INE031A01017,540530,32250.61
INE488V01015,540544,2962.83
INE986W01016,540545,56.61
INE796W01019,540550,36.9
INE717F01028,540570,94.42
INE460H01021,540575,7218.66
INE325X01015,540590,64.66
INE010J01012,540595,8284.45
INE406M01024,540596,16507.81
INE319U01022,540597,19.45
INE869I01013,540602,627.66
INE949L01017,540611,74430.57
INF109KC19U5,540612,
INE721X01023,540613,55.95
INE413X01035,540615,37.53
INE170V01027,540642,721.9
INE335W01016,540647,115.09
INE471W01019,540648,84.03
INE349W01017,540649,1535.91
INE347W01011,540650,719.1
INE943X01015,540651,58.57
INE931X01010,540652,529.42
INE632W01016,540654,102.94
INF789F1AUW9,540669,
INE285J01028,540673,5839.01
INE704P01025,540678,33896.64
INE320X01016,540679,442.32
INE880L01014,540680,19767.1
INE344X01016,540681,10.78
INE172E01011,540686,176.96
INE674K01013,540691,102749.48
INE346W01013,540692,1023.13
INE145Y01023,540693,542.63
INE236W01016,540694,52.47
INE185U01035,540696,8.85
INE935N01020,540699,77686.64
INE727S01012,540700,136.08
INE385W01011,540701,2363.51
INE438C01010,540703,25.62
INE866R01028,540704,1027.98
INE217K01011,540709,76.56
INE264T01014,540710,1527.1
INE765G01017,540716,78374.57
INE689M01025,540717,262.22
INE777X01017,540718,1947.02
INE123W01016,540719,173212.8
INE393P01035,540724,2554.52
INE932X01026,540725,4482.64
INE071Y01013,540726,30.89
INE973X01012,540727,16.11
INE327G01032,540728,305.38
INE695X01011,540729,15.28
INE062Y01020,540730,94.51
INE864K01010,540735,462.99
INE414Y01015,540737,889.72
INE402Y01028,540738,62.34
INE850D01014,540743,12143.08
INE348L01012,540749,4956.4
INE022Q01020,540750,9530.39
INE481Y01014,540755,56710.98
INE282Y01016,540756,10.11
INE501Y01019,540757,652.47
INE974X01010,540762,45268.82
INE298J01013,540767,67204.41
INE766P01016,540768,4133.91
INE470Y01017,540769,26409.2
INE133Y01011,540774,1365.89
INE834I01025,540775,208.04
INE618L01018,540776,1479.37
INE795G01014,540777,115722.95
INE204Y01010,540782,12.85
INE669Y01022,540786,100.5
INF109KB15Y7,540787,
INE500C01017,540788,135.1
INE016M01021,540789,28.13
INE600Y01019,540795,2074.03
INE821Y01011,540796,239.96
INE597J01018,540797,1445.71
INE333Y01017,540809,108.05
INE158R01012,540811,12.05
INE994R01028,540821,19.45
INE646X01014,540824,13.02
INE371F01024,540829,384.14
INE819Y01015,540843,47.74
INE841Y01019,540850,31.75
INE454F01010,540874,231.31
INE713T01028,540879,14646.59
INE619B01017,540900,6504.87
INE546Y01022,540901,83.8
INE371P01015,540902,22921.76
INE115G01015,540904,30.76
INE425C01017,540914,8.33
INE760Y01011,540923,36.14
INE600K01018,540935,8435.93
INE063Z01017,540936,12.26
INE630Y01024,540937,182.56
INE578V01013,540938,15.21
INE740X01023,540952,145.44
INE923Y01023,540953,24.77
INE586E01020,540954,228.96
INE773Y01014,540955,7.76
INE341Z01025,540956,517.74
INE644Y01017,540961,49.69
INE914M01019,540975,61779.78
INE868X01014,540980,798.01
INE398L01017,541005,27.66
INE339Z01011,541006,25.0
INE926X01010,541019,2736.53
INE464Z01017,541083,171.88
INE365Y01019,541096,1183.63
INE452Z01012,541112,31.65
INE758W01019,541133,61.65
INE171Z01026,541143,39891.16
INE380Z01015,541144,152.02
INE705X01026,541152,85.21
INE545U01014,541153,28243.41
INE066F01020,541154,308636.32
INE278R01034,541161,99.11
INE278H01035,541163,3399.27
INE616Z01012,541167,4854.79
INE495Z01011,541178,15.1
INE099Z01011,541195,8115.57
INE860Y01019,541196,35.62
INE426Z01016,541206,114.12
INE459Z01017,541228,68.46
INE970X01018,541233,8536.46
INE783X01023,541269,470.09
INE626Z01029,541276,629.09
INE871Z01013,541299,5.95
INE142Z01019,541301,3299.7
INE506Z01015,541302,37.93
INE256Z01025,541303,33.07
INE250Z01010,541304,154.4
INF109KC1V59,541313,
INE896L01010,541336,3312.62
INE424Z01011,541337,23.54
INE556Z01010,541338,18.1
INE295Z01015,541347,103.06
INE00EM01016,541352,298.49
INE870Z01015,541353,211.04
INE926R01012,541358,455.3
INE518E01015,541400,732.17
INE692Z01013,541402,199.28
INE325C01035,541403,1549.2
INE236Y01012,541418,67.08
INE838Z01012,541444,20.63
INE799N01012,541445,57.98
INE364U01010,541450,212156.29
INE250G01010,541503,20.7
INE624Z01016,541540,3441.83
INE287Z01012,541546,41.46
INE320J01015,541556,10078.26
INE686Y01026,541557,15722.13
INE665L01035,541578,12656.06
INE685Z01033,541601,36.55
INE173V01013,541627,5.05
INE268X01017,541633,6.42
INE960Z01014,541634,15.04
INE00SY01011,541701,289.28
INE694W01024,541702,64.43
INE00WY01013,541703,10.56
INE127D01025,541729,99298.31
INE299W01022,541735,21.9
INE401Z01019,541741,530.15
INE741K01010,541770,19886.6
INE572Z01017,541771,20.51
INE00IY01012,541778,110.99
INE266S01011,541799,28.13
INF109KC1NS5,541809,
INE01B501018,541865,16.05
INE797Z01028,541890,6.23
INE00QT01015,541929,948.12
INE01A501027,541945,27.0
INE962Y01021,541956,10369.19
INE01IU01018,541967,12555.63
INF200KA1VQ2,541972,
INE004Z01011,541973,36.23
INE00VM01036,541974,11865.75
INE492Y01011,541983,21.93
INE216P01012,541988,9455.85
INE382Z01011,542011,24167.61
INE911Z01025,542012,262.66
INE666Y01010,542013,173.52
INE01J501010,542019,39.49
INE642Z01026,542020,64.19
INE206Z01020,542025,6.67
INE00Q901014,542034,16.97
INE647Z01025,542046,59.55
INE00SW01015,542057,111.65
INE399L01023,542066,64135.42
INE398C01016,542123,51.95
INF769K01EG9,542131,
INE285K01026,542141,11602.63
INE02AP01013,542145,38.96
INE951Z01013,542146,9.02
INE01GR01018,542155,1.03
INE016X01010,542176,6.24
INE139E01028,542206,8.01
INE00R701025,542216,31522.33
INF209KB16D7,542230,
INE00S901012,542231,443.91
INE01NE01012,542232,251.39
INE00CA01015,542233,311.11
INE452W01019,542248,28.24
INE02EZ01022,542285,290.07
INE542W01025,542323,6831.54
INE302R01024,542332,271.96
INE425Y01011,542333,2732.28
INE020801028,542337,233.89
INE350Z01018,542351,589.62
INE01P501012,542367,138.67
INE726X01014,542376,66.1
INE512R01010,542377,4.49
INE01EG01016,542383,794.85
INE427F01016,542399,18180.89
INE02AR01019,542437,77.4
INE793Z01027,542446,10.61
INE911T01010,542459,60.02
INE294Z01018,542460,3129.02
INE03CM01014,542477,22.04
INE955V01021,542484,5096.15
INE00CX01017,542503,34.13
INF789F1AUU3,542513,
INE342U01016,542524,5.89
INE043R01016,542544,0.0
INE05FR01029,542579,144.66
INE01C001026,542580,154.85
INE02PC01027,542592,17.47
INE255X01014,542597,4962.14
INE03WT01017,542599,49.23
INE01GZ01011,542627,69.93
INE01BL01012,542628,200.64
INE415G01027,542649,41074.9
INE112L01020,542650,11157.45
INE04I401011,542651,13529.0
INE455K01017,542652,120327.23
INE06LG01010,542654,12.62
INE161L01027,542655,222.92
INE136S01016,542665,7233.32
INE05QJ01015,542666,13.9
INE06TD01010,542668,46.37
INE374E01021,542669,1195.66
INE757T01025,542670,392.62
INE01MO01013,542677,6.56
INE05BN01027,542678,61.2
INE413F01016,542679,177.3
INE01K301012,542682,22.01
INE050001010,542684,582.29
INE03JI01017,542685,148.38
INE05MV01019,542694,183.42
INE02GA01012,542721,76.9
INE04AK01028,542725,2789.52
INE933S01016,542726,9757.93
INE056001014,542727,102.57
INE04ST01013,542728,13.12
INE08KP01019,542729,311.45
INF109KC15I8,542730,
INF204KB15D0,542747,
INE00WC01027,542752,20423.99
INF109KC18U7,542758,
INE572J01011,542759,1543.76
INE00M201021,542760,3852.27
INE06YD01010,542765,3.49
INE08E401029,542770,301.92
INE08JY01013,542771,22.7
INE466L01038,542772,42627.07
INE489L01022,542773,10901.72
INE08KJ01020,542774,2602.86
INE957W01025,542801,25.32
INE906Y01028,542802,35.19
INE560T01015,542803,111.04
INE09N301011,542812,47686.98
INE335Y01020,542830,36320.0
INE492Z01018,542850,16.91
INE06H201014,542851,52.71
INE430N01022,542852,113.27
INE08ZM01014,542857,1934.45
INE052001026,542862,206.91
INF209KB17D5,542863,
INE444X01014,542864,9.53
INE490Z01012,542865,10.79
INE679A01013,542867,5291.32
INE551W01018,542904,12742.35
INE05AN01011,542905,1425.33
INE771C01014,542906,28.76
INE689W01016,542907,2725.88
INE08RT01016,542910,115.07
INE165G01010,542911,127.13
INE063601012,542918,4.77
INE025R01021,542919,5325.12
INE258G01013,542920,20829.35
INF109KC11W8,542921,
INF769K01FN2,542922,
INE0BIW01023,542923,5.38
INE128G01018,542931,10.0
INE03V001013,542933,590.95
INE07QQ01016,542934,37.27
INE117S01016,542938,12.9
INE03QK01018,543064,17272.36
INE0C4I01011,543065,38.09
INE018E01016,543066,54043.85
INF204KB11T5,543144,
INF204KB12S5,543145,
INF204KB12T3,543146,
INF204KB13S3,543147,
INF204KB14S1,543148,
INF204KB15S8,543149,
INF204KB16S6,543150,
INF204KB17R6,543151,
INF204KB17S4,543152,
INF204KB18R4,543153,
INF204KB18S2,543154,
INF204KB19R2,543155,
INF204KB19S0,543156,
INF204KB10S9,543168,
INF204KB10T7,543169,
INF204KB11S7,543170,
INE0BDU01028,543171,6.81
INE0CQB01010,543172,586.76
INF204KB14U7,543173,
INF204KB10U5,543174,
INF204KB15U4,543175,
INF204KB16U2,543176,
INF204KB11U3,543177,
INF204KB12U1,543178,
INF204KB16T4,543179,
INF204KB17T2,543180,
INF204KB13T1,543181,
INF204KB18T0,543182,
INF204KB19T8,543183,
INF204KB14T9,543184,
INF204KB15T6,543185,
INF204KB13U9,543186,
INE07Y701011,543187,139065.77
INE0B1K01014,543193,252.67
INE0CPQ01010,543194,46.82
INE06MM01016,543207,6.63
INE745R01024,543208,53.43
INE0CRS01012,543209,18.49
INE09EO01013,543210,418.46
INE0B9A01018,543211,67.83
INE02PY01013,543212,3355.03
INE02A801020,543213,2370.04
INE07OG01012,543214,1702.43
INE05ST01028,543218,394.52
INF109KC17V7,543219,
INE027H01010,543220,91963.22
INF109KC16I6,543221,
INE0CG601016,543223,914.93
INF179KC1HY0,543224,
INF789F1AUV1,543226,
INE419U01012,543227,4645.9
INE450U01017,543228,2756.38
INE412J01010,543229,112.48
INE0ALI01010,543230,2038.58
INE0CHO01012,543231,40.47
INE596I01020,543232,16768.24
INE03YM01018,543233,788.84
INE0BTM01013,543234,148.35
INE732I01021,543235,25227.41
INE09KD01013,543236,63.15
INE249Z01020,543237,83453.27
INE094J01016,543238,11368.1
INE0E2801015,543239,87.89
INE060901027,543240,889.2
INE244W01010,543241,247.13
INE0AJG01018,543242,3182.03
INE063P01018,543243,7842.99
INE0BLY01023,543244,52.08
INE068V01023,543245,47417.52
INF769K01GS9,543246,
INE0D5F01013,543247,10.75
INE07T201019,543248,6559.67
INE0EK901012,543249,3703.46
INE09E501017,543251,227.21
INE0DNW01011,543252,831.33
INE495P01020,543253,6528.16
INE01BK01022,543254,1008.42
INF732E01268,543255,
INE018S01016,543256,13.96
INE053F01010,543257,100692.84
INE09VQ01012,543258,5031.74
INE481N01025,543259,11763.88
INE00IN01015,543260,2665.3
INE0D7801012,543262,103.04
INE103C01036,543263,2074.74
INE0DSF01015,543264,332.58
INE0DD101019,543265,8254.54
INE694N01015,543266,690.83
INE179G01029,543267,324.61
INE03RS01027,543268,189.47
INE0G0V01018,543269,5.44
INE864I01014,543270,23895.74
INE0BY001018,543271,10151.78
INE07O001026,543272,2295.16
INE0CJD01029,543273,7477.65
INE930P01018,543275,13223.09
INE00LO01017,543276,26810.12
INE576O01020,543277,5055.27
INE303R01014,543278,54684.16
INE428Q01011,543279,1531.64
INE418L01047,543280,14231.41
INE018401013,543281,43.64
INE0GX601011,543282,15.23
INE382M01027,543283,2713.79
INE0CPR01018,543284,265.6
INE0CQ101015,543285,16.47
INE0D9X01018,543286,60.86
INE670K01029,543287,110407.15
INE0FHS01024,543288,4790.72
INE04CO01018,543289,7.16
INF769K01HF4,543291,
INF109KC1Q72,543292,
INE505Y01010,543298,69.95
INE810G01011,543299,29212.54
INE073K01018,543300,50301.63
INE021O01019,543306,6075.31
INE967H01025,543308,30874.68
INE0H8J01015,543309,23.45
INE0B6101012,543310,43.76
INE0D6701023,543311,1502.88
INE0DXR01010,543312,207.68
INE201P01022,543317,7662.47
INE227W01023,543318,8546.31
INE0C5901022,543319,28.46
INE758T01015,543320,302538.49
INE0GK401011,543321,4086.12
INE03Q201024,543322,16849.15
INF769K01HI8,543323,
INE199P01028,543324,1641.63
INE645S01024,543325,5153.53
INF109KC19V3,543326,
INE0GFE01026,543327,272.47
INE08LI01020,543328,1798.4
INE0H5O01029,543329,2292.69
INE872J01023,543330,15658.34
INE0CT101020,543331,1409.92
INE071N01016,543332,4242.52
INE290S01011,543333,13643.77
INE118D01016,543334,11505.79
INE852O01025,543335,11351.32
INE488A01050,543336,3028.59
INE647W01014,543341,25.26
INE0EAX01014,543346,246.87
INF846K01Y96,543347,
INF846K01Z12,543348,
INE00FF01025,543349,26159.87
INE043W01024,543350,14712.71
INE0GOA01018,543351,169.32
INE0DTJ01015,543352,24.16
INF846K016C7,543357,
INE953O01021,543358,26659.87
INE0GAO01018,543363,452.57
INE0FW001016,543364,370.58
INF769K01HP3,543365,
INE0DLM01024,543366,3.45
INE045601023,543367,10279.32
INE0H1201020,543372,10.5
INE0HLJ01013,543373,1501.9
INE404A01024,543374,28716.14
INE0I2F01015,543375,29.55
INE0GD201014,543376,209.34
INE0CWK01019,543377,7.85
INE0H8H01019,543378,652.04
INF109KC1V42,543383,
INE388Y01029,543384,92574.01
INE02NC01014,543386,1071.02
INE284S01014,543387,6970.41
INF740KA1QK2,543388,
INE0D0K01022,543389,1079.48
INE417T01026,543390,45488.6
INE07GA01011,543391,198.9
INE982J01020,543396,106814.87
INE806T01020,543397,6749.04
INE0I7C01011,543398,4868.53
INE144Z01023,543399,1747.56
INE0JFE01012,543400,2.05
INE0BJS01011,543401,1553.42
INE07L501010,543410,28.65
INE106T01025,543411,1451.81
INE575P01011,543412,31635.58
INE011K01018,543413,15730.61
INF769K01HS7,543414,
INE463V01026,543415,34952.52
INE761Y01019,543416,329.12
INE0CLI01024,543417,9964.47
INE217L01019,543419,1152.43
INE982V01025,543420,91.18
INE0BV301023,543425,4636.46
INE317I01021,543426,22738.53
INE804L01022,543427,7861.17
INE0IX101010,543428,23777.23
INE0GSL01024,543433,311.73
INE07RO01027,543434,7490.53
INE0JJS01014,543435,82.15
INE0IM001015,543436,5.51
INF247L01AU3,543437,
INF740KA1ZF3,543438,
INF740KA1CL0,543440,
INE925R01014,543441,3536.6
INE977Y01011,543442,178.3
INE0E4I01027,543443,75.2
INE0DRT01018,543444,4.27
INE02WG01024,543449,961.64
INF109KC10V2,543450,
INE583L01014,543451,32.62
INE0KA601012,543453,66.48
INF769K01IB1,543454,
INE699H01024,543458,22848.35
INE0KAF01018,543460,7.01
INE0JNA01014,543461,53.28
INE060X01034,543462,116.79
INE825V01034,543463,12599.64
INE0JSJ01014,543464,235.79
INF247L01BK2,543465,
INE728Z01015,543470,652.24
INF209KB11D8,543472,
INF209KB10C2,543473,
INF209KB19D1,543474,
INE0KCM01010,543475,5.25
INF769K01IC9,543481,
INE0KCE01017,543482,6802.29
INE079J01017,543489,2590.65
INE0CU601026,543490,7970.28
INE0KQ001017,543497,34.35
INE0FS801015,543498,22209.44
INE0K1401020,543499,142.64
INE0JVD01011,543500,3.78
INF247L01BL0,543501,
INE652Z01025,543512,90.7
INE0GIU01018,543513,74.04
INE0IQ001011,543514,2062.35
INE0KPY01017,543515,57.12
INE0K5F01014,543516,15.32
INE00EV01017,543517,1029.35
INE0KSN01014,543518,44.49
INE0JMN01019,543519,13.15
INE0J2K01014,543520,12.76
INE0L3H01014,543521,10.73
INE0E5R01017,543522,38.76
INE278Y01022,543523,6286.3
INE961O01016,543524,12996.47
INE625X01026,543525,1769.0
INE0J1Y01017,543526,496132.82
INE00F201020,543527,12920.33
INE0JA001018,543528,4572.36
INE148O01028,543529,30016.73
INE088F01024,543530,15697.23
INE05CY01014,543531,260.34
INE04TZ01018,543532,6772.37
INE01QM01018,543533,4538.74
INE0BWX01014,543534,22188.78
INE082W01014,543535,50.88
INE0KXN01014,543536,3.56
INE0IXR01019,543537,11.28
INE0K6L01010,543538,20.36
INE0L0L01012,543539,726.74
INE0GTX01019,543540,29.82
INE0KHQ01010,543541,3.43
INE0L1C01019,543542,3422.49
INE0IZQ01016,543543,937.04
INE0KR801019,543544,107.45
INE0ID001024,543545,6.29
INE0L3501015,543546,30.52
INE0HR601026,543547,2565.7
INF247L01BB1,543563,
INF109KC17C7,543568,
INF179KC1HR4,543569,
INF179KC1HS2,543570,
INF109KC16E5,543571,
INE0DYJ01015,543573,33134.06
INF209KB15K4,543574,
INF209KB14K7,543575,
INF247L01BE5,543576,
INF247L01BH8,543577,
INE0M3901015,543578,27.59
INE0KKN01029,543590,1327.59
INE0JS101016,543591,327.98
INE0I3401014,543593,805.95
INE0MC401013,543594,10.91
INE0D2I01014,543595,15.14
INE668A01016,543596,13828.04
INE0I0T01010,543597,1602.23
INE0LU301014,543598,106.08
INE0D6I01023,543599,572.73
INE0JUS01029,543600,4313.21
INF179KC1DL6,543605,
INE0M8901010,543606,22.47
INF179KC1DJ0,543607,
INF179KC1DK8,543608,
INE0KQQ01011,543613,2.54
INE0LQS01015,543614,136.71
INE0MNV01014,543615,80.22
INE0MKA01014,543616,449.1
INE0MKO01015,543617,5.92
INE0M4L01013,543618,43.83
INE0N0J01014,543619,2368.14
INE0LGX01024,543620,1912.64
INE0KZM01011,543621,25.1
INE0MSK01016,543622,73.15
INE0NC801013,543623,16.29
INE02YR01019,543626,7848.87
INF179KC1HU8,543627,
INF179KC1HV6,543628,
INE0DK501011,543635,26327.41
INE0A1101019,543636,563.59
INE0N1L01018,543637,35.26
INE0HMF01019,543638,341.72
INE117Z01029,543643,94.01
INE344S01016,543644,1391.1
INE05X901010,543645,132.23
INE0KL801015,543650,1771.04
INE975Z01012,543651,11.38
INE139R01012,543652,2778.41
INE00E101023,543653,12637.11
INE474Q01031,543654,36514.13
INE0MXP01015,543656,13.18
INE128X01021,543657,5832.17
INE128S01021,543663,14950.18
INE918Z01012,543664,22789.1
INF179KC1IA8,543665,
INF179KC1HZ7,543666,
INE510W01014,543667,6369.67
INE01EE01011,543668,469.71
INE263M01029,543669,4565.86
INE01KI01027,543670,41.87
INE0D0U01013,543671,118.52
INF109KC17L8,543677,
INE0N6V01016,543678,19.13
INE792Z01011,543686,2276.82
INE00OQ01016,543687,897.83
INE324X01026,543688,423.68
INE244O01017,543689,3706.37
INE0NT601018,543709,617.43
INF109KC19O8,543710,
INE142Q01026,543711,1105.84
INE00ZE01026,543712,1029.42
INE0MQD01015,543713,76.16
INE559R01029,543714,1919.62
INE138Y01010,543720,14264.54
INE050401020,543725,396.58
INE855R01021,543732,384.04
INE09BN01011,543737,272.19
INF740KA1RX3,543738,
INE035801013,543743,180.78
INE0MFT01014,543744,34.42
INE0MID01012,543745,11.85
INE0BSU01018,543746,298.64
INE0BTI01037,543747,135.55
INE0LRU01027,543748,8762.39
INE0M9Q01011,543753,112.54
INE0MPU01011,543754,23.43
INE0O4V01010,543765,14.6
INE094B01013,543766,2882.36
INE0EEJ01023,543767,127.37
INE0NNS01018,543768,12053.58
INE0KN201016,543769,11.52
INF179KC1EZ4,543774,
INF179KC1FB2,543775,
INF179KC1HT0,543776,
INE0O4601016,543782,434.4
INE0OLH01013,543787,1087.28
INE0NPA01011,543798,4.38
INE0JZS01010,543799,92.48
INE0G1V01016,543804,6.73
INE0NYN01016,543805,91.74
INE0O6A01019,543806,236.33
INE645W01026,543811,196.91
INE753U01022,543812,3477.89
INE0OKG01017,543814,19.17
INF109KC10S8,543819,
INE00TV01023,543828,929.73
INE0JSX01015,543829,126.42
INE0NLJ01011,543830,21.41
INE0OMI01019,543831,763.59
INE0LKQ01012,543843,19.69
INE0NIJ01025,543848,89.02
INF846K010Q0,543853,
INF769K01JU9,543858,
INE825B01010,543860,168.78
INE0N0Y01013,543861,102.36
INE0O1T01010,543874,141.41
INE0O8901016,543895,760.25
INE0LCL01028,543896,15255.85
INE0P7001013,543897,431.7
INE0N7W01012,543898,659.44
INE508K01013,543901,280.56
INE0NTC01019,543902,49.09
INE634S01028,543904,104376.49
INE0LDI01022,543905,13.75
INE680Z01018,543910,308.78
INE0ALR01029,543911,159.08
INE557Z01018,543912,199.51
INE210F01016,543914,40.81
INE07S101038,543915,215.99
INE0GYI01028,543916,887.52
INE0A0S01028,543917,461.97
INE0PA801013,543918,1225.89
INE964W01021,543919,148.65
INE0NJ001013,543920,2220.95
INE0NXA01015,543921,22.4
INE0LOJ01019,543923,1471.81
INE0N5O01013,543924,17.71
INE0OJ401014,543926,721.41
INE04Z101016,543927,11.8
INE0ORA01015,543928,1166.69
INE0ECP01024,543929,1177.31
INE568Z01015,543930,117.42
INE0Q0M01015,543931,630.95
INE349Y01013,543932,3650.1
INE055S01018,543933,7109.97
INE01BT01015,543934,28.66
INF740KA1SX1,543935,
INE602W01027,543936,5202.22
INE0NZF01019,543937,140.61
INE0P3N01018,543939,295.74
INE758E01017,543940,139986.6
INE0NEV01011,543941,19.84
INE735W01017,543942,2395.24
INE0DN001027,543943,348.29
INF769K01KR3,543944,
INE0NT901020,543945,26866.43
INF740KA1SZ6,543947,
INF740KA1SY9,543948,
INF740KA1TA7,543949,
INE0JO301016,543950,9975.08
INE342G01023,543952,2636.12
INE0OWC01011,543953,1758.51
INE0NN701020,543954,600.91
INE0O3901029,543955,671.49
INF109KC18V5,543956,
INE0LXT01019,543957,6387.69
INE03HW01020,543958,104.11
INE423Y01016,543959,9340.19
INE338H01029,543960,14385.25
INE864X01013,543962,246.46
INE013V01011,543963,61.03
INE395N01027,543965,5663.11
INE0MIS01010,543969,568.51
INE0OJZ01019,543970,34.54
INE0Q8P01029,543971,3009.55
INE024001021,543972,6899.73
INE0AE001013,543974,353.24
INF789F1AYX9,543975,
INE489B01031,543976,121.66
INE0N2P01017,543977,2709.56
INE05CZ01011,543978,2896.3
INE04T901017,543979,10.91
INE682M01020,543980,8507.19
INE777K01022,543981,28468.66
INE0OYE01013,543982,150.27
INE0OV601013,543983,1839.46
INE08U801020,543984,3432.12
INE07K301024,543985,2310.67
INE980Y01015,543986,540.52
INE531F01023,543988,31423.94
INE438K01021,543989,1146.87
INE903U01023,543990,10377.7
INE0P4P01011,543991,96.12
INE0JR601024,543992,1546.41
INE372M01010,543993,188.0
INE880J01026,543994,83274.26
INE0KNT01012,543995,1010.41
INE851I01011,543996,1399.32
INE0MIO01019,543997,313.85
INE0JWS01017,543998,663.16
INF769K01KT9,543999,
INE0M7501019,544000,82.56
INE0Q1S01010,544001,695.28
INE0PA601017,544002,54.34
INE0INJ01017,544003,252.41
INE07U701015,544004,1056.88
INF769K01KV5,544006,
INF769K01KU7,544007,
INE03EI01018,544008,9274.98
INE0KBH01020,544009,10259.69
INE0Q6901013,544011,23.52
INE0LMW01024,544012,7283.76
INE0OH401016,544013,30.64
INE0J5401028,544014,13955.47
INE0QI101019,544015,11.76
INE818W01011,544020,2240.99
INE004A01022,544021,2607.83
INE491J01022,544022,12166.66
INE0N6U01018,544023,878.25
INE0PP401015,544025,13.1
INE202E01016,544026,31126.28
INE007N01010,544027,5619.62
INE142M01025,544028,28370.84
INE717W01049,544029,2766.56
INE00Y201027,544030,2388.26
INE0RDR01012,544035,38.55
INE0RDM01013,544036,85.28
INE0P9J01013,544037,2685.49
INE0KQN01018,544042,1892.22
INE922K01024,544044,7059.04
INE321T01012,544045,12734.54
INE616N01034,544046,19747.45
INE0QSK01017,544047,74.17
INE0Q2Z01013,544052,30.2
INE0FRK01020,544053,2032.72
INE843S01025,544054,958.1
INE046W01019,544055,2970.83
INE0PSJ01011,544056,6.91
INE330T01021,544057,18920.82
INE220Q01020,544058,463.71
INE0QZQ01019,544059,53.21
INE0PEQ01016,544060,780.8
INE02IJ01035,544061,18470.7
INE0Q3R01026,544066,2602.77
INE0DUT01020,544067,6681.58
INE0QFT01015,544072,17.18
INE0A6N01026,544073,99.41
INE0RNZ01014,544074,105.26
INE0PSC01024,544079,67.6
INE0MGS01014,544080,402.15
INE980O01024,544081,23537.15
INE0GEN01012,544082,72.26
INE0QIS01011,544083,15.52
INE456Z01021,544088,2233.21
INE07G501017,544090,258.31
INE0Q1R01012,544091,674.65
INF0QA701722,544092,
INF0QA701714,544093,
INE0PYT01018,544094,8.01
INE0G5901015,544095,1651.63
INE02H701025,544100,206.78
INE0Q6L01014,544101,14.78
INF789F1AZD8,544102,
INE0OLZ01015,544105,141.63
INE0R5Z01015,544106,108.0
INE0NLT01010,544107,2926.03
INE0QZF01012,544108,57.6
INF740KA1ZG1,544109,
INF179KC1HW4,544110,
INE988S01028,544111,2216.96
INE0QXV01014,544112,251.3
INE0KGZ01021,544117,1404.93
INE953L01027,544118,5110.68
INE0J1F01024,544119,6339.42
INE646H01017,544120,1264.39
INE0OYK01010,544121,61.6
INE010601016,544122,7323.41
INF767K01RN1,544123,
INE0QTF01015,544124,207.07
INE696F01016,544129,4763.78
INF769K01LC3,544130,
INE486R01017,544131,1235.75
INE777F01014,544133,2100.8
INE0PT501018,544134,1104.54
INE0CG401037,544135,764.4
INE0NQ801033,544136,441.12
INE0MB501011,544138,2392.9
INE0M8R01011,544139,31.87
INE0L9R01028,544140,3174.02
INE510U01018,544141,404.2
INE0PB301013,544142,1707.62
INE0QQG01019,544143,47.08
INE772T01024,544144,641.85
INE0QN801017,544149,855.08
INE0QVH01025,544150,1414.0
INE0AH901011,544151,247.05
INE0QHY01011,544156,4.09
INE0OMZ01013,544157,40.38
INE0R6Z01013,544158,915.36
INE0MSS01019,544160,27.86
INE266Y01019,544161,4286.06
INE343G01021,544162,69000.0
INE0S0701019,544163,51.87
INE0Q9W01015,544164,36.27
INE0SGR01013,544165,237.82
INE0SDC01012,544166,374.43
INE0OAF01028,544167,2417.49
INE0R6801013,544168,12.45
INE0QSB01016,544169,62.67
INE0QXT01018,544170,9.86
INE0RGM01016,544171,43.62
INE065X01017,544172,14313.43
INE0QOQ01013,544173,6.17
INE673O01025,544174,18181.4
INE0SMU01015,544175,27.43
INE883F01010,544176,19668.51
INE0SCB01016,544177,130.27
INE0R4W01015,544178,14.03
INE03JT01014,544179,23725.38
INF769K01LJ8,544180,
INE108V01019,544181,1683.52
INE0RIQ01013,544183,14.87
INE02L001032,544184,998.48
INE257C01014,544185,47.48
INE0TT901016,544186,751.47
INE0ATZ01017,544187,760.63
INE0QZ901011,544188,5.42
INE0QUV01010,544189,345.39
INE0R7D01018,544190,9.63
INE0CYK01015,544191,401.84
INE0HV901016,544192,7143.37
INF0R8F01059,544193,
INF0R8F01067,544194,
INE0S0I01011,544195,24.39
INF251K01TL6,544196,
INE03DD01011,544197,28.17
INE841L01016,544198,4994.39
INE0RUJ01013,544199,81.16
INE916Y01027,544200,335.0
INE0S6R01027,544201,72.48
INE01A001028,544202,780.91
INE552Z01027,544203,19003.51
INE0S2V01010,544204,402.88
INE0PO601011,544205,346.43
INE375Y01018,544207,147.52
INE0B9K01025,544209,5053.63
INE168P01015,544210,36872.16
INF769K01LQ3,544212,
INE0T3401029,544213,296.26
INE0UK501010,544214,44.25
INF200KB1282,544215,
INF109KC18W3,544216,
INE08NE01025,544217,2061.76
INF209KB19Z4,544218,
INE0MNP01016,544219,356.82
INE0QMR01015,544220,7.68
INE0RMR01013,544221,13.29
INE09XN01023,544222,12804.0
INE0AG901020,544223,6625.01
INE0OXY01013,544224,4251.13
INE0LXG01040,544225,17166.77
INE02RE01045,544226,9126.14
INE00U401027,544227,926.79
INF109KC19W1,544229,
INE0PQ101010,544230,275.42
INE0SFZ01018,544231,9.11
INE00M901018,544232,2800.2
INE0US801024,544233,20.44
INE0URU01010,544234,10.81
INE0PPK01015,544235,1049.18
INE0SK201011,544236,13.31
INE0QA901010,544237,55.26
INE0BS701011,544238,39800.2
INE06HJ01020,544239,628.5
INE02ID01020,544240,3827.22
INF769K01LX9,544241,
INE0SG001011,544242,19.22
INE01FR01028,544243,2805.69
INE0RE001014,544244,1486.23
INE0N4701016,544245,24.91
INE0DAB01012,544246,238.61
INF740KA1UR9,544247,
INE0UYT01018,544248,407.38
INE0S2G01011,544249,210.13
INE0UOS01011,544250,8703.96
INE0LY301010,544251,50.31
INE377Y01014,544252,69100.05
INE0O6601022,544253,1667.89
INE0RWQ01014,544254,337.41
INE953R01016,544256,8565.72
INE0Q3401017,544257,78.59
INE0CJF01024,544258,950.43
INE0PZB01013,544259,58.69
INE850M01015,544260,4671.39
INE0QRL01017,544261,2214.04
INE939X01013,544262,703.1
INE0Q3J01015,544263,9271.54
INE184O01015,544264,1739.39
INE0QUL01011,544265,46.43
INF769K01LZ4,544266,
INE0U6201010,544267,603.86
INF769K01LY7,544268,
INE471R01019,544269,11.9
INE0S9501014,544270,30.7
INE0JVO01026,544271,1604.04
INE0YRO01015,544272,269.15
INE0APB01032,544273,505.54
INE0V6F01027,544274,164539.57
INF109KC16X5,544275,
INE0OPA01027,544276,304.64
INE377N01017,544277,67393.83
INE0PK601023,544278,966.79
INE497S01012,544279,1171.93
INE101I01011,544280,8924.29
INE00YB01025,544281,794.65
INE0W2G01015,544282,20185.89
INE622W01025,544283,30568.78
INE00H001014,544285,65695.46
INE995S01015,544286,13511.65
INE0RU901015,544287,57.83
INE0UIZ01018,544288,11050.17
INE0ONG01011,544289,76772.29
INE0LLY01014,544290,3232.38
INE0VN801010,544291,1320.84
INE013P01021,544292,17312.74
INE877V01027,544293,1824.13
INE0OJW01016,544294,5730.81
INE0DQN01013,544296,383.24
INE054301028,544301,65.27
INE403Y01018,544302,602.14
INE0XAY01012,544303,30.81
INE0WCH01015,544304,64.16
INE0HLU01028,544305,1546.59
INE570L01029,544306,32710.23
INE01EA01019,544307,46660.69
INE168C01013,544308,50.73
INE115Q01022,544309,30469.68
INE00GK01023,544310,3304.83
INE0Q9301021,544311,13483.38
INE0QBD01018,544312,22.16
INE0LB101011,544313,23.68
INE0JPD01013,544314,4252.7
INE037Z01029,544315,525.48
INE284H01025,544316,1040.85
INE454P01035,544317,6387.9
INE0TO701015,544318,990.22
INE0RB801010,544319,6212.63
INE0V7W01012,544320,2944.63
INE781S01027,544321,12980.24
INE0U3I01011,544322,9020.85
INF769K01NS5,544323,
INE0A8401016,544324,10.88
INE379A01028,544325,33068.65
INF754K01TX4,544326,
INE0ZHT01012,544327,95.04
INE622H01018,544328,634.04
INE0RH001011,544329,107.19
INE0QQJ01021,544330,466.83
INE0Q2L01013,544331,9.82
INE0HSD01011,544332,608.58
INE0M4D01010,544333,8320.8
INE0FK501019,544334,36.41
INE00ST01011,544335,442.19
INE0LRY01011,544336,2123.0
INE0NQ401024,544337,29.84
INE0WO601020,544339,1065.92
INE0CFH01028,544340,198.08
INE12QA01010,544341,22.67
INE0RYC01010,544342,2698.41
INE0WXM01011,544343,187.06
INE526E01018,544344,20786.85
INE0R4L01018,544345,692.33
INE0AK901016,544346,341.75
INE0WDX01010,544347,520.54
INE0RWU01016,544348,19.81
INE0DZD01015,544349,66.1
INE943P01029,544350,15445.52
INE0YON01014,544351,69.51
INF740KA1VE5,544352,
INE0U2L01017,544353,86.02
INE0W0H01017,544354,253.05
INE03CC01015,544355,3076.49
INE274Y01021,544356,6698.52
INE0R8101016,544361,346.36
INE093A01041,544362,29945.89
INE0O9T01021,544364,663.68
INE0TD301017,544365,60.71
INE0FFF01017,544366,15.72
INE0SII01026,544367,12143.23
INE0TIR01017,544368,9.43
INE13VU01016,544369,1098.58
INE0VYX01018,544370,74.59
INE0NR501012,544371,40.48
INE0RXS01018,544372,41.12
INE0VNH01014,544373,28.84
INF769K01ON4,544376,
INF769K01OA1,544377,
INE0ABU01016,544378,15.47
INE0I0M01023,544379,3192.68
INE16IQ01014,544381,87.26
INF846KA1119,544382,
INE0SMW01011,544383,482.24
INF200KB1712,544385,
INE01EO01010,544386,5979.67
INE0TGG01014,544387,134.64
INE0PA401012,544388,67.87
INE1NPP01017,544390,118588.13
INE0KWJ01014,544391,89.33
INE10XX01012,544392,27.28
INE12IB01015,544393,42.77
INF109K1A153,544394,
INE1VXE01018,544395,2306.6
INE0FFK01017,544396,3667.49
INE0LEZ01016,544397,55658.71
INE0AOG01018,544398,17.07
INE0RJ901010,544399,47.46
INE0MV001018,544400,49.47
INF769K01OO2,544401,
INE039O01029,544402,3637.43
INE14LE01019,544403,9084.34
INE16SF01016,544404,726.62
INE894V01022,544405,22974.69
INE1ABX01018,544406,998.28
INE0INX01018,544407,32275.79
INE0AQ201015,544408,18992.18
INE0TG901011,544409,362.63
INE0BX301013,544410,797.16
INE090501011,544411,737.48
INE0TE101010,544412,32.33
INE0U4701011,544413,1075.59
INE0U4101014,544414,2211.14
INF204KC1EZ3,544415,
INE0GGO01015,544416,991.16
INE0XCV01014,544417,23.73
INE0BYP01024,544418,3012.01
INE0H9P01028,544419,1133.66
INE1SY401010,544420,4314.64
INE236E01022,544421,4820.0
INE0ZDY01011,544422,18.29
INE227J01012,544423,5625.92
INE0V3U01015,544424,248.43
INE0XRR01010,544425,262.52
INE0Y0E01012,544426,49.71
INF109K1A344,544427,
INE0SC101013,544428,42.16
INE756I01012,544429,51343.09
INE12NJ01018,544430,4767.78
INE0S9X01011,544431,252.84
INE05J901018,544432,341.54
INE130701019,544433,22.46
INE0UZO01024,544434,927.04
INE0W1601012,544435,172.45
INE0RDJ01019,544436,19.7
INE0TBQ01014,544437,28.33
INF769K01PB6,544438,
INE0S4R01014,544439,2933.58
INE0TL001013,544440,632.6
INE162901016,544441,150.11
INE0VWL01017,544442,292.07
INE103V01028,544443,15910.59
INE0UMC01019,544444,288.74
INE0SJX01015,544445,82.91
INE28GN01010,544446,665.66
INE0NAZ01010,544447,5831.72
INE124Y01028,544448,1247.25
INE0CZ201020,544449,48128.11
INE0TGX01019,544450,603.16
INE0LCG01010,544451,260.3
INE0PTF01017,544452,88.42
INE0V0L01028,544453,345.69
INE06ST01018,544454,4162.57
INE18JU01028,544455,8038.95
INE219Y01026,544456,1006.77
INE03NU01014,544457,2147.25
INE0FMZ01045,544458,1412.88
INE06ZD01017,544459,2325.21
INE161701011,544460,299.81
INE505V01016,544461,367.01
INE15WN01014,544463,80.18
INE1P1A01018,544464,121.18
INE06WU01026,544465,620.33
INE819V01029,544466,46587.2
INE301O01023,544467,15055.0
INE1LJ801017,544468,163.42
INE0V9Q01010,544469,11120.91
INE08N601015,544470,1434.16
INE14OX01013,544471,22.92
INE1KH601014,544472,49.9
INF666M01LM6,544473,
INE0W4K01013,544474,13.91
INE1IBY01019,544475,64.86
INE0J5801029,544476,5974.51
INE00RL01028,544477,321.09
INE0GV601021,544479,1243.99
INE718I01012,544480,15187.89
INE0YG001013,544482,129.8
INE111601014,544483,57.08
INE304W01038,544484,12044.31
INE0MHO01029,544485,886.67
INE0R8B01010,544487,699.57
INE078V01014,544488,5583.88
INE191201016,544489,35.63
INE1B6101010,544490,12631.87
INE06XZ01023,544491,812.55
INE0PKD01011,544492,716.86
INF204KC1GH6,544493,
INE12P601017,544494,23.29
INE0M3X01010,544495,79.2
INE01R501028,544496,1503.11
INE0Y8W01025,544497,1751.34
INE0RTI01017,544498,98.65
INE0P6P01016,544499,314.92
INE15MX01014,544500,24.34
INE0XX801016,544501,655.8
INE084K01015,544502,745.52
INE0ZN101029,544503,91.34
INE0ZOM01013,544504,614.11
INE104201012,544505,41.91
INE0UJF01018,544506,143.33
INF0R8F01141,544507,
INE0WRP01016,544508,14.63
INE0XZB01017,544509,19.08
INE346R01013,544510,299.12
INE0V8A01016,544511,162.07
INE1B3L01017,544512,2135.01
INE0VOV01021,544513,339.26
INE1DRH01011,544514,109.71
INE0CAZ01013,544515,24104.28
INE0XBS01012,544516,1252.31
INE24OJ01011,544517,3024.01
INE0TJ801010,544518,684.25
INE198501012,544519,1950.49
INE10XS01012,544520,26.38
INE0SJA01013,544521,234.85
INE08PH01015,544522,420.49
INE056801025,544523,1199.38
INE14VP01014,544524,414.15
INE1AG301022,544525,2326.31
INE13B501022,544526,5151.57
INE0Z4F01028,544527,13190.08
INE652V01016,544528,603.77
INE15XJ01010,544529,618.77
INE549H01021,544530,3285.44
INE1LDV01015,544531,360.82
INE0TY101024,544532,1091.21
INE04VU01023,544533,5919.67
INE00YJ01010,544534,907.41
INE0QMV01017,544535,243.06
INE658T01017,544536,958.95
INE0YD401026,544537,9727.97
INE0TI501017,544538,250.74
INE1IIQ01028,544539,16.27
INE0MLS01022,544540,2439.8
INE1KLZ01011,544541,637.67
INE0W5Q01017,544542,143.28
INE965W01036,544543,441.55
INE0SRP01014,544544,249.65
INE0MWH01014,544545,3809.56
INE1B4801017,544546,46.69
INE1FF001016,544547,365.32
INE0SIK01014,544548,76.97
INE1A8F01035,544549,178.8
INE0S3G01027,544550,3616.59
INE18PB01017,544551,333.77
INE0S5T01017,544552,122.44
INE1PJP01015,544553,114.03
INE163701019,544554,159.35
INE14QA01016,544555,306.93
INE0SPJ01011,544556,12.44
INE0TQE01026,544557,540.28
INE0HF201011,544558,635.42
INE0R8Q01018,544559,22.72
INE0QU501030,544560,56.01
INE12P101018,544561,60.28
INE1B0W01010,544562,752.79
INE1B3501014,544563,2233.55
INE1BZC01019,544564,326.08
INE0QP701017,544565,76.55
INE10CM01027,544566,53.01
INE16XA01017,544567,298.22
INE0SUM01015,544568,134.88
INE1TAE01010,544569,152946.24
INE085001019,544570,9151.55
INE0SLP01017,544571,120.77
INE2J8701016,544572,13512.14
INE976I01016,544574,135602.34
INE833Q01012,544575,29.57
INE324D01010,544576,116714.91
INE196Y01018,544577,225.32
INE506V01022,544578,27051.22
INE218I01013,544580,4317.39
INF740KA1WU9,544581,
INE1EUB01016,544582,62.3
INE01TY01017,544583,13665.75
INE13YH01017,544584,572.22
INE0SFA01011,544585,31.96
INF0R8F01166,544586,
INE0XAD01024,544587,3256.28
INF200K30015,544588,
INF200K30023,544589,
INF200K30031,544590,
INF200K30049,544591,
INF200K30056,544592,
INF200K30064,544593,
INE1GUJ01014,544594,175.26
INE16NZ01023,544595,7350.16
INE0SVZ01015,544596,24.98
INE202B01038,544597,47903.44
INE648Z01023,544598,63.24
INE00Q601028,544599,1569.02
INE956O01016,544600,120264.32
INE1YPB01014,544602,1240.27
INE0HOQ01053,544603,113050.21
INF769K01PR2,544604,
INF769K01PQ4,544605,
INE15B701018,544606,19347.82
INE0D8001018,544607,92.8
INE1C6T01020,544608,21199.6
INE0LP301011,544609,34903.68
INE1I1301016,544610,479.87
INE0U9D01019,544611,412.16
INE19RI01016,544612,19962.27
INE12UR01024,544613,12351.26
INE0ILV01024,544614,4419.56
INE1SPP01016,544615,71.31
INE0BUQ01012,544616,155.9
INE606N01019,544617,902.84
INF754K01VY8,544618,
INE0QPI01025,544619,13556.09
INF740KA1WV7,544620,
INE1U2R01013,544621,51.12
INE2KCE01013,544622,9024.78
INE0UH001016,544623,190.66
INE0EOJ01014,544624,20.67
INE1BA901016,544625,21.66
INE1E4401010,544626,629.74
INE0VDK01019,544627,316.54
INE0RUY01012,544628,12.32
INE0W4D01018,544629,69.28
INE1FJE01010,544630,40.82
INE985W01018,544631,1620.0
INE0VDM01015,544632,101198.58
INE14UN01029,544633,1934.01
INE947N01017,544634,18436.6
INE1CJB01013,544635,59.95
INE1MF401019,544636,11.09
INE0QZR01017,544637,129.13
INE1DKT01011,544640,24.62
INE1IE301018,544641,167.64
INE0E7301029,544642,4641.37
INE10XK01019,544643,107.16
INE02ZQ01018,544644,12415.19
INE119201023,544645,11683.73
INE0O9L01010,544646,47.4
INE428V01029,544647,6506.67
INE1FHV01026,544648,55.41
INF277K30047,544649,
INF277K30054,544650,
INF277K30013,544651,
INF277K30039,544652,
INF277K30021,544653,
INF740KA1WX3,544654,
INF740KA1WW5,544655,
INE1E1V01017,544656,505.19
INE14LM01012,544657,509.53
INE346A01027,544658,152795.08
INE16QA01011,544659,29.26
INF769K01PZ5,544660,
INF769K01PY8,544661,
INE0VI201010,544662,43.39
INE1NQ501012,544663,46.58
INE987S01020,544664,6966.3
INE1ITY01011,544665,143.66
INE0V0W01025,544666,1531.14
INE1F9M01018,544667,150.63
INE0YJA01011,544668,170.86
INE0XLO01010,544669,338.54
INE1IJQ01026,544670,618.59
INE0X4A01013,544671,120.46
INE1HK501016,544673,108.56
INF740KA1XU7,544674,
INE1H1501013,544675,176.07
INE0CNJ01010,544676,81.66
INE0ZE201010,544677,49.11
INE05XR01022,544678,14776.66
INE121R01077,544679,12182.18
INE0S1B01014,544680,93.21
INE0WKY01013,544681,1154.65
INE0U8P01015,544682,332.91
INE1D8001016,544683,26.48
INE1OOT01028,544684,589.01
INE12UN01015,544685,16027.91
INE0UCL01011,544686,51.9
INE0JVH01012,544687,231.07
INE0T1301023,544688,68.61
INF194K30010,544689,
INF194K30051,544690,
INF194K30184,544691,
INF194K30242,544692,
INE163401016,544693,34.8
INE1KVQ01019,544694,220.82
INE2B5L01011,544695,540.19
INF109K30018,544696,
INF109K30026,544697,
INE1N9E01015,544698,31.4
INE501X01029,544699,4027.58
INE212S01015,544700,12629.07
INF769K01QA6,544701,
INE0OU201013,544702,696.37
INE0OFM01015,544703,242.71
INF769K01QB4,544704,
INF769K01QC2,544705,
INF209KC1662,544706,
INE1W3Q01011,544707,167.57
INE1O6P01016,544708,121.63
INE0P8B01020,544709,798.84
INE132201018,544710,165.66
INE1C3F01018,544711,52.87
INE19GK01015,544716,147.59
INE647U01026,544717,15281.2
INE1RDG01013,544718,1594.9
INF209KC1670,544719,
INE0UH301010,544720,7526.31
INF666M01OD9,544721,
INF200KB1AJ0,544722,
INE00XB01019,544723,15149.8
INE1FEW01013,544724,168.84
INF740KA1YH2,544725,
INE0J0B01017,544726,320.67
INE313L01016,544731,1456.58
INE0ADB01012,544732,607.12
INE713R01022,544733,2114.28
INE1TFS01019,544735,340.16
INF769K01QV2,544737,
INE0R0M01014,544738,137.5
INE05HV01027,544739,14601.3
INE1U6D01014,544740,656.15
INE1KI801019,544741,130.1
INE0H9F01037,544742,2310.13
INE05TO01019,544743,2157.5
INE921L01032,544744,7475.42
INF200KB1AK8,544745,
INE0UMH01018,544746,141.51
INE1OSW01015,544747,108.84
INE840Y01029,544748,1954.15
INF194K30259,544749,
INE25E901019,544750,542.44
INE1K0V01011,544751,139.06
INE12F801023,544754,6594.42
INE2B6701015,544755,479.0
INE368U01029,544756,1072.3
INE032Z01020,544757,891.97
INE1CLW01015,544759,29.73
INF740KA1ZA4,544760,
INF754K01XF3,544761,
INF200KB1AX1,544762,
INF200KB1AY9,544763,
INE0JYY01029,544764,1274.75
INE1L3801017,544765,395.34
INF579M01BP5,544766,
INE18HI01019,544767,138.94
INE0YD301010,544768,48.93
INE1UYW01010,544769,59.1
INE1T6L01010,544770,136.36
INE1GM501015,544771,26.04
INE1KVL01010,544772,64.34
INE1RQS01010,544773,755.61
INE11XK01017,544774,173.57
INF109K30059,544775,
INF109K30067,544776,
INE00WV01027,544777,4899.18
INE0H3U01013,544778,39.87
INE0YZ901011,544779,23.33
INE1CDF01017,544780,157529.98
INE694L01019,544781,12826.07
INE704J01044,544782,12513.24
INE255Z01027,544783,13323.69
INE1CLE01013,544784,12231.69
INE0JUI01012,544785,865.22
INE155D01018,544786,2482.4
INF769K30019,544787,
INF769K30027,544788,
INF769K30035,544789,
INF769K30043,544790,
INF769K30050,544791,
INF769K30068,544792,
INE2L0V01019,544793,630.15
INE1SEO01013,544794,265.41
INF109K1A476,544795,
INE0TKX01011,544796,46.79
INE0X6O01027,544797,303.43
INE1OSI01014,544798,106.53
INE0OC301013,544799,2055.17
INE1O7201010,544800,52.58
INE1TUG01013,544801,4290.84
INE0LZF01039,544802,7297.37
INE1SJO01012,544803,1326.43
INE0KYI01012,544804,108.52
INE0V3T01017,544805,36.3
INE0ZK601013,544806,486.05
INE0RBX01014,544807,129.26
INE2FMX01012,544808,287.28
INE1SME01017,544809,206.72
INE147701010,544810,135.46
INE1L0M01019,544811,192.04
INE226801012,544812,213.32
INE1EVO01017,544813,27.42
INE17QZ01016,544814,2214.81
INF174K30012,544815,
INF174K30038,544817,
INF174K30046,544818,
INF174K30053,544819,
INF174K30061,544820,
INE0ISX01025,544821,6219.16
INE17IR01028,544822,3690.28
INE2KRP01017,544823,458.6
INE1JCQ01037,544825,178.61
INE1SRC01010,544826,2000.16
INF0QA701CI0,544827,
INE640G01020,544829,101943.22
INF769K01RC0,544830,
INE208H01016,544831,409.33
INE12Z301012,544832,470.26
INE11XY01018,544833,3415.56
INE1WDC01012,544834,20.23
INE1N3Y01016,544835,49.52
INE084101034,544837,62927.64
INE0NG701011,544838,1423.48
INE0QJW01029,544839,5832.94
INE1EJ401023,544840,292.53
INF179KC1KT4,544842,
INE13ZJ01010,544843,65.84
INE288301026,544844,1562.39
INF109K1A567,544845,
INF754K01XI7,544846,
INE459N01021,544847,91517.37
INE17DP01015,544848,143.09
INF754K01XH9,544849,
INE754X01016,544850,202.55
INE0OWZ01020,544851,2284.93
INE0UR501013,544852,142.18
INE05C901015,544853,15360.11
INE1HX301016,544854,163.06
INE13LA01027,544855,29.68
INE1LMA01010,544856,153.73
INF740KA1ZH9,544857,
INE0WR901013,544858,104.85
INE1ZGR01024,544859,145.73
INE0XNF01022,544860,1541.96
INE0GMR01016,544861,1003.76
INE880Y01017,544862,723.87
INE0X9I01023,544863,127.43
INE1D0W01018,544864,1882.48
INE00GO01025,544865,6028.74
INE869T01028,544866,17460.01
INE01NH01023,544867,29520.38
INE00IT01020,544868,23645.74
INE0Z9N01013,544869,91.98
INE1EEM01017,544870,1980.81
INE0FOO01011,544871,8720.02
INE13G401012,544872,24.06
INF22M001184,544873,
INF769K01RK3,544874,
INE23ER01017,544876,137.58
INE19QK01022,544877,715.75
INF205KA1CA1,544878,
INE0K9O01026,544879,21747.52
INE685T01010,544880,14019.56
INE1B3O01011,544881,1409.79
INE1WFC01025,544882,1293.73
INE2F5H01015,544883,26.2
INE0VWO01011,544884,41.42
INE18UN01038,544885,1907.87
INE1KZI01025,544886,4237.32
INF789F1AG76,544887,
INE16W401027,544888,10997.26
INE899I01028,544889,7706.24
INE0PX301025,544890,1604.59
INE0LEG01024,544891,693.47
INF846KA1598,544892,
INE103001017,544893,308.21
INE185Q01025,544894,2938.94
INE1SFA01019,544895,383.28
INE0LHB01010,544897,93.08
INE0DRI01029,544898,16781.09
INE15EH01014,544899,521.82
INE2K6801014,544900,417.37
INE0I1B01016,544901,4308.89
INE24YP01017,544902,49.15
INE1M2N01020,544903,1848.47
INE2J7801015,544904,55.83
INE0W2E01010,544905,85.16
INE1FCO01014,544906,474.26
INE0IBX01013,544907,50.7
INE0JHH01011,544908,155.28
INE0H4201019,544909,1098.75
INE1ET101019,544910,45.91
INE877D01025,544911,7165.22
INE455U01024,544912,4821.38
INE644Q01039,544913,2380.85
INE0FRO01022,544914,2938.2
INE08T701025,544915,5472.8
INE241U01028,544916,9331.29
INE590T01012,544917,13228.53
INE1FPN01026,544918,4394.31
INE1YC401018,544919,163.0
INE0RMA01019,544920,106.48
INE148G01016,544921,4546.94
INE2D0Q01027,544922,303.01
INE1JTV01015,544923,689.57
INE1S7M01017,544924,570.81
INE0SVD01012,544925,421.05
INE0VXN01011,544926,68.13
INF789F1AH42,544927,6.2
INE16VF01010,544928,61.07
INE0KWF01020,544929,490.16
INE1JJF01019,544930,202.18
INE1G7R01010,544931,123.65
INE0OAB01019,544932,113.49
INE05UY01016,544933,91.29
INE1EQW01028,544934,5327.69
INE1DLO01028,544935,874.8
INE012G01022,544936,7621.74
INE721I01024,544937,430971.75
INE0LLZ01011,544938,524.87
INE1JJP01018,544939,96.01
INE1W8R01018,544940,240.1
INE1D0M01019,544941,173.18
INE0M5301040,544942,3024.04
INE1OTR01013,544943,107.97
INE0XDX01018,544944,86.18
INE147X01013,544945,5792.41
INE0CJT01025,544946,107.98
INE2MKZ01017,544947,92.96
INE0WOK01014,544948,137.16
INE1QJA01015,544949,737.34
INE505M01015,544950,1057.25
INE0TWE01016,544951,866.43
INE0OTC01025,544952,3220.69
INE0PTN01011,544953,9510.53
INE2BTZ01011,544954,127.85
INE0SR101016,544955,180.86
INF346A01034,555555,464.88
IN9623B01058,570002,8.11
IN9175A01010,570004,36.43
INE224E01036,570005,8.91
INE036D01028,590003,31211.43
INE484C01030,590005,2364.09
INE098F01031,590006,1501.87
INE445C01015,590013,2667.17
INE598C01011,590018,82.16
INE838B01021,590021,1659.95
INE962C01035,590022,34.0
INE188A01015,590024,47605.09
INE424C01010,590025,348.6
INE147A01011,590030,1269.29
INE244A01016,590031,387.37
INE641C01019,590041,155.06
INE667G01023,590051,1736.88
INE498E01010,590056,139.66
INE217G01035,590057,232.89
INE715B01021,590062,1234.46
INE547E01014,590065,1260.73
INE805C01028,590066,1975.07
INE731C01018,590068,73.15
INE874F01027,590070,11.88
INE660A01013,590071,48876.25
INE073D01013,590072,258.88
INE715A01015,590073,5485.33
INE112F01022,590075,112.91
INE683C01011,590078,2704.17
INE725E01024,590086,2130.75
INF204KB14I2,590103,121.55
INF732E01045,590104,408.53
INF204KB15I9,590106,93.65
INF174KA1A86,590107,12.54
INF204KB16I7,590108,75.55
INF732E01128,590109,4.37
INF082J01499,590110,0.62
INF204KB19I1,590113,20.07
INF247L01536,590115,1204.91
INE414A01015,590134,921.5
INF174KA1ZB7,590136,
INF200KA1580,590137,
INF200KA1FS1,590138,
INF204KB15V2,590141,
INF204KC1089,590142,
INF204KB1V68,590144,
INF247L01CH6,590148,
INF247L01EV3,590149,
INF247L01CI4,590150,
INF247L01DK8,590151,
INF247L01DJ0,590152,
INF247L01BU1,590153,
INF174KA1IA5,590154,
INF666M01IO8,590157,
INF666M01JJ6,590158,
INF277K015R5,590160,
IN9641R03011,710058,
INE680A20011,750942,
INE007C20013,751142,
INE281A20018,751143,
INE560D20027,751144,
INE888Q01016,780014,
INE562Q01017,780016,
INE067R01015,780018,
IN9273A01047,890217,59.23
IN9170U01035,890226,73.62
IN90NN701011,890228,35.26
IN9161F01019,890231,20.52
IN9316D01014,890234,6.07
IN9736H01014,890238,34.81
IN9273F01038,890239,23.35
IN9903A01015,890240,318.96
